prefill_chunk,kv_prefill,n_decode,kv_decode,time_us
0,0,1,16,12.512
0,0,1,32,12.4583
0,0,1,64,12.6407
0,0,1,128,17.9527
0,0,1,256,18.3897
0,0,1,512,19.488
0,0,1,1024,25.836
0,0,1,2048,32.758
0,0,1,4096,48.3213
0,0,1,8192,71.0833
0,0,1,16384,120.172
0,0,2,16,18.326
0,0,2,32,18.294
0,0,2,64,18.538
0,0,2,128,22.2293
0,0,2,256,23.0723
0,0,2,512,29.3977
0,0,2,1024,37.8247
0,0,2,2048,50.8273
0,0,2,4096,79.9477
0,0,2,8192,122.412
0,0,2,16384,214.169
0,0,4,16,18.3683
0,0,4,32,18.613
0,0,4,64,18.9867
0,0,4,128,23.0407
0,0,4,256,29.6117
0,0,4,512,37.8247
0,0,4,1024,49.3873
0,0,4,2048,73.1313
0,0,4,4096,121.015
0,0,4,8192,217.324
0,0,4,16384,407.215
0,0,8,16,19.019
0,0,8,32,19.542
0,0,8,64,20.353
0,0,8,128,30.1867
0,0,8,256,39.008
0,0,8,512,49.8357
0,0,8,1024,74.2727
0,0,8,2048,120.609
0,0,8,4096,215.971
0,0,8,8192,402.853
0,0,8,16384,779.412
0,0,16,16,25.387
0,0,16,32,26.0593
0,0,16,64,27.3597
0,0,16,128,36.289
0,0,16,256,50.699
0,0,16,512,74.9887
0,0,16,1024,121.581
0,0,16,2048,215.864
0,0,16,4096,405.136
0,0,16,8192,780.863
0,0,16,16384,1534.13
0,0,32,16,37.3663
0,0,32,32,38.262
0,0,32,64,41.3447
0,0,32,128,57.5797
0,0,32,256,81.9427
0,0,32,512,130.968
0,0,32,1024,223.298
0,0,32,2048,411.824
0,0,32,4096,791.477
0,0,32,8192,1541.89
0,0,32,16384,3061.78
0,0,64,16,60.8117
0,0,64,32,63.2443
0,0,64,64,66.4217
0,0,64,128,96.46
0,0,64,256,143.746
0,0,64,512,234.723
0,0,64,1024,423.013
0,0,64,2048,802.335
0,0,64,4096,1566.95
0,0,64,8192,3115.84
0,0,64,16384,6117.21
0,0,128,16,111.661
0,0,128,32,113.782
0,0,128,64,118.37
0,0,128,128,178.85
0,0,128,256,255.619
0,0,128,512,442.843
0,0,128,1024,815.435
0,0,128,2048,1569.44
0,0,128,4096,3091.22
0,0,128,8192,6121.17
0,0,128,16384,12142.9
0,0,256,16,209.571
0,0,256,32,213.976
0,0,256,64,224.718
0,0,256,128,339.642
0,0,256,256,486.748
0,0,256,512,849.27
0,0,256,1024,1592.04
0,0,256,2048,3102.05
0,0,256,4096,6118.28
0,0,256,8192,12175.5
0,0,256,16384,24261.8
16,0,0,0,12.801
16,0,1,16,13.2693
16,0,1,32,13.1733
16,0,1,64,13.152
16,0,1,128,15.9893
16,0,1,256,19.8403
16,0,1,512,27.5313
16,0,1,1024,43.2753
16,0,1,2048,75.1683
16,0,1,4096,136.482
16,0,1,8192,259.374
16,0,1,16384,505.021
16,0,2,16,18.7413
16,0,2,32,18.7627
16,0,2,64,19.0617
16,0,2,128,24.4483
16,0,2,256,32.1173
16,0,2,512,47.0083
16,0,2,1024,64.737
16,0,2,2048,95.5107
16,0,2,4096,153.848
16,0,2,8192,270.5
16,0,2,16384,504.572
16,0,4,16,24.4917
16,0,4,32,24.598
16,0,4,64,24.961
16,0,4,128,33.7707
16,0,4,256,45.0353
16,0,4,512,66.0277
16,0,4,1024,95.575
16,0,4,2048,154.018
16,0,4,4096,268.772
16,0,4,8192,506.578
16,0,4,16384,980.931
16,0,8,16,35.9687
16,0,8,32,36.321
16,0,8,64,36.928
16,0,8,128,52.64
16,0,8,256,71.639
16,0,8,512,102.466
16,0,8,1024,161.709
16,0,8,2048,278.596
16,0,8,4096,515.933
16,0,8,8192,989.966
16,0,8,16384,1968.14
16,0,16,16,58.636
16,0,16,32,59.9473
16,0,16,64,61.0677
16,0,16,128,89.196
16,0,16,256,121.516
16,0,16,512,180.323
16,0,16,1024,296.484
16,0,16,2048,534.61
16,0,16,4096,1008.74
16,0,16,8192,2005.85
16,0,16,16384,4443.57
16,0,32,16,102.786
16,0,32,32,105.089
16,0,32,64,107.543
16,0,32,128,161.677
16,0,32,256,221.934
16,0,32,512,340.378
16,0,32,1024,585.214
16,0,32,2048,1095.19
16,0,32,4096,2468.04
16,0,32,8192,5447.86
16,0,32,16384,10993.5
16,0,64,16,189.112
16,0,64,32,194.019
16,0,64,64,196.974
16,0,64,128,308.143
16,0,64,256,463.101
16,0,64,512,821.463
16,0,64,1024,1560.24
16,0,64,2048,3067.07
16,0,64,4096,6094.97
16,0,64,8192,12148.5
16,0,64,16384,24258.1
16,0,128,16,339.728
16,0,128,32,348.069
16,0,128,64,380.454
16,0,128,128,623.924
16,0,128,256,902.542
16,0,128,512,1601.56
16,0,128,1024,3081.9
16,0,128,2048,6088.6
16,0,128,4096,12135.9
16,0,128,8192,24187.2
16,0,128,16384,48349.4
16,16,0,0,11.787
16,16,1,16,11.8827
16,16,1,32,12.139
16,16,1,64,12.1177
16,16,1,128,14.0167
16,16,1,256,17.483
16,16,1,512,27.563
16,16,1,1024,43.393
16,16,1,2048,75.4787
16,16,1,4096,137.047
16,16,1,8192,260.409
16,16,1,16384,507.09
16,16,2,16,19.0293
16,16,2,32,19.232
16,16,2,64,19.467
16,16,2,128,24.4593
16,16,2,256,32.033
16,16,2,512,47.201
16,16,2,1024,66.3797
16,16,2,2048,96.29
16,16,2,4096,155
16,16,2,8192,270.937
16,16,2,16384,502.909
16,16,4,16,24.6403
16,16,4,32,25.0037
16,16,4,64,25.5253
16,16,4,128,33.8453
16,16,4,256,45.3237
16,16,4,512,66.0807
16,16,4,1024,96.5243
16,16,4,2048,154.584
16,16,4,4096,269.242
16,16,4,8192,504.968
16,16,4,16384,980.945
16,16,8,16,36.1283
16,16,8,32,36.9177
16,16,8,64,37.4837
16,16,8,128,52.6833
16,16,8,256,71.6393
16,16,8,512,102.615
16,16,8,1024,161.944
16,16,8,2048,281.05
16,16,8,4096,517.588
16,16,8,8192,988.838
16,16,8,16384,1969.35
16,16,16,16,58.8273
16,16,16,32,60.3317
16,16,16,64,61.3663
16,16,16,128,88.9187
16,16,16,256,122.424
16,16,16,512,181.187
16,16,16,1024,297.371
16,16,16,2048,533.374
16,16,16,4096,1007.95
16,16,16,8192,2023.53
16,16,16,16384,4497.82
16,16,32,16,102.86
16,16,32,32,105.399
16,16,32,64,107.564
16,16,32,128,162.04
16,16,32,256,222.35
16,16,32,512,341.648
16,16,32,1024,587.348
16,16,32,2048,1096.75
16,16,32,4096,2506.7
16,16,32,8192,5516.49
16,16,32,16384,10986.3
16,16,64,16,189.518
16,16,64,32,194.456
16,16,64,64,197.303
16,16,64,128,308.037
16,16,64,256,463.25
16,16,64,512,815.672
16,16,64,1024,1560.07
16,16,64,2048,3071.97
16,16,64,4096,6095.57
16,16,64,8192,12189.5
16,16,64,16384,24268
16,16,128,16,324.176
16,16,128,32,332.07
16,16,128,64,380.87
16,16,128,128,622.944
16,16,128,256,902.095
16,16,128,512,1597
16,16,128,1024,3082.73
16,16,128,2048,6100.08
16,16,128,4096,12132
16,16,128,8192,24247.4
16,16,128,16384,48370.6
16,32,0,0,11.8617
16,32,1,16,11.872
16,32,1,32,12.0537
16,32,1,64,12.288
16,32,1,128,14.1117
16,32,1,256,17.462
16,32,1,512,27.574
16,32,1,1024,43.2863
16,32,1,2048,75.3183
16,32,1,4096,136.643
16,32,1,8192,259.887
16,32,1,16384,505.759
16,32,2,16,19.1147
16,32,2,32,19.3063
16,32,2,64,19.6053
16,32,2,128,24.545
16,32,2,256,32.0753
16,32,2,512,46.7957
16,32,2,1024,66.3797
16,32,2,2048,96.4177
16,32,2,4096,155.48
16,32,2,8192,271.472
16,32,2,16384,504.947
16,32,4,16,24.7687
16,32,4,32,25.153
16,32,4,64,25.6433
16,32,4,128,33.8137
16,32,4,256,45.2807
16,32,4,512,66.4123
16,32,4,1024,95.959
16,32,4,2048,155.48
16,32,4,4096,270.714
16,32,4,8192,503.87
16,32,4,16384,978.523
16,32,8,16,36.2033
16,32,8,32,36.8543
16,32,8,64,37.643
16,32,8,128,52.6303
16,32,8,256,71.5533
16,32,8,512,102.498
16,32,8,1024,162.136
16,32,8,2048,281.317
16,32,8,4096,517.001
16,32,8,8192,989.915
16,32,8,16384,1968.74
16,32,16,16,58.956
16,32,16,32,60.0863
16,32,16,64,61.3023
16,32,16,128,89.4307
16,32,16,256,122.488
16,32,16,512,181.656
16,32,16,1024,299.003
16,32,16,2048,535.081
16,32,16,4096,1008.21
16,32,16,8192,1989.41
16,32,16,16384,4356.12
16,32,32,16,103.021
16,32,32,32,105.42
16,32,32,64,107.64
16,32,32,128,162.008
16,32,32,256,222.767
16,32,32,512,341.115
16,32,32,1024,584.65
16,32,32,2048,1098.13
16,32,32,4096,2492.82
16,32,32,8192,5406.68
16,32,32,16384,10928.1
16,32,64,16,189.358
16,32,64,32,194.585
16,32,64,64,197.71
16,32,64,128,308.24
16,32,64,256,462.6
16,32,64,512,813.487
16,32,64,1024,1559.44
16,32,64,2048,3076.38
16,32,64,4096,6096.35
16,32,64,8192,12197.4
16,32,64,16384,24273.3
16,32,128,16,324.859
16,32,128,32,332.081
16,32,128,64,380.829
16,32,128,128,624.481
16,32,128,256,902.907
16,32,128,512,1598.03
16,32,128,1024,3083.82
16,32,128,2048,6097.99
16,32,128,4096,12139.2
16,32,128,8192,24228.1
16,32,128,16384,48347.1
16,64,0,0,11.9257
16,64,1,16,11.9897
16,64,1,32,12.0213
16,64,1,64,12.1393
16,64,1,128,14.027
16,64,1,256,17.4403
16,64,1,512,27.5423
16,64,1,1024,43.2753
16,64,1,2048,75.1693
16,64,1,4096,136.578
16,64,1,8192,259.812
16,64,1,16384,505.78
16,64,2,16,19.328
16,64,2,32,19.456
16,64,2,64,19.6803
16,64,2,128,24.5127
16,64,2,256,32.0863
16,64,2,512,46.486
16,64,2,1024,66.476
16,64,2,2048,96.2683
16,64,2,4096,154.798
16,64,2,8192,271.664
16,64,2,16384,506.878
16,64,4,16,24.886
16,64,4,32,25.2167
16,64,4,64,25.6747
16,64,4,128,33.8143
16,64,4,256,45.3877
16,64,4,512,66.3583
16,64,4,1024,95.543
16,64,4,2048,154.648
16,64,4,4096,271.834
16,64,4,8192,506.921
16,64,4,16384,980.752
16,64,8,16,36.3203
16,64,8,32,36.8863
16,64,8,64,37.7603
16,64,8,128,52.5877
16,64,8,256,71.7773
16,64,8,512,102.797
16,64,8,1024,161.965
16,64,8,2048,281.061
16,64,8,4096,515.583
16,64,8,8192,992.318
16,64,8,16384,1968.3
16,64,16,16,59.0197
16,64,16,32,60.2893
16,64,16,64,61.5157
16,64,16,128,89.4093
16,64,16,256,122.765
16,64,16,512,181.785
16,64,16,1024,299.354
16,64,16,2048,536.586
16,64,16,4096,1008.71
16,64,16,8192,1988.45
16,64,16,16384,4585.17
16,64,32,16,102.903
16,64,32,32,105.527
16,64,32,64,107.565
16,64,32,128,161.859
16,64,32,256,223.129
16,64,32,512,340.817
16,64,32,1024,585.024
16,64,32,2048,1114.97
16,64,32,4096,2511.92
16,64,32,8192,5422.71
16,64,32,16384,10780.6
16,64,64,16,189.743
16,64,64,32,194.83
16,64,64,64,197.967
16,64,64,128,308.059
16,64,64,256,460.318
16,64,64,512,815.877
16,64,64,1024,1561.1
16,64,64,2048,3076.36
16,64,64,4096,6098.72
16,64,64,8192,12187.1
16,64,64,16384,24260.9
16,64,128,16,324.955
16,64,128,32,332.603
16,64,128,64,382.524
16,64,128,128,622.7
16,64,128,256,903.399
16,64,128,512,1593.56
16,64,128,1024,3084.93
16,64,128,2048,6098.91
16,64,128,4096,12141.8
16,64,128,8192,24243.2
16,64,128,16384,48370.8
16,128,0,0,15.0507
16,128,1,16,14.3573
16,128,1,32,14.2937
16,128,1,64,14.3047
16,128,1,128,15.1787
16,128,1,256,19.8407
16,128,1,512,27.7447
16,128,1,1024,43.3717
16,128,1,2048,75.266
16,128,1,4096,136.781
16,128,1,8192,259.888
16,128,1,16384,505.738
16,128,2,16,22.902
16,128,2,32,23.083
16,128,2,64,23.2003
16,128,2,128,26.475
16,128,2,256,32.1813
16,128,2,512,47.5103
16,128,2,1024,76.4497
16,128,2,2048,110.701
16,128,2,4096,169.496
16,128,2,8192,285.648
16,128,2,16384,519.636
16,128,4,16,28.6297
16,128,4,32,28.9393
16,128,4,64,29.2913
16,128,4,128,35.9577
16,128,4,256,45.2917
16,128,4,512,67.564
16,128,4,1024,106.818
16,128,4,2048,163.747
16,128,4,4096,281.915
16,128,4,8192,513.205
16,128,4,16384,982.943
16,128,8,16,39.798
16,128,8,32,40.428
16,128,8,64,41.0037
16,128,8,128,54.593
16,128,8,256,71.532
16,128,8,512,107.831
16,128,8,1024,169.081
16,128,8,2048,287.44
16,128,8,4096,524.341
16,128,8,8192,994.099
16,128,8,16384,1961.69
16,128,16,16,61.8677
16,128,16,32,63.1583
16,128,16,64,64.2787
16,128,16,128,91.6397
16,128,16,256,122.872
16,128,16,512,187.438
16,128,16,1024,307.419
16,128,16,2048,540.298
16,128,16,4096,1011.97
16,128,16,8192,2019.51
16,128,16,16384,4347.92
16,128,32,16,104.898
16,128,32,32,107.372
16,128,32,64,109.389
16,128,32,128,164.462
16,128,32,256,224.921
16,128,32,512,350.94
16,128,32,1024,593.164
16,128,32,2048,1107.76
16,128,32,4096,2534.59
16,128,32,8192,5401.97
16,128,32,16384,10805.6
16,128,64,16,191.055
16,128,64,32,196.206
16,128,64,64,200.132
16,128,64,128,311.537
16,128,64,256,464.137
16,128,64,512,807.141
16,128,64,1024,1562.72
16,128,64,2048,3074.8
16,128,64,4096,6096.53
16,128,64,8192,12178.8
16,128,64,16384,24261.5
16,128,128,16,368.626
16,128,128,32,377.949
16,128,128,64,386.728
16,128,128,128,627.202
16,128,128,256,905.138
16,128,128,512,1595.51
16,128,128,1024,3088.18
16,128,128,2048,6104.54
16,128,128,4096,12127.8
16,128,128,8192,24226.3
16,128,128,16384,48375.1
16,256,0,0,18.379
16,256,1,16,17.7493
16,256,1,32,17.697
16,256,1,64,17.8457
16,256,1,128,17.8247
16,256,1,256,20.9067
16,256,1,512,27.8303
16,256,1,1024,43.4567
16,256,1,2048,75.394
16,256,1,4096,136.729
16,256,1,8192,259.77
16,256,1,16384,505.855
16,256,2,16,26.7633
16,256,2,32,26.87
16,256,2,64,27.0403
16,256,2,128,30.6463
16,256,2,256,34.4117
16,256,2,512,47.446
16,256,2,1024,77.0893
16,256,2,2048,124.344
16,256,2,4096,183.865
16,256,2,8192,302.139
16,256,2,16384,536.704
16,256,4,16,32.523
16,256,4,32,32.63
16,256,4,64,32.8963
16,256,4,128,39.9373
16,256,4,256,47.6597
16,256,4,512,67.5003
16,256,4,1024,110.371
16,256,4,2048,176.366
16,256,4,4096,287.813
16,256,4,8192,516.501
16,256,4,16384,991.935
16,256,8,16,43.649
16,256,8,32,44.492
16,256,8,64,44.8543
16,256,8,128,58.4437
16,256,8,256,73.9647
16,256,8,512,108.312
16,256,8,1024,176.323
16,256,8,2048,293.788
16,256,8,4096,529.046
16,256,8,8192,1003.85
16,256,8,16384,1982
16,256,16,16,66.337
16,256,16,32,67.564
16,256,16,64,68.471
16,256,16,128,94.8497
16,256,16,256,125.528
16,256,16,512,187.652
16,256,16,1024,313.884
16,256,16,2048,545.803
16,256,16,4096,1016.41
16,256,16,8192,1983.75
16,256,16,16384,4381.06
16,256,32,16,109.645
16,256,32,32,112.119
16,256,32,64,114.317
16,256,32,128,166.702
16,256,32,256,228.079
16,256,32,512,359.73
16,256,32,1024,603.201
16,256,32,2048,1141.29
16,256,32,4096,2498.18
16,256,32,8192,5400.58
16,256,32,16384,10855.2
16,256,64,16,195.065
16,256,64,32,199.417
16,256,64,64,203.545
16,256,64,128,314.641
16,256,64,256,474.772
16,256,64,512,809.915
16,256,64,1024,1563.75
16,256,64,2048,3078.86
16,256,64,4096,6101.77
16,256,64,8192,12189.7
16,256,64,16384,24267.5
16,256,128,16,370.867
16,256,128,32,379.656
16,256,128,64,388.904
16,256,128,128,630.648
16,256,128,256,908.946
16,256,128,512,1593.18
16,256,128,1024,3087.9
16,256,128,2048,6101.47
16,256,128,4096,12143
16,256,128,8192,24246.9
16,256,128,16384,48365.1
16,512,0,0,25.0887
16,512,1,16,26.8807
16,512,1,32,27.9897
16,512,1,64,28.0007
16,512,1,128,27.947
16,512,1,256,28.1817
16,512,1,512,28.843
16,512,1,1024,43.5853
16,512,1,2048,75.319
16,512,1,4096,136.504
16,512,1,8192,259.279
16,512,1,16384,505.184
16,512,2,16,34.1123
16,512,2,32,34.1553
16,512,2,64,34.4117
16,512,2,128,37.963
16,512,2,256,42.1983
16,512,2,512,49.4197
16,512,2,1024,77.4957
16,512,2,2048,135.298
16,512,2,4096,213.263
16,512,2,8192,335.217
16,512,2,16384,578.978
16,512,4,16,39.6487
16,512,4,32,39.99
16,512,4,64,40.321
16,512,4,128,47.4677
16,512,4,256,55.0417
16,512,4,512,69.601
16,512,4,1024,110.936
16,512,4,2048,197.285
16,512,4,4096,314.844
16,512,4,8192,537.92
16,512,4,16384,1021.31
16,512,8,16,55.4253
16,512,8,32,56.1193
16,512,8,64,56.6517
16,512,8,128,65.8257
16,512,8,256,80.8977
16,512,8,512,109.943
16,512,8,1024,180.1
16,512,8,2048,308.113
16,512,8,4096,548.683
16,512,8,8192,1032.05
16,512,8,16384,2015.12
16,512,16,16,77.409
16,512,16,32,78.5717
16,512,16,64,79.7887
16,512,16,128,103.021
16,512,16,256,131.842
16,512,16,512,190.223
16,512,16,1024,319.771
16,512,16,2048,571.552
16,512,16,4096,1048.83
16,512,16,8192,2056.25
16,512,16,16384,4565.18
16,512,32,16,119.853
16,512,32,32,121.752
16,512,32,64,123.607
16,512,32,128,174.852
16,512,32,256,233.156
16,512,32,512,371.399
16,512,32,1024,663.181
16,512,32,2048,1222.01
16,512,32,4096,2488.81
16,512,32,8192,5407.73
16,512,32,16384,10851.4
16,512,64,16,204.485
16,512,64,32,209.093
16,512,64,64,212.633
16,512,64,128,320.262
16,512,64,256,472.852
16,512,64,512,821.052
16,512,64,1024,1570.41
16,512,64,2048,3082.47
16,512,64,4096,6109.78
16,512,64,8192,12191
16,512,64,16384,24281
16,512,128,16,338.204
16,512,128,32,345.596
16,512,128,64,394.077
16,512,128,128,637.123
16,512,128,256,916.478
16,512,128,512,1610.59
16,512,128,1024,3091.09
16,512,128,2048,6107.9
16,512,128,4096,12142.6
16,512,128,8192,24242.8
16,512,128,16384,48362.9
16,1024,0,0,38.582
16,1024,1,16,38.9447
16,1024,1,32,38.9553
16,1024,1,64,39.0407
16,1024,1,128,38.9983
16,1024,1,256,40.5557
16,1024,1,512,43.8727
16,1024,1,1024,44.8863
16,1024,1,2048,74.913
16,1024,1,4096,136.621
16,1024,1,8192,259.419
16,1024,1,16384,505.494
16,1024,2,16,48.5877
16,1024,2,32,48.5987
16,1024,2,64,49.0677
16,1024,2,128,52.3317
16,1024,2,256,56.663
16,1024,2,512,64.4597
16,1024,2,1024,79.884
16,1024,2,2048,135.992
16,1024,2,4096,251.973
16,1024,2,8192,388.52
16,1024,2,16384,632.632
16,1024,4,16,54.646
16,1024,4,32,54.9453
16,1024,4,64,55.1903
16,1024,4,128,62.0703
16,1024,4,256,69.9747
16,1024,4,512,84.6843
16,1024,4,1024,114.637
16,1024,4,2048,198.127
16,1024,4,4096,365.021
16,1024,4,8192,604.919
16,1024,4,16384,1091.95
16,1024,8,16,70.8383
16,1024,8,32,71.3727
16,1024,8,64,72.045
16,1024,8,128,88.119
16,1024,8,256,103.053
16,1024,8,512,124.451
16,1024,8,1024,184.313
16,1024,8,2048,325.5
16,1024,8,4096,585.613
16,1024,8,8192,1102.04
16,1024,8,16384,2153.43
16,1024,16,16,97.0587
16,1024,16,32,98.6053
16,1024,16,64,99.4793
16,1024,16,128,124.579
16,1024,16,256,153.838
16,1024,16,512,203.684
16,1024,16,1024,325.287
16,1024,16,2048,587.607
16,1024,16,4096,1142.88
16,1024,16,8192,2302.95
16,1024,16,16384,4655.95
16,1024,32,16,140.622
16,1024,32,32,143.214
16,1024,32,64,145.454
16,1024,32,128,195.524
16,1024,32,256,250.288
16,1024,32,512,382.622
16,1024,32,1024,655.993
16,1024,32,2048,1373.32
16,1024,32,4096,2723.93
16,1024,32,8192,5396.46
16,1024,32,16384,11184.2
16,1024,64,16,224.773
16,1024,64,32,229.274
16,1024,64,64,232.773
16,1024,64,128,339.804
16,1024,64,256,496.821
16,1024,64,512,833.266
16,1024,64,1024,1586.02
16,1024,64,2048,3095.26
16,1024,64,4096,6122.74
16,1024,64,8192,12221.3
16,1024,64,16384,24269
16,1024,128,16,391.71
16,1024,128,32,400.254
16,1024,128,64,413.951
16,1024,128,128,650.467
16,1024,128,256,929.439
16,1024,128,512,1619.64
16,1024,128,1024,3110.84
16,1024,128,2048,6120.01
16,1024,128,4096,12157.4
16,1024,128,8192,24267.4
16,1024,128,16384,48388.7
16,2048,0,0,65.58
16,2048,1,16,67.948
16,2048,1,32,67.7673
16,2048,1,64,67.7773
16,2048,1,128,68.0233
16,2048,1,256,67.8623
16,2048,1,512,76.0127
16,2048,1,1024,74.9453
16,2048,1,2048,75.959
16,2048,1,4096,136.451
16,2048,1,8192,257.094
16,2048,1,16384,505.131
16,2048,2,16,78.423
16,2048,2,32,78.6047
16,2048,2,64,78.8397
16,2048,2,128,82.082
16,2048,2,256,85.602
16,2048,2,512,93.186
16,2048,2,1024,109.699
16,2048,2,2048,139.683
16,2048,2,4096,254.822
16,2048,2,8192,481.535
16,2048,2,16384,742.097
16,2048,4,16,83.8627
16,2048,4,32,84.333
16,2048,4,64,84.194
16,2048,4,128,90.754
16,2048,4,256,98.6473
16,2048,4,512,113.304
16,2048,4,1024,144.429
16,2048,4,2048,203.961
16,2048,4,4096,373.619
16,2048,4,8192,688.196
16,2048,4,16384,1173.44
16,2048,8,16,99.778
16,2048,8,32,100.066
16,2048,8,64,100.695
16,2048,8,128,117.56
16,2048,8,256,136.163
16,2048,8,512,170.894
16,2048,8,1024,212.858
16,2048,8,2048,331.271
16,2048,8,4096,622.691
16,2048,8,8192,1142.24
16,2048,8,16384,2226.11
16,2048,16,16,131.288
16,2048,16,32,132.142
16,2048,16,64,133.657
16,2048,16,128,161.731
16,2048,16,256,188.4
16,2048,16,512,251.131
16,2048,16,1024,353.032
16,2048,16,2048,590.861
16,2048,16,4096,1188.16
16,2048,16,8192,2452.97
16,2048,16,16384,4803.06
16,2048,32,16,176.602
16,2048,32,32,178.382
16,2048,32,64,180.932
16,2048,32,128,233.893
16,2048,32,256,290.331
16,2048,32,512,420.212
16,2048,32,1024,699.065
16,2048,32,2048,1278.64
16,2048,32,4096,2815.12
16,2048,32,8192,5490.62
16,2048,32,16384,10876.2
16,2048,64,16,263.675
16,2048,64,32,268.337
16,2048,64,64,271.92
16,2048,64,128,381.939
16,2048,64,256,553.911
16,2048,64,512,872.905
16,2048,64,1024,1605.77
16,2048,64,2048,3116.22
16,2048,64,4096,6144.92
16,2048,64,8192,12234.7
16,2048,64,16384,24320.1
16,2048,128,16,393.374
16,2048,128,32,400.393
16,2048,128,64,442.527
16,2048,128,128,695.023
16,2048,128,256,972.79
16,2048,128,512,1647.92
16,2048,128,1024,3129.54
16,2048,128,2048,6145.08
16,2048,128,4096,12181.2
16,2048,128,8192,24259.2
16,2048,128,16384,48419.2
16,4096,0,0,119.203
16,4096,1,16,123.523
16,4096,1,32,123.661
16,4096,1,64,123.49
16,4096,1,128,123.545
16,4096,1,256,137.955
16,4096,1,512,136.429
16,4096,1,1024,138.243
16,4096,1,2048,136.142
16,4096,1,4096,137.262
16,4096,1,8192,256.955
16,4096,1,16384,502.956
16,4096,2,16,136.302
16,4096,2,32,136.888
16,4096,2,64,137.817
16,4096,2,128,140.142
16,4096,2,256,143.95
16,4096,2,512,151.513
16,4096,2,1024,166.894
16,4096,2,2048,199.066
16,4096,2,4096,259.056
16,4096,2,8192,492.396
16,4096,2,16384,964.406
16,4096,4,16,141.838
16,4096,4,32,142.67
16,4096,4,64,143.172
16,4096,4,128,149.966
16,4096,4,256,156.889
16,4096,4,512,171.214
16,4096,4,1024,202.074
16,4096,4,2048,262.598
16,4096,4,4096,380.958
16,4096,4,8192,724.356
16,4096,4,16384,1338.87
16,4096,8,16,156.878
16,4096,8,32,157.401
16,4096,8,64,157.945
16,4096,8,128,174.724
16,4096,8,256,193.7
16,4096,8,512,230.213
16,4096,8,1024,302.694
16,4096,8,2048,389.971
16,4096,8,4096,626.968
16,4096,8,8192,1218.86
16,4096,8,16384,2340.63
16,4096,16,16,187.502
16,4096,16,32,188.644
16,4096,16,64,190.393
16,4096,16,128,226.629
16,4096,16,256,258.501
16,4096,16,512,326.545
16,4096,16,1024,444.318
16,4096,16,2048,651.075
16,4096,16,4096,1129.25
16,4096,16,8192,2486.54
16,4096,16,16384,5087.35
16,4096,32,16,243.802
16,4096,32,32,247.333
16,4096,32,64,249.265
16,4096,32,128,309.66
16,4096,32,256,371.901
16,4096,32,512,509.472
16,4096,32,1024,799.121
16,4096,32,2048,1422.72
16,4096,32,4096,2691.58
16,4096,32,8192,5687.3
16,4096,32,16384,11205.6
16,4096,64,16,337.651
16,4096,64,32,341.619
16,4096,64,64,346.813
16,4096,64,128,458.282
16,4096,64,256,637.039
16,4096,64,512,973.174
16,4096,64,1024,1702.02
16,4096,64,2048,3160.34
16,4096,64,4096,6181.36
16,4096,64,8192,12270.3
16,4096,64,16384,24330
16,4096,128,16,505.622
16,4096,128,32,514.337
16,4096,128,64,538.871
16,4096,128,128,778.15
16,4096,128,256,1056.64
16,4096,128,512,1734.51
16,4096,128,1024,3201.3
16,4096,128,2048,6188.21
16,4096,128,4096,12224.9
16,4096,128,8192,24320.3
16,4096,128,16384,48437.2
16,8192,0,0,225.21
16,8192,1,16,233.467
16,8192,1,32,233.542
16,8192,1,64,233.456
16,8192,1,128,233.381
16,8192,1,256,230.928
16,8192,1,512,256.71
16,8192,1,1024,260.858
16,8192,1,2048,255.919
16,8192,1,4096,260.486
16,8192,1,8192,259.804
16,8192,1,16384,505.132
16,8192,2,16,254.139
16,8192,2,32,253.83
16,8192,2,64,254.011
16,8192,2,128,256.966
16,8192,2,256,261.286
16,8192,2,512,267.153
16,8192,2,1024,282.555
16,8192,2,2048,316.167
16,8192,2,4096,376.669
16,8192,2,8192,496.959
16,8192,2,16384,963.263
16,8192,4,16,258.533
16,8192,4,32,259.152
16,8192,4,64,260.336
16,8192,4,128,266.608
16,8192,4,256,273.147
16,8192,4,512,288.604
16,8192,4,1024,318.311
16,8192,4,2048,379.421
16,8192,4,4096,496.458
16,8192,4,8192,734.8
16,8192,4,16384,1426.62
16,8192,8,16,272.475
16,8192,8,32,272.613
16,8192,8,64,274.076
16,8192,8,128,288.539
16,8192,8,256,307.719
16,8192,8,512,342.791
16,8192,8,1024,419.508
16,8192,8,2048,565.015
16,8192,8,4096,741.616
16,8192,8,8192,1214.32
16,8192,8,16384,2484.17
16,8192,16,16,301.275
16,8192,16,32,302.833
16,8192,16,64,303.644
16,8192,16,128,339.826
16,8192,16,256,379.924
16,8192,16,512,459.946
16,8192,16,1024,595.768
16,8192,16,2048,821.489
16,8192,16,4096,1288.02
16,8192,16,8192,2414.27
16,8192,16,16384,5130.08
16,8192,32,16,357.48
16,8192,32,32,359.933
16,8192,32,64,362.226
16,8192,32,128,434.569
16,8192,32,256,514.966
16,8192,32,512,664.601
16,8192,32,1024,968.843
16,8192,32,2048,1587.55
16,8192,32,4096,2942.25
16,8192,32,8192,5663.77
16,8192,32,16384,11386.9
16,8192,64,16,475.659
16,8192,64,32,481.909
16,8192,64,64,486.166
16,8192,64,128,610.404
16,8192,64,256,795.612
16,8192,64,512,1144.32
16,8192,64,1024,1893.32
16,8192,64,2048,3361.2
16,8192,64,4096,6281.57
16,8192,64,8192,12342.4
16,8192,64,16384,24420.2
16,8192,128,16,600.621
16,8192,128,32,614.275
16,8192,128,64,694.799
16,8192,128,128,938.218
16,8192,128,256,1230.76
16,8192,128,512,1931.6
16,8192,128,1024,3403.85
16,8192,128,2048,6336.17
16,8192,128,4096,12315.9
16,8192,128,8192,24390.6
16,8192,128,16384,48503.2
16,16384,0,0,440.457
16,16384,1,16,456.811
16,16384,1,32,456.874
16,16384,1,64,456.852
16,16384,1,128,456.842
16,16384,1,256,456.842
16,16384,1,512,509.228
16,16384,1,1024,509.547
16,16384,1,2048,509.824
16,16384,1,4096,509.76
16,16384,1,8192,505.003
16,16384,1,16384,510.198
16,16384,2,16,489.108
16,16384,2,32,489.301
16,16384,2,64,489.365
16,16384,2,128,492.064
16,16384,2,256,493.247
16,16384,2,512,501.302
16,16384,2,1024,516.235
16,16384,2,2048,555.34
16,16384,2,4096,616.974
16,16384,2,8192,736.187
16,16384,2,16384,975.339
16,16384,4,16,491.648
16,16384,4,32,492.8
16,16384,4,64,491.989
16,16384,4,128,497.675
16,16384,4,256,502.774
16,16384,4,512,519.84
16,16384,4,1024,549.185
16,16384,4,2048,615.277
16,16384,4,4096,734.458
16,16384,4,8192,966.506
16,16384,4,16384,1461.81
16,16384,8,16,501.536
16,16384,8,32,503.787
16,16384,8,64,504.789
16,16384,8,128,519.926
16,16384,8,256,538.305
16,16384,8,512,574.914
16,16384,8,1024,648.133
16,16384,8,2048,804.86
16,16384,8,4096,1089.56
16,16384,8,8192,1458.42
16,16384,8,16384,2443.78
16,16384,16,16,530.155
16,16384,16,32,530.338
16,16384,16,64,532.78
16,16384,16,128,566.306
16,16384,16,256,608.099
16,16384,16,512,688.891
16,16384,16,1024,860.254
16,16384,16,2048,1127.7
16,16384,16,4096,1618.37
16,16384,16,8192,2834.84
16,16384,16,16384,5074.19
16,16384,32,16,584.899
16,16384,32,32,587.352
16,16384,32,64,588.749
16,16384,32,128,662.094
16,16384,32,256,746.492
16,16384,32,512,925.407
16,16384,32,1024,1299.84
16,16384,32,2048,2014.27
16,16384,32,4096,3391.65
16,16384,32,8192,6059.46
16,16384,32,16384,11323.4
16,16384,64,16,700.603
16,16384,64,32,708.155
16,16384,64,64,714.181
16,16384,64,128,868.904
16,16384,64,256,1081.42
16,16384,64,512,1463.73
16,16384,64,1024,2243.55
16,16384,64,2048,3751.29
16,16384,64,4096,6700.58
16,16384,64,8192,12529.7
16,16384,64,16384,24683
16,16384,128,16,856.777
16,16384,128,32,872.202
16,16384,128,64,976.79
16,16384,128,128,1238.1
16,16384,128,256,1572.83
16,16384,128,512,2303.33
16,16384,128,1024,3774.31
16,16384,128,2048,6753.51
16,16384,128,4096,12610
16,16384,128,8192,24576.6
16,16384,128,16384,48709.9
32,0,0,0,11.9577
32,0,1,16,12.1067
32,0,1,32,12.203
32,0,1,64,12.1387
32,0,1,128,14.1763
32,0,1,256,19.7657
32,0,1,512,27.4457
32,0,1,1024,43.2333
32,0,1,2048,75.3193
32,0,1,4096,136.611
32,0,1,8192,259.953
32,0,1,16384,506.497
32,0,2,16,19.03
32,0,2,32,19.179
32,0,2,64,19.264
32,0,2,128,24.459
32,0,2,256,31.9147
32,0,2,512,46.4757
32,0,2,1024,66.359
32,0,2,2048,96.4183
32,0,2,4096,154.35
32,0,2,8192,271.377
32,0,2,16384,505.175
32,0,4,16,24.673
32,0,4,32,24.8863
32,0,4,64,25.174
32,0,4,128,33.6967
32,0,4,256,44.9717
32,0,4,512,66.38
32,0,4,1024,95.7887
32,0,4,2048,155.118
32,0,4,4096,269.884
32,0,4,8192,506.625
32,0,4,16384,980.429
32,0,8,16,36.0863
32,0,8,32,36.598
32,0,8,64,37.302
32,0,8,128,52.4917
32,0,8,256,71.3727
32,0,8,512,102.146
32,0,8,1024,161.017
32,0,8,2048,279.878
32,0,8,4096,517.442
32,0,8,8192,989.026
32,0,8,16384,1963.05
32,0,16,16,58.497
32,0,16,32,60.001
32,0,16,64,61.068
32,0,16,128,89.2287
32,0,16,256,122.221
32,0,16,512,180.772
32,0,16,1024,298.29
32,0,16,2048,535.586
32,0,16,4096,1007.22
32,0,16,8192,1997.65
32,0,16,16384,4559.59
32,0,32,16,102.594
32,0,32,32,105.208
32,0,32,64,107.267
32,0,32,128,161.423
32,0,32,256,222.181
32,0,32,512,341.342
32,0,32,1024,586.542
32,0,32,2048,1096.54
32,0,32,4096,2467.97
32,0,32,8192,5472.04
32,0,32,16384,10834.9
32,0,64,16,189.732
32,0,64,32,194.405
32,0,64,64,197.391
32,0,64,128,307.794
32,0,64,256,459.168
32,0,64,512,812.488
32,0,64,1024,1565.31
32,0,64,2048,3077.75
32,0,64,4096,6103.75
32,0,64,8192,12187.9
32,0,64,16384,24266.9
32,0,128,16,366.025
32,0,128,32,374.377
32,0,128,64,381.972
32,0,128,128,623.193
32,0,128,256,901.418
32,0,128,512,1592.14
32,0,128,1024,3087.96
32,0,128,2048,6103.79
32,0,128,4096,12138.1
32,0,128,8192,24239.8
32,0,128,16384,48371.6
32,16,0,0,12.0213
32,16,1,16,12.1923
32,16,1,32,13.515
32,16,1,64,13.7607
32,16,1,128,15.9043
32,16,1,256,19.809
32,16,1,512,27.467
32,16,1,1024,43.0837
32,16,1,2048,75.01
32,16,1,4096,136.355
32,16,1,8192,259.163
32,16,1,16384,504.919
32,16,2,16,19.1683
32,16,2,32,19.3393
32,16,2,64,19.6383
32,16,2,128,24.438
32,16,2,256,32.0113
32,16,2,512,46.8707
32,16,2,1024,66.7753
32,16,2,2048,96.4717
32,16,2,4096,155.193
32,16,2,8192,272.326
32,16,2,16384,506.924
32,16,4,16,24.8863
32,16,4,32,25.1637
32,16,4,64,25.611
32,16,4,128,33.6753
32,16,4,256,45.1523
32,16,4,512,66.0493
32,16,4,1024,95.6823
32,16,4,2048,154.862
32,16,4,4096,274.247
32,16,4,8192,507.511
32,16,4,16384,978.528
32,16,8,16,36.214
32,16,8,32,36.822
32,16,8,64,37.5367
32,16,8,128,52.375
32,16,8,256,71.4793
32,16,8,512,102.126
32,16,8,1024,161.017
32,16,8,2048,280.091
32,16,8,4096,514.891
32,16,8,8192,990.339
32,16,8,16384,1972.21
32,16,16,16,58.6463
32,16,16,32,59.8733
32,16,16,64,61.1853
32,16,16,128,88.9303
32,16,16,256,122.018
32,16,16,512,180.825
32,16,16,1024,299.079
32,16,16,2048,534.914
32,16,16,4096,1008.53
32,16,16,8192,1968.84
32,16,16,16384,4439.44
32,16,32,16,102.435
32,16,32,32,104.813
32,16,32,64,107.192
32,16,32,128,161.583
32,16,32,256,222.907
32,16,32,512,340.307
32,16,32,1024,586.02
32,16,32,2048,1089.6
32,16,32,4096,2468.71
32,16,32,8192,5466.92
32,16,32,16384,10851.9
32,16,64,16,189.712
32,16,64,32,194.65
32,16,64,64,197.605
32,16,64,128,307.965
32,16,64,256,462.902
32,16,64,512,816.019
32,16,64,1024,1564.22
32,16,64,2048,3078.32
32,16,64,4096,6104.69
32,16,64,8192,12178.4
32,16,64,16384,24270.2
32,16,128,16,329.81
32,16,128,32,337.534
32,16,128,64,381.951
32,16,128,128,622.884
32,16,128,256,900.629
32,16,128,512,1592.59
32,16,128,1024,3084.61
32,16,128,2048,6105.45
32,16,128,4096,12141.8
32,16,128,8192,24235.7
32,16,128,16384,48376.1
32,32,0,0,12.0963
32,32,1,16,12.171
32,32,1,32,12.3307
32,32,1,64,12.4483
32,32,1,128,14.23
32,32,1,256,17.707
32,32,1,512,27.457
32,32,1,1024,43.1793
32,32,1,2048,75.127
32,32,1,4096,136.505
32,32,1,8192,259.74
32,32,1,16384,506.22
32,32,2,16,19.137
32,32,2,32,19.328
32,32,2,64,19.4993
32,32,2,128,24.427
32,32,2,256,32.0643
32,32,2,512,46.838
32,32,2,1024,66.8177
32,32,2,2048,96.3433
32,32,2,4096,155.129
32,32,2,8192,272.305
32,32,2,16384,502.486
32,32,4,16,24.8433
32,32,4,32,25.2163
32,32,4,64,25.5473
32,32,4,128,33.622
32,32,4,256,45.0567
32,32,4,512,66.359
32,32,4,1024,95.554
32,32,4,2048,154.382
32,32,4,4096,271.483
32,32,4,8192,505.792
32,32,4,16384,978.936
32,32,8,16,36.1507
32,32,8,32,36.822
32,32,8,64,37.505
32,32,8,128,52.2573
32,32,8,256,71.33
32,32,8,512,102.296
32,32,8,1024,161.263
32,32,8,2048,280.145
32,32,8,4096,516.354
32,32,8,8192,988.556
32,32,8,16384,1964.83
32,32,16,16,58.7747
32,32,16,32,60.0333
32,32,16,64,61.0573
32,32,16,128,88.9093
32,32,16,256,122.083
32,32,16,512,180.858
32,32,16,1024,298.322
32,32,16,2048,535.618
32,32,16,4096,1007.7
32,32,16,8192,1995.42
32,32,16,16384,4465.9
32,32,32,16,102.456
32,32,32,32,105.026
32,32,32,64,107.405
32,32,32,128,161.444
32,32,32,256,222.747
32,32,32,512,340.189
32,32,32,1024,585.144
32,32,32,2048,1120.91
32,32,32,4096,2421.33
32,32,32,8192,5421.07
32,32,32,16384,10774.4
32,32,64,16,189.583
32,32,64,32,194.234
32,32,64,64,197.551
32,32,64,128,307.847
32,32,64,256,463.425
32,32,64,512,822.153
32,32,64,1024,1563.96
32,32,64,2048,3072.64
32,32,64,4096,6102.98
32,32,64,8192,12163
32,32,64,16384,24282.6
32,32,128,16,366.184
32,32,128,32,374.377
32,32,128,64,382.025
32,32,128,128,623.386
32,32,128,256,903.861
32,32,128,512,1607.24
32,32,128,1024,3082.34
32,32,128,2048,6093.5
32,32,128,4096,12141.4
32,32,128,8192,24198.8
32,32,128,16384,48376
32,64,0,0,12.192
32,64,1,16,12.224
32,64,1,32,12.2133
32,64,1,64,12.512
32,64,1,128,14.2937
32,64,1,256,19.595
32,64,1,512,27.4887
32,64,1,1024,43.1477
32,64,1,2048,75.1487
32,64,1,4096,136.43
32,64,1,8192,259.857
32,64,1,16384,506.348
32,64,2,16,19.4143
32,64,2,32,19.563
32,64,2,64,19.7447
32,64,2,128,24.4697
32,64,2,256,32.1073
32,64,2,512,47.0947
32,64,2,1024,67.3717
32,64,2,2048,96.653
32,64,2,4096,154.713
32,64,2,8192,271.398
32,64,2,16384,502.902
32,64,4,16,25.1633
32,64,4,32,25.484
32,64,4,64,25.8137
32,64,4,128,33.7287
32,64,4,256,45.2067
32,64,4,512,66.9673
32,64,4,1024,96.2153
32,64,4,2048,155.449
32,64,4,4096,271.911
32,64,4,8192,509.047
32,64,4,16384,980.866
32,64,8,16,36.4487
32,64,8,32,36.801
32,64,8,64,37.676
32,64,8,128,52.1937
32,64,8,256,71.319
32,64,8,512,103.032
32,64,8,1024,161.753
32,64,8,2048,280.124
32,64,8,4096,516.631
32,64,8,8192,989.752
32,64,8,16384,1964.26
32,64,16,16,58.7747
32,64,16,32,60.2253
32,64,16,64,61.2387
32,64,16,128,89.0153
32,64,16,256,122.232
32,64,16,512,181.423
32,64,16,1024,298.578
32,64,16,2048,533.548
32,64,16,4096,1007.65
32,64,16,8192,2018.01
32,64,16,16384,4603
32,64,32,16,102.574
32,64,32,32,105.421
32,64,32,64,107.256
32,64,32,128,161.262
32,64,32,256,222.395
32,64,32,512,340.989
32,64,32,1024,586.094
32,64,32,2048,1115.26
32,64,32,4096,2471.85
32,64,32,8192,5467.59
32,64,32,16384,10836.9
32,64,64,16,189.636
32,64,64,32,194.671
32,64,64,64,198.074
32,64,64,128,307.709
32,64,64,256,459.723
32,64,64,512,813.951
32,64,64,1024,1568.79
32,64,64,2048,3080.73
32,64,64,4096,6107.94
32,64,64,8192,12195.4
32,64,64,16384,24274.1
32,64,128,16,366.708
32,64,128,32,375.251
32,64,128,64,382.591
32,64,128,128,622.916
32,64,128,256,902.401
32,64,128,512,1599.46
32,64,128,1024,3087.01
32,64,128,2048,6098.27
32,64,128,4096,12141.5
32,64,128,8192,24221.8
32,64,128,16384,48372.1
32,128,0,0,15.4883
32,128,1,16,14.8593
32,128,1,32,14.9017
32,128,1,64,14.8167
32,128,1,128,17.1627
32,128,1,256,19.8297
32,128,1,512,27.4773
32,128,1,1024,43.2327
32,128,1,2048,75.2343
32,128,1,4096,136.654
32,128,1,8192,259.846
32,128,1,16384,506.22
32,128,2,16,23.0623
32,128,2,32,23.1467
32,128,2,64,23.3713
32,128,2,128,26.7313
32,128,2,256,32.0753
32,128,2,512,47.095
32,128,2,1024,76.226
32,128,2,2048,112.643
32,128,2,4096,171.791
32,128,2,8192,287.132
32,128,2,16384,517.143
32,128,4,16,28.6197
32,128,4,32,29.0787
32,128,4,64,29.2273
32,128,4,128,35.969
32,128,4,256,45.1427
32,128,4,512,67.1903
32,128,4,1024,107.725
32,128,4,2048,166.244
32,128,4,4096,284.028
32,128,4,8192,517.292
32,128,4,16384,983.852
32,128,8,16,39.8943
32,128,8,32,40.4063
32,128,8,64,41.0463
32,128,8,128,54.4973
32,128,8,256,71.4147
32,128,8,512,107.704
32,128,8,1024,168.793
32,128,8,2048,287.463
32,128,8,4096,525.293
32,128,8,8192,993.529
32,128,8,16384,1964.31
32,128,16,16,62.092
32,128,16,32,62.9453
32,128,16,64,64.161
32,128,16,128,91.3943
32,128,16,256,122.307
32,128,16,512,186.842
32,128,16,1024,305.756
32,128,16,2048,541.614
32,128,16,4096,1012.76
32,128,16,8192,1996.35
32,128,16,16384,4446.65
32,128,32,16,104.834
32,128,32,32,107.192
32,128,32,64,109.08
32,128,32,128,164.1
32,128,32,256,224.464
32,128,32,512,352.083
32,128,32,1024,590.479
32,128,32,2048,1104.91
32,128,32,4096,2483.37
32,128,32,8192,5367.83
32,128,32,16384,10855.8
32,128,64,16,190.959
32,128,64,32,195.492
32,128,64,64,199.973
32,128,64,128,311.72
32,128,64,256,468.897
32,128,64,512,817.907
32,128,64,1024,1566.19
32,128,64,2048,3079.9
32,128,64,4096,6110.89
32,128,64,8192,12159.7
32,128,64,16384,24269.7
32,128,128,16,368.744
32,128,128,32,377.096
32,128,128,64,386.27
32,128,128,128,627.1
32,128,128,256,906.832
32,128,128,512,1611.51
32,128,128,1024,3089.55
32,128,128,2048,6092.39
32,128,128,4096,12132.2
32,128,128,8192,24194.3
32,128,128,16384,48371.3
32,256,0,0,18.8267
32,256,1,16,18.336
32,256,1,32,18.3253
32,256,1,64,18.3787
32,256,1,128,18.752
32,256,1,256,18.9327
32,256,1,512,27.6903
32,256,1,1024,43.381
32,256,1,2048,75.221
32,256,1,4096,136.49
32,256,1,8192,259.796
32,256,1,16384,506.397
32,256,2,16,27.0187
32,256,2,32,27.136
32,256,2,64,27.136
32,256,2,128,30.8797
32,256,2,256,34.4643
32,256,2,512,47.3703
32,256,2,1024,76.416
32,256,2,2048,126.645
32,256,2,4096,186.495
32,256,2,8192,309.694
32,256,2,16384,550.344
32,256,4,16,32.811
32,256,4,32,32.8423
32,256,4,64,33.0987
32,256,4,128,40.0317
32,256,4,256,47.6373
32,256,4,512,67.1783
32,256,4,1024,110.069
32,256,4,2048,176.063
32,256,4,4096,294.964
32,256,4,8192,530.685
32,256,4,16384,996.582
32,256,8,16,43.9143
32,256,8,32,44.5647
32,256,8,64,44.981
32,256,8,128,58.2927
32,256,8,256,73.5357
32,256,8,512,107.541
32,256,8,1024,176.223
32,256,8,2048,293.939
32,256,8,4096,534.93
32,256,8,8192,1004.82
32,256,8,16384,1988.2
32,256,16,16,66.7517
32,256,16,32,67.6687
32,256,16,64,68.6607
32,256,16,128,94.8367
32,256,16,256,124.916
32,256,16,512,187.412
32,256,16,1024,314.899
32,256,16,2048,547.027
32,256,16,4096,1018.74
32,256,16,8192,1977.59
32,256,16,16384,4423.68
32,256,32,16,109.525
32,256,32,32,112.064
32,256,32,64,114.304
32,256,32,128,166.623
32,256,32,256,227.913
32,256,32,512,361.545
32,256,32,1024,603.261
32,256,32,2048,1131.17
32,256,32,4096,2447.64
32,256,32,8192,5399.91
32,256,32,16384,10800
32,256,64,16,195.412
32,256,64,32,199.541
32,256,64,64,202.964
32,256,64,128,314.612
32,256,64,256,472.819
32,256,64,512,810.237
32,256,64,1024,1567.34
32,256,64,2048,3083.12
32,256,64,4096,6108.16
32,256,64,8192,12190.1
32,256,64,16384,24268.8
32,256,128,16,370.537
32,256,128,32,379.647
32,256,128,64,388.884
32,256,128,128,632.701
32,256,128,256,905.949
32,256,128,512,1595.59
32,256,128,1024,3086.48
32,256,128,2048,6103.79
32,256,128,4096,12148.8
32,256,128,8192,24222.4
32,256,128,16384,48375.1
32,512,0,0,25.483
32,512,1,16,25.3973
32,512,1,32,25.4187
32,512,1,64,25.3753
32,512,1,128,25.6107
32,512,1,256,28.4477
32,512,1,512,29.141
32,512,1,1024,43.5947
32,512,1,2048,75.1033
32,512,1,4096,136.554
32,512,1,8192,260.02
32,512,1,16384,506.526
32,512,2,16,34.5493
32,512,2,32,34.3573
32,512,2,64,34.698
32,512,2,128,38.368
32,512,2,256,42.2717
32,512,2,512,49.7493
32,512,2,1024,76.8213
32,512,2,2048,134.624
32,512,2,4096,216.639
32,512,2,8192,338.762
32,512,2,16384,583.636
32,512,4,16,40.267
32,512,4,32,40.309
32,512,4,64,40.6077
32,512,4,128,47.936
32,512,4,256,55.296
32,512,4,512,69.6317
32,512,4,1024,110.816
32,512,4,2048,196.714
32,512,4,4096,311.828
32,512,4,8192,539.177
32,512,4,16384,1020.93
32,512,8,16,55.808
32,512,8,32,56.5547
32,512,8,64,56.95
32,512,8,128,66.005
32,512,8,256,81.0347
32,512,8,512,110.015
32,512,8,1024,179.839
32,512,8,2048,310.292
32,512,8,4096,549.279
32,512,8,8192,1032.7
32,512,8,16384,2037.15
32,512,16,16,77.6427
32,512,16,32,78.773
32,512,16,64,80.0423
32,512,16,128,103.338
32,512,16,256,131.851
32,512,16,512,190.612
32,512,16,1024,319.402
32,512,16,2048,575.561
32,512,16,4096,1042.66
32,512,16,8192,2069.15
32,512,16,16384,4405.79
32,512,32,16,120.256
32,512,32,32,122.186
32,512,32,64,124.128
32,512,32,128,175.338
32,512,32,256,232.916
32,512,32,512,372.052
32,512,32,1024,664.489
32,512,32,2048,1197.78
32,512,32,4096,2532.91
32,512,32,8192,5377.34
32,512,32,16384,10763.6
32,512,64,16,205.151
32,512,64,32,209.397
32,512,64,64,212.693
32,512,64,128,319.764
32,512,64,256,476.724
32,512,64,512,829.278
32,512,64,1024,1574.31
32,512,64,2048,3085.37
32,512,64,4096,6116.88
32,512,64,8192,12164.5
32,512,64,16384,24288.5
32,512,128,16,378.015
32,512,128,32,385.993
32,512,128,64,395.114
32,512,128,128,639.124
32,512,128,256,916.574
32,512,128,512,1621.41
32,512,128,1024,3091.53
32,512,128,2048,6102.69
32,512,128,4096,12148
32,512,128,8192,24198.9
32,512,128,16384,48379.7
32,1024,0,0,39.1363
32,1024,1,16,39.5413
32,1024,1,32,39.5947
32,1024,1,64,39.637
32,1024,1,128,44.1387
32,1024,1,256,43.818
32,1024,1,512,44.1387
32,1024,1,1024,45.1093
32,1024,1,2048,74.656
32,1024,1,4096,136.8
32,1024,1,8192,259.978
32,1024,1,16384,506.602
32,1024,2,16,49.1307
32,1024,2,32,49.2263
32,1024,2,64,49.7063
32,1024,2,128,53.0237
32,1024,2,256,56.736
32,1024,2,512,64.5227
32,1024,2,1024,79.3383
32,1024,2,2048,135.818
32,1024,2,4096,254.229
32,1024,2,8192,390.697
32,1024,2,16384,636.297
32,1024,4,16,55.232
32,1024,4,32,55.274
32,1024,4,64,55.2427
32,1024,4,128,62.293
32,1024,4,256,69.5573
32,1024,4,512,84.4363
32,1024,4,1024,114.688
32,1024,4,2048,197.781
32,1024,4,4096,361.652
32,1024,4,8192,602.708
32,1024,4,16384,1090.89
32,1024,8,16,71.0187
32,1024,8,32,71.4667
32,1024,8,64,72.1177
32,1024,8,128,88.2983
32,1024,8,256,103.189
32,1024,8,512,124.725
32,1024,8,1024,184.468
32,1024,8,2048,325.759
32,1024,8,4096,586.74
32,1024,8,8192,1089.22
32,1024,8,16384,2179.02
32,1024,16,16,97.0447
32,1024,16,32,98.624
32,1024,16,64,99.744
32,1024,16,128,124.533
32,1024,16,256,154.197
32,1024,16,512,203.647
32,1024,16,1024,325.632
32,1024,16,2048,586.718
32,1024,16,4096,1156.7
32,1024,16,8192,2317.62
32,1024,16,16384,4678.09
32,1024,32,16,141.045
32,1024,32,32,143.221
32,1024,32,64,145.205
32,1024,32,128,196.244
32,1024,32,256,250.816
32,1024,32,512,383.263
32,1024,32,1024,656.02
32,1024,32,2048,1367.03
32,1024,32,4096,2733.53
32,1024,32,8192,5483.23
32,1024,32,16384,10973.2
32,1024,64,16,225.056
32,1024,64,32,229.643
32,1024,64,64,232.821
32,1024,64,128,341.045
32,1024,64,256,500.106
32,1024,64,512,831.55
32,1024,64,1024,1589.04
32,1024,64,2048,3099.64
32,1024,64,4096,6123.25
32,1024,64,8192,12204.5
32,1024,64,16384,24302.5
32,1024,128,16,391.925
32,1024,128,32,400.042
32,1024,128,64,415.541
32,1024,128,128,652.692
32,1024,128,256,932.148
32,1024,128,512,1620.16
32,1024,128,1024,3106.74
32,1024,128,2048,6122.04
32,1024,128,4096,12161
32,1024,128,8192,24250.1
32,1024,128,16384,48384.1
32,2048,0,0,66.3353
32,2048,1,16,68.661
32,2048,1,32,68.704
32,2048,1,64,68.6827
32,2048,1,128,68.3093
32,2048,1,256,68.6293
32,2048,1,512,76.0637
32,2048,1,1024,75.5303
32,2048,1,2048,77.2053
32,2048,1,4096,136.853
32,2048,1,8192,261.408
32,2048,1,16384,507.647
32,2048,2,16,78.656
32,2048,2,32,78.6027
32,2048,2,64,78.7517
32,2048,2,128,82.3997
32,2048,2,256,86.2933
32,2048,2,512,93.3547
32,2048,2,1024,109.814
32,2048,2,2048,139.904
32,2048,2,4096,254.965
32,2048,2,8192,476.831
32,2048,2,16384,745.438
32,2048,4,16,84.299
32,2048,4,32,84.2557
32,2048,4,64,84.4053
32,2048,4,128,91.3173
32,2048,4,256,99.008
32,2048,4,512,113.173
32,2048,4,1024,144.415
32,2048,4,2048,203.338
32,2048,4,4096,375.786
32,2048,4,8192,687.957
32,2048,4,16384,1177.27
32,2048,8,16,100.181
32,2048,8,32,100.715
32,2048,8,64,100.427
32,2048,8,128,117.461
32,2048,8,256,136.213
32,2048,8,512,171.211
32,2048,8,1024,213.312
32,2048,8,2048,331.552
32,2048,8,4096,621.781
32,2048,8,8192,1135.68
32,2048,8,16384,2220.78
32,2048,16,16,131.146
32,2048,16,32,132.384
32,2048,16,64,133.61
32,2048,16,128,162.347
32,2048,16,256,187.999
32,2048,16,512,250.912
32,2048,16,1024,353.92
32,2048,16,2048,591.562
32,2048,16,4096,1172.61
32,2048,16,8192,2441.48
32,2048,16,16384,4820.43
32,2048,32,16,176.757
32,2048,32,32,177.962
32,2048,32,64,180.128
32,2048,32,128,234.037
32,2048,32,256,290.911
32,2048,32,512,423.36
32,2048,32,1024,697.108
32,2048,32,2048,1278.27
32,2048,32,4096,2806.44
32,2048,32,8192,5595.89
32,2048,32,16384,10744.3
32,2048,64,16,263.669
32,2048,64,32,268.661
32,2048,64,64,271.669
32,2048,64,128,382.016
32,2048,64,256,548.372
32,2048,64,512,882.976
32,2048,64,1024,1608.52
32,2048,64,2048,3122.85
32,2048,64,4096,6143.13
32,2048,64,8192,12194.3
32,2048,64,16384,24299.6
32,2048,128,16,396.875
32,2048,128,32,406.453
32,2048,128,64,456.79
32,2048,128,128,696.608
32,2048,128,256,971.467
32,2048,128,512,1657.52
32,2048,128,1024,3130.03
32,2048,128,2048,6139.99
32,2048,128,4096,12183.8
32,2048,128,8192,24235.6
32,2048,128,16384,48424.1
32,4096,0,0,120.277
32,4096,1,16,124.587
32,4096,1,32,124.523
32,4096,1,64,124.619
32,4096,1,128,124.352
32,4096,1,256,124.149
32,4096,1,512,138.069
32,4096,1,1024,138.144
32,4096,1,2048,138.294
32,4096,1,4096,139.008
32,4096,1,8192,263.776
32,4096,1,16384,511.2
32,4096,2,16,136.224
32,4096,2,32,136.662
32,4096,2,64,137.142
32,4096,2,128,140.043
32,4096,2,256,144.299
32,4096,2,512,152.011
32,4096,2,1024,167.093
32,4096,2,2048,199.222
32,4096,2,4096,258.806
32,4096,2,8192,493.12
32,4096,2,16384,969.355
32,4096,4,16,142.304
32,4096,4,32,142.987
32,4096,4,64,141.984
32,4096,4,128,149.579
32,4096,4,256,157.003
32,4096,4,512,171.68
32,4096,4,1024,202.613
32,4096,4,2048,261.515
32,4096,4,4096,382.038
32,4096,4,8192,724.064
32,4096,4,16384,1344.78
32,4096,8,16,157.429
32,4096,8,32,158.091
32,4096,8,64,158.325
32,4096,8,128,174.88
32,4096,8,256,193.462
32,4096,8,512,230.027
32,4096,8,1024,303.328
32,4096,8,2048,389.814
32,4096,8,4096,629.323
32,4096,8,8192,1209
32,4096,8,16384,2392.36
32,4096,16,16,187.787
32,4096,16,32,188.555
32,4096,16,64,190.667
32,4096,16,128,227.446
32,4096,16,256,258.539
32,4096,16,512,326.912
32,4096,16,1024,444.14
32,4096,16,2048,650.423
32,4096,16,4096,1128.99
32,4096,16,8192,2504.09
32,4096,16,16384,4970.4
32,4096,32,16,244.278
32,4096,32,32,247.595
32,4096,32,64,249.419
32,4096,32,128,309.877
32,4096,32,256,371.957
32,4096,32,512,510.177
32,4096,32,1024,796.15
32,4096,32,2048,1397.62
32,4096,32,4096,2704.08
32,4096,32,8192,5679.9
32,4096,32,16384,11221.5
32,4096,64,16,339.702
32,4096,64,32,341.803
32,4096,64,64,347.873
32,4096,64,128,460.598
32,4096,64,256,635.819
32,4096,64,512,969.249
32,4096,64,1024,1701.98
32,4096,64,2048,3160.58
32,4096,64,4096,6192.1
32,4096,64,8192,12254.9
32,4096,64,16384,24325.9
32,4096,128,16,472.641
32,4096,128,32,482.358
32,4096,128,64,539.04
32,4096,128,128,780.78
32,4096,128,256,1057.3
32,4096,128,512,1750.41
32,4096,128,1024,3193.79
32,4096,128,2048,6191.6
32,4096,128,4096,12230.3
32,4096,128,8192,24304.9
32,4096,128,16384,48443
32,8192,0,0,227.158
32,8192,1,16,235.755
32,8192,1,32,235.829
32,8192,1,64,235.787
32,8192,1,128,235.157
32,8192,1,256,258.188
32,8192,1,512,261.163
32,8192,1,1024,260.768
32,8192,1,2048,259.244
32,8192,1,4096,261.302
32,8192,1,8192,261.707
32,8192,1,16384,517.537
32,8192,2,16,254.006
32,8192,2,32,254.156
32,8192,2,64,254.646
32,8192,2,128,257.257
32,8192,2,256,261.696
32,8192,2,512,268.32
32,8192,2,1024,283.19
32,8192,2,2048,316.918
32,8192,2,4096,377.163
32,8192,2,8192,497.387
32,8192,2,16384,963.126
32,8192,4,16,258.614
32,8192,4,32,259.136
32,8192,4,64,258.785
32,8192,4,128,266.667
32,8192,4,256,273.227
32,8192,4,512,287.339
32,8192,4,1024,319.286
32,8192,4,2048,377.899
32,8192,4,4096,497.11
32,8192,4,8192,737.259
32,8192,4,16384,1420.24
32,8192,8,16,270.433
32,8192,8,32,271.627
32,8192,8,64,272.929
32,8192,8,128,288.961
32,8192,8,256,308.918
32,8192,8,512,343.724
32,8192,8,1024,418.614
32,8192,8,2048,565.174
32,8192,8,4096,742.092
32,8192,8,8192,1219.63
32,8192,8,16384,2472.18
32,8192,16,16,301.355
32,8192,16,32,302.348
32,8192,16,64,304.129
32,8192,16,128,340.171
32,8192,16,256,380.417
32,8192,16,512,460.534
32,8192,16,1024,593.942
32,8192,16,2048,823.842
32,8192,16,4096,1291.88
32,8192,16,8192,2380.4
32,8192,16,16384,5209.49
32,8192,32,16,357.814
32,8192,32,32,360.757
32,8192,32,64,363.468
32,8192,32,128,434.571
32,8192,32,256,513.922
32,8192,32,512,669.42
32,8192,32,1024,960.482
32,8192,32,2048,1579.13
32,8192,32,4096,2983.3
32,8192,32,8192,5633.08
32,8192,32,16384,11444.1
32,8192,64,16,475.468
32,8192,64,32,481.345
32,8192,64,64,486.806
32,8192,64,128,611.137
32,8192,64,256,794.21
32,8192,64,512,1144.12
32,8192,64,1024,1891.57
32,8192,64,2048,3378.87
32,8192,64,4096,6274.96
32,8192,64,8192,12359.5
32,8192,64,16384,24393.3
32,8192,128,16,606.326
32,8192,128,32,617.239
32,8192,128,64,696.418
32,8192,128,128,938.498
32,8192,128,256,1231.18
32,8192,128,512,1936.96
32,8192,128,1024,3398.41
32,8192,128,2048,6334.69
32,8192,128,4096,12316.3
32,8192,128,8192,24375.4
32,8192,128,16384,48519.5
32,16384,0,0,443.756
32,16384,1,16,460.546
32,16384,1,32,509.506
32,16384,1,64,509.644
32,16384,1,128,508.908
32,16384,1,256,509.644
32,16384,1,512,509.74
32,16384,1,1024,509.845
32,16384,1,2048,510.359
32,16384,1,4096,511.127
32,16384,1,8192,511.126
32,16384,1,16384,524.877
32,16384,2,16,489.484
32,16384,2,32,489.431
32,16384,2,64,489.517
32,16384,2,128,489.42
32,16384,2,256,495.767
32,16384,2,512,502.231
32,16384,2,1024,515.372
32,16384,2,2048,555.66
32,16384,2,4096,616.705
32,16384,2,8192,736.429
32,16384,2,16384,975.395
32,16384,4,16,492.855
32,16384,4,32,493.153
32,16384,4,64,492.364
32,16384,4,128,498.978
32,16384,4,256,505.046
32,16384,4,512,518.732
32,16384,4,1024,551.201
32,16384,4,2048,614.775
32,16384,4,4096,734.85
32,16384,4,8192,966.029
32,16384,4,16384,1464.46
32,16384,8,16,504.951
32,16384,8,32,502.967
32,16384,8,64,503.009
32,16384,8,128,516.94
32,16384,8,256,538.561
32,16384,8,512,572.887
32,16384,8,1024,648.802
32,16384,8,2048,804.269
32,16384,8,4096,1096.22
32,16384,8,8192,1457.15
32,16384,8,16384,2426.11
32,16384,16,16,529.463
32,16384,16,32,529.014
32,16384,16,64,532.428
32,16384,16,128,566.263
32,16384,16,256,607.65
32,16384,16,512,688.813
32,16384,16,1024,861.026
32,16384,16,2048,1123.69
32,16384,16,4096,1624.14
32,16384,16,8192,2831.4
32,16384,16,16384,5012.04
32,16384,32,16,585.602
32,16384,32,32,588.652
32,16384,32,64,591.884
32,16384,32,128,663.512
32,16384,32,256,747.596
32,16384,32,512,927.811
32,16384,32,1024,1296.43
32,16384,32,2048,1980.48
32,16384,32,4096,3358.02
32,16384,32,8192,6052.95
32,16384,32,16384,11450.7
32,16384,64,16,703.533
32,16384,64,32,707.245
32,16384,64,64,711.821
32,16384,64,128,873.134
32,16384,64,256,1089.55
32,16384,64,512,1470.1
32,16384,64,1024,2255.82
32,16384,64,2048,3754.39
32,16384,64,4096,6687.56
32,16384,64,8192,12525.7
32,16384,64,16384,24642.3
32,16384,128,16,863.587
32,16384,128,32,878.68
32,16384,128,64,985.016
32,16384,128,128,1244.2
32,16384,128,256,1569.82
32,16384,128,512,2281.54
32,16384,128,1024,3772.54
32,16384,128,2048,6742.52
32,16384,128,4096,12601.9
32,16384,128,8192,24570.3
32,16384,128,16384,48724
64,0,0,0,12.544
64,0,1,16,12.6933
64,0,1,32,12.8003
64,0,1,64,13.0027
64,0,1,128,14.624
64,0,1,256,20.0213
64,0,1,512,27.8507
64,0,1,1024,43.3823
64,0,1,2048,75.3817
64,0,1,4096,136.949
64,0,1,8192,260.31
64,0,1,16384,506.637
64,0,2,16,19.8713
64,0,2,32,20.0533
64,0,2,64,20.2133
64,0,2,128,24.6933
64,0,2,256,32.683
64,0,2,512,47.2533
64,0,2,1024,69.0667
64,0,2,2048,98.6773
64,0,2,4096,156.32
64,0,2,8192,274.156
64,0,2,16384,505.196
64,0,4,16,25.9307
64,0,4,32,26.2297
64,0,4,64,26.2723
64,0,4,128,33.9733
64,0,4,256,45.441
64,0,4,512,67.0613
64,0,4,1024,98.2403
64,0,4,2048,157.793
64,0,4,4096,274.39
64,0,4,8192,509.485
64,0,4,16384,982.575
64,0,8,16,36.9813
64,0,8,32,37.7173
64,0,8,64,38.4003
64,0,8,128,52.6193
64,0,8,256,71.9047
64,0,8,512,103.755
64,0,8,1024,163.383
64,0,8,2048,282.508
64,0,8,4096,518.519
64,0,8,8192,987.705
64,0,8,16384,1958.25
64,0,16,16,59.1253
64,0,16,32,60.4163
64,0,16,64,61.728
64,0,16,128,89.6323
64,0,16,256,122.795
64,0,16,512,181.825
64,0,16,1024,299.446
64,0,16,2048,537.581
64,0,16,4096,1009.21
64,0,16,8192,1969.62
64,0,16,16384,4427.07
64,0,32,16,102.966
64,0,32,32,105.696
64,0,32,64,107.969
64,0,32,128,162.208
64,0,32,256,223.66
64,0,32,512,342.828
64,0,32,1024,585.389
64,0,32,2048,1118.25
64,0,32,4096,2411.66
64,0,32,8192,5365.09
64,0,32,16384,10798
64,0,64,16,190.486
64,0,64,32,195.222
64,0,64,64,198.753
64,0,64,128,309.292
64,0,64,256,460.183
64,0,64,512,822.127
64,0,64,1024,1564.64
64,0,64,2048,3071.78
64,0,64,4096,6101.3
64,0,64,8192,12150.8
64,0,64,16384,24286.5
64,0,128,16,367.618
64,0,128,32,376.397
64,0,128,64,383.799
64,0,128,128,625.539
64,0,128,256,904.196
64,0,128,512,1611.88
64,0,128,1024,3086.63
64,0,128,2048,6097.58
64,0,128,4096,12145.2
64,0,128,8192,24211.9
64,0,128,16384,48387.9
64,16,0,0,12.608
64,16,1,16,12.683
64,16,1,32,12.8
64,16,1,64,12.9707
64,16,1,128,14.56
64,16,1,256,17.995
64,16,1,512,27.744
64,16,1,1024,43.3603
64,16,1,2048,75.2747
64,16,1,4096,136.727
64,16,1,8192,259.564
64,16,1,16384,505.581
64,16,2,16,19.9897
64,16,2,32,20.224
64,16,2,64,20.3093
64,16,2,128,24.7577
64,16,2,256,32.2987
64,16,2,512,47.1577
64,16,2,1024,69.313
64,16,2,2048,99.0407
64,16,2,4096,157.569
64,16,2,8192,274.55
64,16,2,16384,506.54
64,16,4,16,25.9737
64,16,4,32,26.2937
64,16,4,64,26.635
64,16,4,128,34.0907
64,16,4,256,45.4403
64,16,4,512,67.2
64,16,4,1024,98.5177
64,16,4,2048,157.259
64,16,4,4096,274.305
64,16,4,8192,507.085
64,16,4,16384,980.741
64,16,8,16,37.1843
64,16,8,32,37.8667
64,16,8,64,38.4217
64,16,8,128,52.6833
64,16,8,256,71.9147
64,16,8,512,104.565
64,16,8,1024,163.03
64,16,8,2048,282.241
64,16,8,4096,519.63
64,16,8,8192,993.402
64,16,8,16384,1972.19
64,16,16,16,59.1787
64,16,16,32,60.491
64,16,16,64,61.7823
64,16,16,128,89.6003
64,16,16,256,122.784
64,16,16,512,183.223
64,16,16,1024,300.001
64,16,16,2048,536.099
64,16,16,4096,1009.38
64,16,16,8192,1989.46
64,16,16,16384,4402.22
64,16,32,16,103.243
64,16,32,32,105.814
64,16,32,64,107.979
64,16,32,128,162.07
64,16,32,256,223.574
64,16,32,512,342.327
64,16,32,1024,589.017
64,16,32,2048,1103.31
64,16,32,4096,2462.31
64,16,32,8192,5494.26
64,16,32,16384,10755
64,16,64,16,190.412
64,16,64,32,195.681
64,16,64,64,199.286
64,16,64,128,308.78
64,16,64,256,458.349
64,16,64,512,816.271
64,16,64,1024,1560.62
64,16,64,2048,3071.42
64,16,64,4096,6097.71
64,16,64,8192,12161.8
64,16,64,16384,24269
64,16,128,16,331.981
64,16,128,32,339.511
64,16,128,64,359.511
64,16,128,128,624.494
64,16,128,256,904.293
64,16,128,512,1595.22
64,16,128,1024,3091.6
64,16,128,2048,6102.51
64,16,128,4096,12147.5
64,16,128,8192,24243.6
64,16,128,16384,48387.6
64,32,0,0,12.6507
64,32,1,16,12.7253
64,32,1,32,12.885
64,32,1,64,14.464
64,32,1,128,16.2453
64,32,1,256,20.064
64,32,1,512,27.8297
64,32,1,1024,43.4983
64,32,1,2048,75.4247
64,32,1,4096,137.014
64,32,1,8192,260.193
64,32,1,16384,506.787
64,32,2,16,20.1817
64,32,2,32,20.2563
64,32,2,64,20.459
64,32,2,128,24.8323
64,32,2,256,32.2247
64,32,2,512,47.094
64,32,2,1024,69.6753
64,32,2,2048,99.3393
64,32,2,4096,157.313
64,32,2,8192,275.553
64,32,2,16384,507.235
64,32,4,16,26.1333
64,32,4,32,26.4423
64,32,4,64,26.635
64,32,4,128,34.017
64,32,4,256,45.3973
64,32,4,512,66.9763
64,32,4,1024,98.9443
64,32,4,2048,158.262
64,32,4,4096,274.114
64,32,4,8192,505.091
64,32,4,16384,981.873
64,32,8,16,37.4827
64,32,8,32,38.048
64,32,8,64,38.646
64,32,8,128,52.843
64,32,8,256,71.819
64,32,8,512,104.672
64,32,8,1024,163.638
64,32,8,2048,282.53
64,32,8,4096,519.79
64,32,8,8192,990.491
64,32,8,16384,1963.82
64,32,16,16,59.211
64,32,16,32,60.4907
64,32,16,64,61.7813
64,32,16,128,89.611
64,32,16,256,122.518
64,32,16,512,182.881
64,32,16,1024,299.436
64,32,16,2048,535.843
64,32,16,4096,1010.33
64,32,16,8192,1977.55
64,32,16,16384,4387.37
64,32,32,16,103.233
64,32,32,32,105.739
64,32,32,64,108.086
64,32,32,128,162.348
64,32,32,256,223.318
64,32,32,512,343.491
64,32,32,1024,586.457
64,32,32,2048,1112.99
64,32,32,4096,2413.23
64,32,32,8192,5455.3
64,32,32,16384,10971.1
64,32,64,16,190.86
64,32,64,32,195.713
64,32,64,64,199.447
64,32,64,128,308.749
64,32,64,256,459.875
64,32,64,512,814.213
64,32,64,1024,1568.29
64,32,64,2048,3081.85
64,32,64,4096,6096.22
64,32,64,8192,12192.6
64,32,64,16384,24288.8
64,32,128,16,368.205
64,32,128,32,377.464
64,32,128,64,384.503
64,32,128,128,624.912
64,32,128,256,902.79
64,32,128,512,1598.98
64,32,128,1024,3086.41
64,32,128,2048,6099.68
64,32,128,4096,12143.3
64,32,128,8192,24237.3
64,32,128,16384,48383.7
64,64,0,0,12.8107
64,64,1,16,12.651
64,64,1,32,12.8213
64,64,1,64,13.0133
64,64,1,128,14.539
64,64,1,256,18.027
64,64,1,512,27.7867
64,64,1,1024,43.392
64,64,1,2048,75.4567
64,64,1,4096,136.812
64,64,1,8192,260.151
64,64,1,16384,506.649
64,64,2,16,20.1493
64,64,2,32,20.2027
64,64,2,64,20.491
64,64,2,128,24.768
64,64,2,256,32.256
64,64,2,512,47.2223
64,64,2,1024,70.4967
64,64,2,2048,99.9897
64,64,2,4096,158.166
64,64,2,8192,274.648
64,64,2,16384,506.884
64,64,4,16,26.3047
64,64,4,32,26.5707
64,64,4,64,26.8053
64,64,4,128,34.059
64,64,4,256,45.4613
64,64,4,512,67.0297
64,64,4,1024,99.3923
64,64,4,2048,158.145
64,64,4,4096,273.73
64,64,4,8192,505.839
64,64,4,16384,981.809
64,64,8,16,37.504
64,64,8,32,38.155
64,64,8,64,38.8377
64,64,8,128,52.9173
64,64,8,256,71.7337
64,64,8,512,104.544
64,64,8,1024,163.852
64,64,8,2048,282.914
64,64,8,4096,519.48
64,64,8,8192,991.473
64,64,8,16384,1962.77
64,64,16,16,59.3493
64,64,16,32,60.8117
64,64,16,64,61.8243
64,64,16,128,89.6753
64,64,16,256,122.966
64,64,16,512,183.458
64,64,16,1024,301.005
64,64,16,2048,535.407
64,64,16,4096,1010.02
64,64,16,8192,2011.09
64,64,16,16384,4289.89
64,64,32,16,103.254
64,64,32,32,105.771
64,64,32,64,108.182
64,64,32,128,162.316
64,64,32,256,224.13
64,64,32,512,342.466
64,64,32,1024,587.759
64,64,32,2048,1109.52
64,64,32,4096,2418.58
64,64,32,8192,5437.66
64,64,32,16384,10917.2
64,64,64,16,190.871
64,64,64,32,196.022
64,64,64,64,199.798
64,64,64,128,309.677
64,64,64,256,457.539
64,64,64,512,820.348
64,64,64,1024,1564.91
64,64,64,2048,3086.7
64,64,64,4096,6098.04
64,64,64,8192,12163.8
64,64,64,16384,24268.4
64,64,128,16,368.792
64,64,128,32,378.211
64,64,128,64,385.614
64,64,128,128,624.986
64,64,128,256,903.111
64,64,128,512,1598.24
64,64,128,1024,3084.4
64,64,128,2048,6101.86
64,64,128,4096,12142.4
64,64,128,8192,24250.9
64,64,128,16384,48381.6
64,128,0,0,15.957
64,128,1,16,15.7227
64,128,1,32,15.7013
64,128,1,64,15.7553
64,128,1,128,15.9903
64,128,1,256,18.112
64,128,1,512,27.9893
64,128,1,1024,43.6483
64,128,1,2048,75.5103
64,128,1,4096,136.95
64,128,1,8192,260.322
64,128,1,16384,506.67
64,128,2,16,24.1177
64,128,2,32,24.075
64,128,2,64,24.352
64,128,2,128,27.4133
64,128,2,256,32.6827
64,128,2,512,47.2327
64,128,2,1024,77.0567
64,128,2,2048,114.284
64,128,2,4096,174.06
64,128,2,8192,290.039
64,128,2,16384,524.133
64,128,4,16,30.0277
64,128,4,32,30.048
64,128,4,64,30.3043
64,128,4,128,36.747
64,128,4,256,45.6863
64,128,4,512,67.5637
64,128,4,1024,110.614
64,128,4,2048,169.409
64,128,4,4096,286.039
64,128,4,8192,514.191
64,128,4,16384,989.66
64,128,8,16,41.067
64,128,8,32,41.611
64,128,8,64,42.2297
64,128,8,128,55.1573
64,128,8,256,72.0543
64,128,8,512,107.979
64,128,8,1024,171.18
64,128,8,2048,289.816
64,128,8,4096,526.521
64,128,8,8192,997.704
64,128,8,16384,1963.54
64,128,16,16,62.8163
64,128,16,32,64.033
64,128,16,64,65.3233
64,128,16,128,92.182
64,128,16,256,122.796
64,128,16,512,187.511
64,128,16,1024,307.437
64,128,16,2048,543.215
64,128,16,4096,1014.39
64,128,16,8192,1972.74
64,128,16,16384,4254.97
64,128,32,16,105.633
64,128,32,32,108.322
64,128,32,64,110.294
64,128,32,128,164.63
64,128,32,256,225.218
64,128,32,512,354.04
64,128,32,1024,595.216
64,128,32,2048,1117.87
64,128,32,4096,2462.34
64,128,32,8192,5415.51
64,128,32,16384,10874.6
64,128,64,16,191.799
64,128,64,32,196.258
64,128,64,64,200.801
64,128,64,128,313.495
64,128,64,256,470.99
64,128,64,512,813.179
64,128,64,1024,1566.92
64,128,64,2048,3084.96
64,128,64,4096,6098.28
64,128,64,8192,12201.4
64,128,64,16384,24264.4
64,128,128,16,356.75
64,128,128,32,364.696
64,128,128,64,373.582
64,128,128,128,629.467
64,128,128,256,907.122
64,128,128,512,1597.32
64,128,128,1024,3087.81
64,128,128,2048,6107.52
64,128,128,4096,12143.9
64,128,128,8192,24238.6
64,128,128,16384,48386.5
64,256,0,0,19.296
64,256,1,16,19.1357
64,256,1,32,19.1787
64,256,1,64,19.2217
64,256,1,128,21.5683
64,256,1,256,21.696
64,256,1,512,28.171
64,256,1,1024,43.84
64,256,1,2048,75.7767
64,256,1,4096,136.94
64,256,1,8192,260.279
64,256,1,16384,506.992
64,256,2,16,28.0427
64,256,2,32,28.1177
64,256,2,64,28.3097
64,256,2,128,31.9583
64,256,2,256,35.147
64,256,2,512,47.6273
64,256,2,1024,77.2803
64,256,2,2048,128.822
64,256,2,4096,190.306
64,256,2,8192,308.258
64,256,2,16384,553.466
64,256,4,16,33.8027
64,256,4,32,34.0373
64,256,4,64,34.155
64,256,4,128,40.5657
64,256,4,256,48.3943
64,256,4,512,67.7333
64,256,4,1024,110.454
64,256,4,2048,179.351
64,256,4,4096,297.827
64,256,4,8192,531.055
64,256,4,16384,993.385
64,256,8,16,45.0563
64,256,8,32,45.8037
64,256,8,64,46.2407
64,256,8,128,59.083
64,256,8,256,74.1767
64,256,8,512,108.172
64,256,8,1024,178.69
64,256,8,2048,296.962
64,256,8,4096,534.682
64,256,8,8192,1012.28
64,256,8,16384,1968.03
64,256,16,16,67.681
64,256,16,32,68.726
64,256,16,64,69.846
64,256,16,128,95.6593
64,256,16,256,125.729
64,256,16,512,187.639
64,256,16,1024,316.814
64,256,16,2048,550.693
64,256,16,4096,1023.11
64,256,16,8192,2031.59
64,256,16,16384,4374.79
64,256,32,16,110.241
64,256,32,32,112.875
64,256,32,64,115.116
64,256,32,128,167.703
64,256,32,256,229.133
64,256,32,512,362.19
64,256,32,1024,603.899
64,256,32,2048,1160.03
64,256,32,4096,2441.6
64,256,32,8192,5396.75
64,256,32,16384,10792
64,256,64,16,196.524
64,256,64,32,200.909
64,256,64,64,204.567
64,256,64,128,316.259
64,256,64,256,480.185
64,256,64,512,812.093
64,256,64,1024,1569.93
64,256,64,2048,3078.11
64,256,64,4096,6103.82
64,256,64,8192,12189.9
64,256,64,16384,24255.6
64,256,128,16,338.072
64,256,128,32,346.147
64,256,128,64,388.899
64,256,128,128,632.625
64,256,128,256,914.813
64,256,128,512,1601.49
64,256,128,1024,3088.47
64,256,128,2048,6108.69
64,256,128,4096,12151.4
64,256,128,8192,24250.2
64,256,128,16384,48392.4
64,512,0,0,25.9413
64,512,1,16,26.2617
64,512,1,32,26.2613
64,512,1,64,26.315
64,512,1,128,26.1973
64,512,1,256,29.579
64,512,1,512,29.8673
64,512,1,1024,43.7333
64,512,1,2048,75.5203
64,512,1,4096,136.865
64,512,1,8192,260.631
64,512,1,16384,506.895
64,512,2,16,35.2857
64,512,2,32,35.3813
64,512,2,64,35.5843
64,512,2,128,39.3717
64,512,2,256,42.9663
64,512,2,512,50.0697
64,512,2,1024,77.622
64,512,2,2048,135.702
64,512,2,4096,218.167
64,512,2,8192,339.064
64,512,2,16384,585.413
64,512,4,16,41.4297
64,512,4,32,41.451
64,512,4,64,41.9203
64,512,4,128,48.3097
64,512,4,256,55.9577
64,512,4,512,70.5397
64,512,4,1024,111.574
64,512,4,2048,197.121
64,512,4,4096,320.643
64,512,4,8192,563.654
64,512,4,16384,1032.05
64,512,8,16,56.8653
64,512,8,32,57.366
64,512,8,64,58.1337
64,512,8,128,67.84
64,512,8,256,81.6333
64,512,8,512,110.561
64,512,8,1024,180.503
64,512,8,2048,312.707
64,512,8,4096,553.243
64,512,8,8192,1032.72
64,512,8,16384,2010.43
64,512,16,16,78.464
64,512,16,32,79.8733
64,512,16,64,81.0673
64,512,16,128,104.908
64,512,16,256,132.855
64,512,16,512,191.234
64,512,16,1024,319.438
64,512,16,2048,578.128
64,512,16,4096,1055.69
64,512,16,8192,2067.06
64,512,16,16384,4494.04
64,512,32,16,121.825
64,512,32,32,123.916
64,512,32,64,125.836
64,512,32,128,176.13
64,512,32,256,234.52
64,512,32,512,371.906
64,512,32,1024,667.739
64,512,32,2048,1228.79
64,512,32,4096,2516.33
64,512,32,8192,5385.51
64,512,32,16384,10945.7
64,512,64,16,206.157
64,512,64,32,210.487
64,512,64,64,213.879
64,512,64,128,321.475
64,512,64,256,480.228
64,512,64,512,830.888
64,512,64,1024,1571.46
64,512,64,2048,3088.63
64,512,64,4096,6102.51
64,512,64,8192,12206.4
64,512,64,16384,24269.2
64,512,128,16,341.998
64,512,128,32,350.03
64,512,128,64,395.651
64,512,128,128,640.87
64,512,128,256,919.144
64,512,128,512,1607.86
64,512,128,1024,3094.06
64,512,128,2048,6111
64,512,128,4096,12155
64,512,128,8192,24242.3
64,512,128,16384,48391.8
64,1024,0,0,39.669
64,1024,1,16,40.4057
64,1024,1,32,40.3523
64,1024,1,64,40.4807
64,1024,1,128,40.5547
64,1024,1,256,45.0247
64,1024,1,512,45.462
64,1024,1,1024,46.5287
64,1024,1,2048,75.7663
64,1024,1,4096,137.644
64,1024,1,8192,261.336
64,1024,1,16384,507.375
64,1024,2,16,50.24
64,1024,2,32,50.326
64,1024,2,64,50.593
64,1024,2,128,53.6537
64,1024,2,256,57.259
64,1024,2,512,64.9707
64,1024,2,1024,80.3103
64,1024,2,2048,136.609
64,1024,2,4096,254.349
64,1024,2,8192,394.404
64,1024,2,16384,638.684
64,1024,4,16,56.139
64,1024,4,32,56.4593
64,1024,4,64,56.6403
64,1024,4,128,63.168
64,1024,4,256,70.8057
64,1024,4,512,85.8247
64,1024,4,1024,115.585
64,1024,4,2048,198.37
64,1024,4,4096,364.953
64,1024,4,8192,607.079
64,1024,4,16384,1089.68
64,1024,8,16,72.2887
64,1024,8,32,72.9503
64,1024,8,64,73.4507
64,1024,8,128,88.6087
64,1024,8,256,104.556
64,1024,8,512,125.516
64,1024,8,1024,185.239
64,1024,8,2048,325.486
64,1024,8,4096,592.336
64,1024,8,8192,1096.96
64,1024,8,16384,2149.72
64,1024,16,16,98.177
64,1024,16,32,99.286
64,1024,16,64,100.726
64,1024,16,128,126.125
64,1024,16,256,155.639
64,1024,16,512,204.695
64,1024,16,1024,326.841
64,1024,16,2048,587.867
64,1024,16,4096,1143.72
64,1024,16,8192,2298.24
64,1024,16,16384,4773.65
64,1024,32,16,141.666
64,1024,32,32,143.948
64,1024,32,64,146.145
64,1024,32,128,197.432
64,1024,32,256,252.109
64,1024,32,512,385.284
64,1024,32,1024,658.204
64,1024,32,2048,1365.36
64,1024,32,4096,2782.02
64,1024,32,8192,5446.93
64,1024,32,16384,11031.5
64,1024,64,16,226.658
64,1024,64,32,231.17
64,1024,64,64,234.51
64,1024,64,128,341.55
64,1024,64,256,501.648
64,1024,64,512,835.507
64,1024,64,1024,1588.54
64,1024,64,2048,3097.12
64,1024,64,4096,6121.7
64,1024,64,8192,12192.8
64,1024,64,16384,24283.2
64,1024,128,16,400.09
64,1024,128,32,408.26
64,1024,128,64,417.327
64,1024,128,128,654.14
64,1024,128,256,936.511
64,1024,128,512,1624.33
64,1024,128,1024,3109.85
64,1024,128,2048,6124.6
64,1024,128,4096,12163.7
64,1024,128,8192,24269.7
64,1024,128,16384,48393.4
64,2048,0,0,66.87
64,2048,1,16,69.558
64,2048,1,32,69.5797
64,2048,1,64,69.569
64,2048,1,128,69.5897
64,2048,1,256,77.5577
64,2048,1,512,77.5473
64,2048,1,1024,77.2913
64,2048,1,2048,78.1877
64,2048,1,4096,136.813
64,2048,1,8192,260.504
64,2048,1,16384,507.099
64,2048,2,16,80.0647
64,2048,2,32,79.883
64,2048,2,64,79.6273
64,2048,2,128,83.1903
64,2048,2,256,86.817
64,2048,2,512,94.38
64,2048,2,1024,110.689
64,2048,2,2048,140.716
64,2048,2,4096,255.608
64,2048,2,8192,477.893
64,2048,2,16384,748.061
64,2048,4,16,85.6547
64,2048,4,32,85.7713
64,2048,4,64,85.772
64,2048,4,128,92.0753
64,2048,4,256,100.332
64,2048,4,512,114.454
64,2048,4,1024,145.186
64,2048,4,2048,204.78
64,2048,4,4096,374.063
64,2048,4,8192,693.437
64,2048,4,16384,1168.42
64,2048,8,16,101.132
64,2048,8,32,101.58
64,2048,8,64,101.793
64,2048,8,128,118.582
64,2048,8,256,137.218
64,2048,8,512,172.151
64,2048,8,1024,213.784
64,2048,8,2048,332.974
64,2048,8,4096,621.702
64,2048,8,8192,1148.89
64,2048,8,16384,2205.84
64,2048,16,16,132.14
64,2048,16,32,133.634
64,2048,16,64,134.817
64,2048,16,128,162.956
64,2048,16,256,188.055
64,2048,16,512,251.779
64,2048,16,1024,354.265
64,2048,16,2048,593.628
64,2048,16,4096,1161
64,2048,16,8192,2445.88
64,2048,16,16384,4852.88
64,2048,32,16,177.282
64,2048,32,32,180.642
64,2048,32,64,181.441
64,2048,32,128,235.789
64,2048,32,256,292.707
64,2048,32,512,423.855
64,2048,32,1024,698.802
64,2048,32,2048,1289.26
64,2048,32,4096,2817.13
64,2048,32,8192,5555.63
64,2048,32,16384,10766.8
64,2048,64,16,266.616
64,2048,64,32,269.378
64,2048,64,64,273.4
64,2048,64,128,383.225
64,2048,64,256,555.484
64,2048,64,512,878.42
64,2048,64,1024,1609.23
64,2048,64,2048,3124.57
64,2048,64,4096,6142
64,2048,64,8192,12221.6
64,2048,64,16384,24307.6
64,2048,128,16,398.191
64,2048,128,32,405.871
64,2048,128,64,458.811
64,2048,128,128,697.554
64,2048,128,256,974.965
64,2048,128,512,1647.68
64,2048,128,1024,3136.76
64,2048,128,2048,6151.97
64,2048,128,4096,12186.5
64,2048,128,8192,24271.6
64,2048,128,16384,48418.8
64,4096,0,0,120.812
64,4096,1,16,125.495
64,4096,1,32,125.538
64,4096,1,64,125.623
64,4096,1,128,125.442
64,4096,1,256,125.271
64,4096,1,512,139.266
64,4096,1,1024,140.62
64,4096,1,2048,140.225
64,4096,1,4096,142.444
64,4096,1,8192,264.068
64,4096,1,16384,512.464
64,4096,2,16,137.74
64,4096,2,32,138.562
64,4096,2,64,139.426
64,4096,2,128,141.175
64,4096,2,256,145.046
64,4096,2,512,153.036
64,4096,2,1024,168.002
64,4096,2,2048,200.077
64,4096,2,4096,259.683
64,4096,2,8192,494.363
64,4096,2,16384,972.896
64,4096,4,16,143.297
64,4096,4,32,144.194
64,4096,4,64,143.98
64,4096,4,128,150.081
64,4096,4,256,157.388
64,4096,4,512,172.972
64,4096,4,1024,203.373
64,4096,4,2048,261.944
64,4096,4,4096,382.725
64,4096,4,8192,723.379
64,4096,4,16384,1347.96
64,4096,8,16,158.274
64,4096,8,32,158.423
64,4096,8,64,159.436
64,4096,8,128,175.693
64,4096,8,256,194.221
64,4096,8,512,231.341
64,4096,8,1024,303.748
64,4096,8,2048,390.895
64,4096,8,4096,626.887
64,4096,8,8192,1212.98
64,4096,8,16384,2331.87
64,4096,16,16,188.493
64,4096,16,32,189.955
64,4096,16,64,191.159
64,4096,16,128,227.906
64,4096,16,256,259.554
64,4096,16,512,328.185
64,4096,16,1024,443.311
64,4096,16,2048,650.184
64,4096,16,4096,1136.71
64,4096,16,8192,2507.07
64,4096,16,16384,5026.55
64,4096,32,16,245.507
64,4096,32,32,248.494
64,4096,32,64,250.19
64,4096,32,128,310.851
64,4096,32,256,371.279
64,4096,32,512,510.897
64,4096,32,1024,792.223
64,4096,32,2048,1377.19
64,4096,32,4096,2695.24
64,4096,32,8192,5685.68
64,4096,32,16384,11176.5
64,4096,64,16,341.529
64,4096,64,32,344.057
64,4096,64,64,348.324
64,4096,64,128,461.306
64,4096,64,256,640.114
64,4096,64,512,976.055
64,4096,64,1024,1705.74
64,4096,64,2048,3165.68
64,4096,64,4096,6199.13
64,4096,64,8192,12256.5
64,4096,64,16384,24315.9
64,4096,128,16,468.922
64,4096,128,32,478.683
64,4096,128,64,491.206
64,4096,128,128,782.206
64,4096,128,256,1060.83
64,4096,128,512,1743.11
64,4096,128,1024,3196.13
64,4096,128,2048,6194.82
64,4096,128,4096,12236
64,4096,128,8192,24320.9
64,4096,128,16384,48458.6
64,8192,0,0,227.682
64,8192,1,16,236.601
64,8192,1,32,236.504
64,8192,1,64,236.525
64,8192,1,128,236.749
64,8192,1,256,261.774
64,8192,1,512,261.571
64,8192,1,1024,263.033
64,8192,1,2048,262.808
64,8192,1,4096,267.064
64,8192,1,8192,268.313
64,8192,1,16384,511.878
64,8192,2,16,254.542
64,8192,2,32,255.555
64,8192,2,64,254.734
64,8192,2,128,257.923
64,8192,2,256,261.966
64,8192,2,512,269.902
64,8192,2,1024,285.379
64,8192,2,2048,317.071
64,8192,2,4096,377.561
64,8192,2,8192,497.467
64,8192,2,16384,965.9
64,8192,4,16,260.248
64,8192,4,32,260.846
64,8192,4,64,260.814
64,8192,4,128,265.998
64,8192,4,256,273.475
64,8192,4,512,287.492
64,8192,4,1024,319.086
64,8192,4,2048,378.5
64,8192,4,4096,497.041
64,8192,4,8192,736.041
64,8192,4,16384,1421.93
64,8192,8,16,272.964
64,8192,8,32,274.03
64,8192,8,64,274.158
64,8192,8,128,290.691
64,8192,8,256,308.366
64,8192,8,512,346.126
64,8192,8,1024,419.312
64,8192,8,2048,564.337
64,8192,8,4096,743.432
64,8192,8,8192,1218.64
64,8192,8,16384,2477.61
64,8192,16,16,301.817
64,8192,16,32,302.819
64,8192,16,64,304.195
64,8192,16,128,340.634
64,8192,16,256,381.892
64,8192,16,512,461.499
64,8192,16,1024,596.54
64,8192,16,2048,825.236
64,8192,16,4096,1293.83
64,8192,16,8192,2335.98
64,8192,16,16384,5253.15
64,8192,32,16,359.204
64,8192,32,32,361.284
64,8192,32,64,363.664
64,8192,32,128,435.098
64,8192,32,256,516.4
64,8192,32,512,664.147
64,8192,32,1024,976.598
64,8192,32,2048,1597.53
64,8192,32,4096,2975.5
64,8192,32,8192,5648.89
64,8192,32,16384,11414.5
64,8192,64,16,476.56
64,8192,64,32,482.555
64,8192,64,64,484.529
64,8192,64,128,612.22
64,8192,64,256,796.992
64,8192,64,512,1144.55
64,8192,64,1024,1895.13
64,8192,64,2048,3372.25
64,8192,64,4096,6278.69
64,8192,64,8192,12354.6
64,8192,64,16384,24410.4
64,8192,128,16,606.684
64,8192,128,32,619.442
64,8192,128,64,698.387
64,8192,128,128,939.2
64,8192,128,256,1237.74
64,8192,128,512,1942.24
64,8192,128,1024,3400.36
64,8192,128,2048,6332.18
64,8192,128,4096,12324.5
64,8192,128,8192,24414.1
64,8192,128,16384,48511.4
64,16384,0,0,444.336
64,16384,1,16,461.659
64,16384,1,32,461.66
64,16384,1,64,461.19
64,16384,1,128,461.531
64,16384,1,256,511.057
64,16384,1,512,510.822
64,16384,1,1024,510.929
64,16384,1,2048,512.294
64,16384,1,4096,514.097
64,16384,1,8192,514.929
64,16384,1,16384,525.969
64,16384,2,16,490.854
64,16384,2,32,491.558
64,16384,2,64,490.587
64,16384,2,128,492.71
64,16384,2,256,496.752
64,16384,2,512,504.582
64,16384,2,1024,518.064
64,16384,2,2048,556.252
64,16384,2,4096,617.959
64,16384,2,8192,737.203
64,16384,2,16384,976.738
64,16384,4,16,493.478
64,16384,4,32,494.374
64,16384,4,64,494.171
64,16384,4,128,500.87
64,16384,4,256,506.353
64,16384,4,512,519.58
64,16384,4,1024,548.199
64,16384,4,2048,615.901
64,16384,4,4096,734.344
64,16384,4,8192,967.638
64,16384,4,16384,1456.46
64,16384,8,16,504.903
64,16384,8,32,503.91
64,16384,8,64,507.185
64,16384,8,128,520.88
64,16384,8,256,539.803
64,16384,8,512,573.544
64,16384,8,1024,647.432
64,16384,8,2048,804.554
64,16384,8,4096,1099.02
64,16384,8,8192,1450.5
64,16384,8,16384,2435.86
64,16384,16,16,530.332
64,16384,16,32,530.855
64,16384,16,64,532.273
64,16384,16,128,567.591
64,16384,16,256,609.523
64,16384,16,512,688.425
64,16384,16,1024,854.304
64,16384,16,2048,1133.37
64,16384,16,4096,1605.5
64,16384,16,8192,2883.41
64,16384,16,16384,4985.76
64,16384,32,16,591.175
64,16384,32,32,588.562
64,16384,32,64,591.527
64,16384,32,128,662.579
64,16384,32,256,747.966
64,16384,32,512,929.612
64,16384,32,1024,1305.7
64,16384,32,2048,1995.68
64,16384,32,4096,3382.35
64,16384,32,8192,5996.88
64,16384,32,16384,11379.1
64,16384,64,16,703.827
64,16384,64,32,709.022
64,16384,64,64,714.739
64,16384,64,128,872.693
64,16384,64,256,1073.57
64,16384,64,512,1477.56
64,16384,64,1024,2252.17
64,16384,64,2048,3743.93
64,16384,64,4096,6677.57
64,16384,64,8192,12523.6
64,16384,64,16384,24693.2
64,16384,128,16,862.592
64,16384,128,32,878.998
64,16384,128,64,983.202
64,16384,128,128,1244.24
64,16384,128,256,1571.24
64,16384,128,512,2302.79
64,16384,128,1024,3772.93
64,16384,128,2048,6738.28
64,16384,128,4096,12606.5
64,16384,128,8192,24583.2
64,16384,128,16384,48718.9
128,0,0,0,13.728
128,0,1,16,20.267
128,0,1,32,20.2353
128,0,1,64,20.1817
128,0,1,128,23.4137
128,0,1,256,26.7097
128,0,1,512,37.3027
128,0,1,1024,51.606
128,0,1,2048,80.2463
128,0,1,4096,139.938
128,0,1,8192,256.238
128,0,1,16384,491.227
128,0,2,16,23.584
128,0,2,32,23.617
128,0,2,64,23.8083
128,0,2,128,28.9177
128,0,2,256,36.32
128,0,2,512,49.697
128,0,2,1024,78.3043
128,0,2,2048,115.617
128,0,2,4096,173.858
128,0,2,8192,291.321
128,0,2,16384,524.113
128,0,4,16,30.9977
128,0,4,32,31.3383
128,0,4,64,31.4777
128,0,4,128,39.478
128,0,4,256,49.355
128,0,4,512,70.5823
128,0,4,1024,109.74
128,0,4,2048,169.473
128,0,4,4096,286.339
128,0,4,8192,522.087
128,0,4,16384,992.236
128,0,8,16,43.4457
128,0,8,32,44.3097
128,0,8,64,44.8647
128,0,8,128,59.158
128,0,8,256,76.6407
128,0,8,512,111.639
128,0,8,1024,175.16
128,0,8,2048,294.255
128,0,8,4096,528.402
128,0,8,8192,997.752
128,0,8,16384,1964.85
128,0,16,16,67.4893
128,0,16,32,68.9077
128,0,16,64,69.9203
128,0,16,128,98.0927
128,0,16,256,129.772
128,0,16,512,193.805
128,0,16,1024,312.655
128,0,16,2048,547.825
128,0,16,4096,1020.17
128,0,16,8192,1976.9
128,0,16,16384,4134.4
128,0,32,16,115.457
128,0,32,32,117.73
128,0,32,64,119.799
128,0,32,128,175.362
128,0,32,256,236.974
128,0,32,512,360.186
128,0,32,1024,601.939
128,0,32,2048,1109.41
128,0,32,4096,2351.75
128,0,32,8192,5430.61
128,0,32,16384,10721.2
128,0,64,16,210.456
128,0,64,32,214.989
128,0,64,64,218.701
128,0,64,128,330.479
128,0,64,256,472.316
128,0,64,512,830.923
128,0,64,1024,1570.99
128,0,64,2048,3091.66
128,0,64,4096,6111.34
128,0,64,8192,12188.5
128,0,64,16384,24270
128,0,128,16,364.272
128,0,128,32,372.079
128,0,128,64,420.251
128,0,128,128,663.209
128,0,128,256,933.879
128,0,128,512,1603.87
128,0,128,1024,3086.89
128,0,128,2048,6111.45
128,0,128,4096,12145.4
128,0,128,8192,24261.3
128,0,128,16384,48416.4
128,16,0,0,15.691
128,16,1,16,23.4453
128,16,1,32,23.5203
128,16,1,64,23.5947
128,16,1,128,24.534
128,16,1,256,28.1497
128,16,1,512,38.4433
128,16,1,1024,53.2917
128,16,1,2048,82.2303
128,16,1,4096,139.949
128,16,1,8192,256.153
128,16,1,16384,492.241
128,16,2,16,28.5443
128,16,2,32,28.2887
128,16,2,64,28.5973
128,16,2,128,29.483
128,16,2,256,36.0213
128,16,2,512,49.3343
128,16,2,1024,78.7213
128,16,2,2048,126.839
128,16,2,4096,185.016
128,16,2,8192,302.201
128,16,2,16384,531.366
128,16,4,16,36.3207
128,16,4,32,36.4273
128,16,4,64,36.5127
128,16,4,128,40.4163
128,16,4,256,49.5793
128,16,4,512,70.6677
128,16,4,1024,113.175
128,16,4,2048,178.092
128,16,4,4096,293.507
128,16,4,8192,528.924
128,16,4,16384,997.848
128,16,8,16,47.7983
128,16,8,32,48.278
128,16,8,64,49.164
128,16,8,128,60.3957
128,16,8,256,77.132
128,16,8,512,112.173
128,16,8,1024,182.135
128,16,8,2048,300.292
128,16,8,4096,538.717
128,16,8,8192,1004.8
128,16,8,16384,1952.64
128,16,16,16,71.0937
128,16,16,32,72.4487
128,16,16,64,73.2813
128,16,16,128,99.5747
128,16,16,256,130.892
128,16,16,512,193.678
128,16,16,1024,318.233
128,16,16,2048,552.071
128,16,16,4096,1023.51
128,16,16,8192,1969.83
128,16,16,16384,4327.35
128,16,32,16,117.495
128,16,32,32,120.097
128,16,32,64,121.665
128,16,32,128,176.643
128,16,32,256,237.816
128,16,32,512,369.722
128,16,32,1024,609.223
128,16,32,2048,1124.69
128,16,32,4096,2381.5
128,16,32,8192,5421.6
128,16,32,16384,10879.3
128,16,64,16,211.907
128,16,64,32,216.515
128,16,64,64,220.141
128,16,64,128,331.919
128,16,64,256,471.697
128,16,64,512,820.736
128,16,64,1024,1568.61
128,16,64,2048,3091.85
128,16,64,4096,6116.66
128,16,64,8192,12188.1
128,16,64,16384,24269.1
128,16,128,16,403.995
128,16,128,32,413.04
128,16,128,64,422.107
128,16,128,128,665.097
128,16,128,256,932.909
128,16,128,512,1602.54
128,16,128,1024,3095.01
128,16,128,2048,6113.38
128,16,128,4096,12151.4
128,16,128,8192,24247.6
128,16,128,16384,48419.1
128,32,0,0,16.0007
128,32,1,16,23.4023
128,32,1,32,23.457
128,32,1,64,23.5733
128,32,1,128,24.843
128,32,1,256,28.1813
128,32,1,512,38.6137
128,32,1,1024,53.4197
128,32,1,2048,81.985
128,32,1,4096,139.639
128,32,1,8192,255.683
128,32,1,16384,489.393
128,32,2,16,28.7577
128,32,2,32,28.683
128,32,2,64,28.8963
128,32,2,128,29.6747
128,32,2,256,36.0967
128,32,2,512,49.4617
128,32,2,1024,78.5717
128,32,2,2048,127.298
128,32,2,4096,187.437
128,32,2,8192,301.028
128,32,2,16384,533.437
128,32,4,16,36.608
128,32,4,32,36.5443
128,32,4,64,36.5767
128,32,4,128,40.5663
128,32,4,256,49.6007
128,32,4,512,70.6467
128,32,4,1024,113.367
128,32,4,2048,178.189
128,32,4,4096,294.308
128,32,4,8192,526.578
128,32,4,16384,995.662
128,32,8,16,48.1827
128,32,8,32,48.5877
128,32,8,64,49.067
128,32,8,128,60.417
128,32,8,256,77.2273
128,32,8,512,112.066
128,32,8,1024,182.691
128,32,8,2048,300.666
128,32,8,4096,537.575
128,32,8,8192,1002.25
128,32,8,16384,1959.84
128,32,16,16,71.244
128,32,16,32,72.4813
128,32,16,64,73.4837
128,32,16,128,99.756
128,32,16,256,130.679
128,32,16,512,194.445
128,32,16,1024,317.37
128,32,16,2048,552.423
128,32,16,4096,1022.75
128,32,16,8192,1994.59
128,32,16,16384,4128.83
128,32,32,16,117.698
128,32,32,32,120.237
128,32,32,64,121.847
128,32,32,128,176.749
128,32,32,256,237.774
128,32,32,512,369.967
128,32,32,1024,610.888
128,32,32,2048,1116.91
128,32,32,4096,2353.68
128,32,32,8192,5246.45
128,32,32,16384,10793.5
128,32,64,16,211.704
128,32,64,32,216.28
128,32,64,64,220.323
128,32,64,128,332.442
128,32,64,256,471.601
128,32,64,512,834.934
128,32,64,1024,1569.14
128,32,64,2048,3096.85
128,32,64,4096,6104.33
128,32,64,8192,12162.1
128,32,64,16384,24275.8
128,32,128,16,365.669
128,32,128,32,373.265
128,32,128,64,421.659
128,32,128,128,665.172
128,32,128,256,933.24
128,32,128,512,1613.1
128,32,128,1024,3090.99
128,32,128,2048,6112.36
128,32,128,4096,12152.3
128,32,128,8192,24237.1
128,32,128,16384,48412.9
128,64,0,0,16.2137
128,64,1,16,23.574
128,64,1,32,26.1013
128,64,1,64,26.39
128,64,1,128,27.7227
128,64,1,256,31.7127
128,64,1,512,38.6887
128,64,1,1024,53.462
128,64,1,2048,82.4863
128,64,1,4096,140.162
128,64,1,8192,257.209
128,64,1,16384,493.212
128,64,2,16,29.1847
128,64,2,32,29.099
128,64,2,64,29.163
128,64,2,128,29.7283
128,64,2,256,36.1817
128,64,2,512,49.836
128,64,2,1024,78.4863
128,64,2,2048,128.365
128,64,2,4096,186.275
128,64,2,8192,302.255
128,64,2,16384,532.552
128,64,4,16,36.5877
128,64,4,32,36.6513
128,64,4,64,36.8003
128,64,4,128,40.3953
128,64,4,256,49.8993
128,64,4,512,70.6037
128,64,4,1024,113.143
128,64,4,2048,178.125
128,64,4,4096,296.559
128,64,4,8192,529.511
128,64,4,16384,996.42
128,64,8,16,48.3633
128,64,8,32,48.9077
128,64,8,64,49.3343
128,64,8,128,60.63
128,64,8,256,77.3453
128,64,8,512,112.034
128,64,8,1024,181.666
128,64,8,2048,300.228
128,64,8,4096,535.57
128,64,8,8192,1007.07
128,64,8,16384,1977.24
128,64,16,16,71.532
128,64,16,32,72.641
128,64,16,64,73.8677
128,64,16,128,99.692
128,64,16,256,131.17
128,64,16,512,193.624
128,64,16,1024,317.391
128,64,16,2048,554.611
128,64,16,4096,1021.92
128,64,16,8192,1978.13
128,64,16,16384,4128.31
128,64,32,16,117.772
128,64,32,32,120.173
128,64,32,64,122.124
128,64,32,128,176.994
128,64,32,256,237.987
128,64,32,512,371.269
128,64,32,1024,609.47
128,64,32,2048,1120.67
128,64,32,4096,2359.66
128,64,32,8192,5448.11
128,64,32,16384,10937.4
128,64,64,16,212.013
128,64,64,32,216.74
128,64,64,64,220.323
128,64,64,128,332.72
128,64,64,256,473.436
128,64,64,512,824.641
128,64,64,1024,1571.1
128,64,64,2048,3093.11
128,64,64,4096,6110.66
128,64,64,8192,12201.1
128,64,64,16384,24296.2
128,64,128,16,404.454
128,64,128,32,413.062
128,64,128,64,421.787
128,64,128,128,664.404
128,64,128,256,933.08
128,64,128,512,1606.58
128,64,128,1024,3088.81
128,64,128,2048,6110.96
128,64,128,4096,12152.7
128,64,128,8192,24247.6
128,64,128,16384,48419.3
128,128,0,0,17.4933
128,128,1,16,25.8993
128,128,1,32,25.899
128,128,1,64,26.0807
128,128,1,128,26.667
128,128,1,256,30.3893
128,128,1,512,41.249
128,128,1,1024,55.6067
128,128,1,2048,85.057
128,128,1,4096,142.647
128,128,1,8192,260.195
128,128,1,16384,496.285
128,128,2,16,30.0483
128,128,2,32,29.984
128,128,2,64,30.1127
128,128,2,128,31.318
128,128,2,256,36.673
128,128,2,512,51.136
128,128,2,1024,79.1797
128,128,2,2048,137.186
128,128,2,4096,196.344
128,128,2,8192,313.295
128,128,2,16384,564.584
128,128,4,16,37.7607
128,128,4,32,38.1553
128,128,4,64,38.4213
128,128,4,128,42.592
128,128,4,256,50.9557
128,128,4,512,72.2143
128,128,4,1024,114.284
128,128,4,2048,184.013
128,128,4,4096,302.703
128,128,4,8192,541.618
128,128,4,16384,1020.47
128,128,8,16,49.8673
128,128,8,32,50.4437
128,128,8,64,51.1047
128,128,8,128,63.5207
128,128,8,256,79.233
128,128,8,512,113.293
128,128,8,1024,184.418
128,128,8,2048,305.69
128,128,8,4096,541.767
128,128,8,8192,1014.54
128,128,8,16384,1974.49
128,128,16,16,73.6117
128,128,16,32,74.6783
128,128,16,64,75.7553
128,128,16,128,103.212
128,128,16,256,134.007
128,128,16,512,195.779
128,128,16,1024,323.567
128,128,16,2048,558.067
128,128,16,4096,1029.43
128,128,16,8192,2018.78
128,128,16,16384,4281.94
128,128,32,16,120.269
128,128,32,32,122.552
128,128,32,64,124.364
128,128,32,128,179.779
128,128,32,256,241.603
128,128,32,512,373.414
128,128,32,1024,622.708
128,128,32,2048,1135.33
128,128,32,4096,2388.95
128,128,32,8192,5338.31
128,128,32,16384,10833.8
128,128,64,16,214.062
128,128,64,32,218.734
128,128,64,64,222.392
128,128,64,128,334.928
128,128,64,256,486.823
128,128,64,512,828.449
128,128,64,1024,1569.4
128,128,64,2048,3088.78
128,128,64,4096,6116.47
128,128,64,8192,12160.4
128,128,64,16384,24268
128,128,128,16,389.467
128,128,128,32,397.734
128,128,128,64,422.705
128,128,128,128,669.087
128,128,128,256,937.389
128,128,128,512,1610.47
128,128,128,1024,3095.92
128,128,128,2048,6117.48
128,128,128,4096,12152.1
128,128,128,8192,24227
128,128,128,16384,48407.9
128,256,0,0,21.0457
128,256,1,16,32.63
128,256,1,32,32.6507
128,256,1,64,32.6723
128,256,1,128,33.0027
128,256,1,256,33.7923
128,256,1,512,45.3773
128,256,1,1024,59.873
128,256,1,2048,88.6097
128,256,1,4096,147.724
128,256,1,8192,264.292
128,256,1,16384,497.82
128,256,2,16,37.0033
128,256,2,32,36.843
128,256,2,64,37.1853
128,256,2,128,37.91
128,256,2,256,39.0723
128,256,2,512,51.7023
128,256,2,1024,79.8623
128,256,2,2048,137.762
128,256,2,4096,218.648
128,256,2,8192,341.84
128,256,2,16384,584.468
128,256,4,16,44.0323
128,256,4,32,44.1393
128,256,4,64,44.2887
128,256,4,128,51.287
128,256,4,256,54.2723
128,256,4,512,73.4837
128,256,4,1024,114.924
128,256,4,2048,199.864
128,256,4,4096,316.986
128,256,4,8192,558.781
128,256,4,16384,1042.84
128,256,8,16,56.481
128,256,8,32,56.886
128,256,8,64,57.228
128,256,8,128,70.6467
128,256,8,256,82.6677
128,256,8,512,115.799
128,256,8,1024,184.184
128,256,8,2048,317.189
128,256,8,4096,553.043
128,256,8,8192,1037.64
128,256,8,16384,2011.49
128,256,16,16,80.3853
128,256,16,32,81.8467
128,256,16,64,82.508
128,256,16,128,108.29
128,256,16,256,137.121
128,256,16,512,198.382
128,256,16,1024,330.959
128,256,16,2048,570.483
128,256,16,4096,1046.49
128,256,16,8192,2048.08
128,256,16,16384,4096.31
128,256,32,16,127.266
128,256,32,32,129.709
128,256,32,64,131.17
128,256,32,128,182.968
128,256,32,256,245.593
128,256,32,512,380.582
128,256,32,1024,654.186
128,256,32,2048,1181.26
128,256,32,4096,2445.5
128,256,32,8192,5457.78
128,256,32,16384,10867.5
128,256,64,16,219.748
128,256,64,32,224.312
128,256,64,64,228.099
128,256,64,128,339.322
128,256,64,256,492.199
128,256,64,512,826.381
128,256,64,1024,1570.82
128,256,64,2048,3096.63
128,256,64,4096,6118.3
128,256,64,8192,12196
128,256,64,16384,24278.1
128,256,128,16,371.386
128,256,128,32,379.344
128,256,128,64,428.167
128,256,128,128,672.863
128,256,128,256,943.311
128,256,128,512,1598.73
128,256,128,1024,3092.19
128,256,128,2048,6113.67
128,256,128,4096,12155.2
128,256,128,8192,24236.6
128,256,128,16384,48428
128,512,0,0,28.0433
128,512,1,16,45.451
128,512,1,32,50.5397
128,512,1,64,50.4753
128,512,1,128,50.8167
128,512,1,256,51.1053
128,512,1,512,52.6413
128,512,1,1024,67.4573
128,512,1,2048,96.5133
128,512,1,4096,154.466
128,512,1,8192,272.794
128,512,1,16384,507.463
128,512,2,16,50.625
128,512,2,32,50.7733
128,512,2,64,50.7527
128,512,2,128,51.276
128,512,2,256,52.7687
128,512,2,512,54.2947
128,512,2,1024,81.036
128,512,2,2048,138.562
128,512,2,4096,254.34
128,512,2,8192,384.816
128,512,2,16384,629.674
128,512,4,16,56.662
128,512,4,32,56.9397
128,512,4,64,57.0357
128,512,4,128,62.1553
128,512,4,256,70.7847
128,512,4,512,76.929
128,512,4,1024,116.951
128,512,4,2048,202.531
128,512,4,4096,349.915
128,512,4,8192,589.417
128,512,4,16384,1076.33
128,512,8,16,69.5263
128,512,8,32,69.9533
128,512,8,64,70.4227
128,512,8,128,82.156
128,512,8,256,97.2707
128,512,8,512,119.799
128,512,8,1024,188.163
128,512,8,2048,331.013
128,512,8,4096,587.422
128,512,8,8192,1081.66
128,512,8,16384,2144.89
128,512,16,16,93.1213
128,512,16,32,94.497
128,512,16,64,95.5537
128,512,16,128,120.77
128,512,16,256,149.421
128,512,16,512,203.427
128,512,16,1024,332.719
128,512,16,2048,620.458
128,512,16,4096,1137.06
128,512,16,8192,2256.17
128,512,16,16384,4451.88
128,512,32,16,140.834
128,512,32,32,142.765
128,512,32,64,144.621
128,512,32,128,196.419
128,512,32,256,253.433
128,512,32,512,393.19
128,512,32,1024,712.288
128,512,32,2048,1318.46
128,512,32,4096,2636.92
128,512,32,8192,5401.92
128,512,32,16384,11156.1
128,512,64,16,233.614
128,512,64,32,237.849
128,512,64,64,241.54
128,512,64,128,347.835
128,512,64,256,490.739
128,512,64,512,838.467
128,512,64,1024,1575.19
128,512,64,2048,3099.09
128,512,64,4096,6115.84
128,512,64,8192,12169.8
128,512,64,16384,24274.7
128,512,128,16,380.198
128,512,128,32,387.686
128,512,128,64,437.265
128,512,128,128,681.44
128,512,128,256,950.757
128,512,128,512,1618.96
128,512,128,1024,3094.36
128,512,128,2048,6122.79
128,512,128,4096,12156.9
128,512,128,8192,24253.4
128,512,128,16384,48427.5
128,1024,0,0,42.3793
128,1024,1,16,61.2063
128,1024,1,32,61.7717
128,1024,1,64,61.8993
128,1024,1,128,71.9797
128,1024,1,256,72.1397
128,1024,1,512,80.4813
128,1024,1,1024,82.839
128,1024,1,2048,111.927
128,1024,1,4096,170.349
128,1024,1,8192,288.122
128,1024,1,16384,520.467
128,1024,2,16,77.6757
128,1024,2,32,77.9423
128,1024,2,64,77.9427
128,1024,2,128,80.0543
128,1024,2,256,80.5237
128,1024,2,512,81.9217
128,1024,2,1024,84.5447
128,1024,2,2048,141.367
128,1024,2,4096,254.372
128,1024,2,8192,467.507
128,1024,2,16384,714.88
128,1024,4,16,81.452
128,1024,4,32,80.9183
128,1024,4,64,80.897
128,1024,4,128,89.719
128,1024,4,256,95.031
128,1024,4,512,107.521
128,1024,4,1024,121.57
128,1024,4,2048,206.393
128,1024,4,4096,373.99
128,1024,4,8192,652.224
128,1024,4,16384,1138.88
128,1024,8,16,92.9827
128,1024,8,32,94.081
128,1024,8,64,94.3587
128,1024,8,128,108.759
128,1024,8,256,122.125
128,1024,8,512,148.055
128,1024,8,1024,194.115
128,1024,8,2048,336.773
128,1024,8,4096,628.107
128,1024,8,8192,1155.74
128,1024,8,16384,2197.89
128,1024,16,16,118.071
128,1024,16,32,119.298
128,1024,16,64,120.29
128,1024,16,128,147.256
128,1024,16,256,175.757
128,1024,16,512,228.687
128,1024,16,1024,337.979
128,1024,16,2048,636.874
128,1024,16,4096,1284.82
128,1024,16,8192,2459.11
128,1024,16,16384,4850.03
128,1024,32,16,166.498
128,1024,32,32,168.962
128,1024,32,64,170.659
128,1024,32,128,223.235
128,1024,32,256,280.74
128,1024,32,512,407.58
128,1024,32,1024,679.382
128,1024,32,2048,1467.82
128,1024,32,4096,2864.68
128,1024,32,8192,5519.56
128,1024,32,16384,11366.9
128,1024,64,16,260.655
128,1024,64,32,264.569
128,1024,64,64,268.196
128,1024,64,128,375.259
128,1024,64,256,518.984
128,1024,64,512,845.838
128,1024,64,1024,1597.12
128,1024,64,2048,3105.06
128,1024,64,4096,6129.99
128,1024,64,8192,12220.7
128,1024,64,16384,24296.7
128,1024,128,16,408.156
128,1024,128,32,416.231
128,1024,128,64,424.583
128,1024,128,128,701.397
128,1024,128,256,967.108
128,1024,128,512,1623.3
128,1024,128,1024,3119.95
128,1024,128,2048,6131.08
128,1024,128,4096,12174.2
128,1024,128,8192,24278.1
128,1024,128,16384,48438
128,2048,0,0,70.881
128,2048,1,16,88.1087
128,2048,1,32,88.1613
128,2048,1,64,87.9263
128,2048,1,128,101.165
128,2048,1,256,125.858
128,2048,1,512,138.317
128,2048,1,1024,138.563
128,2048,1,2048,143.661
128,2048,1,4096,201.55
128,2048,1,8192,319.205
128,2048,1,16384,555.08
128,2048,2,16,107.447
128,2048,2,32,107.842
128,2048,2,64,107.8
128,2048,2,128,124.781
128,2048,2,256,138.242
128,2048,2,512,138.424
128,2048,2,1024,139.619
128,2048,2,2048,145.111
128,2048,2,4096,260.655
128,2048,2,8192,490.046
128,2048,2,16384,881.145
128,2048,4,16,133.943
128,2048,4,32,134.807
128,2048,4,64,134.925
128,2048,4,128,138.444
128,2048,4,256,140.408
128,2048,4,512,158.755
128,2048,4,1024,180.642
128,2048,4,2048,211.577
128,2048,4,4096,384.731
128,2048,4,8192,721.804
128,2048,4,16384,1250.71
128,2048,8,16,144.567
128,2048,8,32,144.813
128,2048,8,64,144.664
128,2048,8,128,156.664
128,2048,8,256,167.715
128,2048,8,512,199.768
128,2048,8,1024,250.841
128,2048,8,2048,342.171
128,2048,8,4096,635.52
128,2048,8,8192,1250.41
128,2048,8,16384,2299.44
128,2048,16,16,166.158
128,2048,16,32,166.424
128,2048,16,64,167.736
128,2048,16,128,195.971
128,2048,16,256,223.939
128,2048,16,512,283.417
128,2048,16,1024,392.39
128,2048,16,2048,606.549
128,2048,16,4096,1306.52
128,2048,16,8192,2663.57
128,2048,16,16384,5006.54
128,2048,32,16,215.459
128,2048,32,32,217.934
128,2048,32,64,219.321
128,2048,32,128,274.735
128,2048,32,256,332.774
128,2048,32,512,463.186
128,2048,32,1024,735.179
128,2048,32,2048,1337.3
128,2048,32,4096,2918.01
128,2048,32,8192,5735.55
128,2048,32,16384,11125.7
128,2048,64,16,311.664
128,2048,64,32,316.144
128,2048,64,64,319.664
128,2048,64,128,430.332
128,2048,64,256,580.66
128,2048,64,512,892.953
128,2048,64,1024,1618.03
128,2048,64,2048,3139.44
128,2048,64,4096,6149.08
128,2048,64,8192,12195.3
128,2048,64,16384,24293.5
128,2048,128,16,484.37
128,2048,128,32,492.883
128,2048,128,64,502.728
128,2048,128,128,759.586
128,2048,128,256,1020.08
128,2048,128,512,1663.68
128,2048,128,1024,3133.13
128,2048,128,2048,6170.32
128,2048,128,4096,12191
128,2048,128,8192,24280.5
128,2048,128,16384,48476.3
128,4096,0,0,126.541
128,4096,1,16,139.96
128,4096,1,32,140.023
128,4096,1,64,141.08
128,4096,1,128,151.907
128,4096,1,256,184.601
128,4096,1,512,212.291
128,4096,1,1024,252.975
128,4096,1,2048,253.561
128,4096,1,4096,262.714
128,4096,1,8192,381.18
128,4096,1,16384,617.098
128,4096,2,16,166.541
128,4096,2,32,166.915
128,4096,2,64,167
128,4096,2,128,183.854
128,4096,2,256,200.163
128,4096,2,512,235.012
128,4096,2,1024,252.932
128,4096,2,2048,255.119
128,4096,2,4096,264.474
128,4096,2,8192,497.597
128,4096,2,16384,973.626
128,4096,4,16,192.952
128,4096,4,32,193.646
128,4096,4,64,193.464
128,4096,4,128,225.497
128,4096,4,256,253.38
128,4096,4,512,254.127
128,4096,4,1024,288.56
128,4096,4,2048,327.439
128,4096,4,4096,389.937
128,4096,4,8192,740.258
128,4096,4,16384,1419.56
128,4096,8,16,238.894
128,4096,8,32,240.611
128,4096,8,64,242.01
128,4096,8,128,257.497
128,4096,8,256,267.385
128,4096,8,512,296.443
128,4096,8,1024,359.035
128,4096,8,2048,456.914
128,4096,8,4096,639.584
128,4096,8,8192,1239.79
128,4096,8,16384,2515.37
128,4096,16,16,265.851
128,4096,16,32,265.69
128,4096,16,64,266.244
128,4096,16,128,289.296
128,4096,16,256,317.861
128,4096,16,512,378.47
128,4096,16,1024,507.069
128,4096,16,2048,718.466
128,4096,16,4096,1146.31
128,4096,16,8192,2740.65
128,4096,16,16384,5387.61
128,4096,32,16,309.317
128,4096,32,32,312.464
128,4096,32,64,314.106
128,4096,32,128,370.385
128,4096,32,256,431.367
128,4096,32,512,563.017
128,4096,32,1024,849.774
128,4096,32,2048,1458.2
128,4096,32,4096,2832.49
128,4096,32,8192,5814.78
128,4096,32,16384,11414.4
128,4096,64,16,410.418
128,4096,64,32,414.609
128,4096,64,64,418.3
128,4096,64,128,532.606
128,4096,64,256,681.633
128,4096,64,512,995.803
128,4096,64,1024,1722.75
128,4096,64,2048,3177.92
128,4096,64,4096,6191.02
128,4096,64,8192,12275.4
128,4096,64,16384,24358.8
128,4096,128,16,547.198
128,4096,128,32,557.225
128,4096,128,64,569.194
128,4096,128,128,865.957
128,4096,128,256,1130.62
128,4096,128,512,1761.05
128,4096,128,1024,3193.65
128,4096,128,2048,6206.89
128,4096,128,4096,12236.7
128,4096,128,8192,24330.1
128,4096,128,16384,48514.3
128,8192,0,0,236.335
128,8192,1,16,245.882
128,8192,1,32,246.148
128,8192,1,64,245.092
128,8192,1,128,257.701
128,8192,1,256,270.202
128,8192,1,512,328.602
128,8192,1,1024,386.332
128,8192,1,2048,481.256
128,8192,1,4096,494.92
128,8192,1,8192,499.134
128,8192,1,16384,737.858
128,8192,2,16,282.97
128,8192,2,32,283.194
128,8192,2,64,284.271
128,8192,2,128,299.354
128,8192,2,256,317.648
128,8192,2,512,352.069
128,8192,2,1024,421.649
128,8192,2,2048,481.426
128,8192,2,4096,496.669
128,8192,2,8192,502.087
128,8192,2,16384,970.053
128,8192,4,16,309.008
128,8192,4,32,310.448
128,8192,4,64,311.461
128,8192,4,128,343.728
128,8192,4,256,378.726
128,8192,4,512,450.312
128,8192,4,1024,482.771
128,8192,4,2048,547.934
128,8192,4,4096,618.805
128,8192,4,8192,745.239
128,8192,4,16384,1448.4
128,8192,8,16,356.625
128,8192,8,32,356.71
128,8192,8,64,359.409
128,8192,8,128,419.837
128,8192,8,256,486.663
128,8192,8,512,487.763
128,8192,8,1024,551.199
128,8192,8,2048,679.051
128,8192,8,4096,863.823
128,8192,8,8192,1231.67
128,8192,8,16384,2507.77
128,8192,16,16,451.954
128,8192,16,32,456.168
128,8192,16,64,459.421
128,8192,16,128,490.952
128,8192,16,256,510.899
128,8192,16,512,569.545
128,8192,16,1024,708.139
128,8192,16,2048,953.275
128,8192,16,4096,1376.74
128,8192,16,8192,2578.91
128,8192,16,16384,5488.5
128,8192,32,16,506.248
128,8192,32,32,508.435
128,8192,32,64,513.235
128,8192,32,128,562.11
128,8192,32,256,621.365
128,8192,32,512,765.069
128,8192,32,1024,1084.61
128,8192,32,2048,1728.53
128,8192,32,4096,3088.49
128,8192,32,8192,5810.55
128,8192,32,16384,11641.6
128,8192,64,16,600.149
128,8192,64,32,605.365
128,8192,64,64,609.376
128,8192,64,128,731.543
128,8192,64,256,877.838
128,8192,64,512,1196.58
128,8192,64,1024,1917.07
128,8192,64,2048,3381.17
128,8192,64,4096,6302.56
128,8192,64,8192,12370.9
128,8192,64,16384,24474.4
128,8192,128,16,729.837
128,8192,128,32,739.33
128,8192,128,64,779.021
128,8192,128,128,1077.63
128,8192,128,256,1343.15
128,8192,128,512,1970.26
128,8192,128,1024,3402.05
128,8192,128,2048,6353.54
128,8192,128,4096,12336.2
128,8192,128,8192,24451.4
128,8192,128,16384,48609.3
128,16384,0,0,460.733
128,16384,1,16,454.92
128,16384,1,32,453.735
128,16384,1,64,455.069
128,16384,1,128,465.598
128,16384,1,256,530.162
128,16384,1,512,558.549
128,16384,1,1024,617.503
128,16384,1,2048,737.026
128,16384,1,4096,960.08
128,16384,1,8192,965.873
128,16384,1,16384,978.202
128,16384,2,16,514.718
128,16384,2,32,516.253
128,16384,2,64,514.868
128,16384,2,128,531.689
128,16384,2,256,550.965
128,16384,2,512,585.417
128,16384,2,1024,656.32
128,16384,2,2048,803.8
128,16384,2,4096,942.779
128,16384,2,8192,966.651
128,16384,2,16384,984.134
128,16384,4,16,542.858
128,16384,4,32,544.799
128,16384,4,64,545.396
128,16384,4,128,575.295
128,16384,4,256,615.893
128,16384,4,512,696.749
128,16384,4,1024,831.96
128,16384,4,2048,942.972
128,16384,4,4096,1092.03
128,16384,4,8192,1207.17
128,16384,4,16384,1471.33
128,16384,8,16,588.864
128,16384,8,32,591.839
128,16384,8,64,593.717
128,16384,8,128,661.633
128,16384,8,256,727.169
128,16384,8,512,850.308
128,16384,8,1024,946.18
128,16384,8,2048,1056.05
128,16384,8,4096,1330.26
128,16384,8,8192,1683.09
128,16384,8,16384,2536.62
128,16384,16,16,693.804
128,16384,16,32,698.551
128,16384,16,64,701.43
128,16384,16,128,814.723
128,16384,16,256,930.459
128,16384,16,512,968.859
128,16384,16,1024,1085.9
128,16384,16,2048,1330.83
128,16384,16,4096,1889.27
128,16384,16,8192,2988.56
128,16384,16,16384,5503.02
128,16384,32,16,887.013
128,16384,32,32,894.128
128,16384,32,64,897.296
128,16384,32,128,968.773
128,16384,32,256,1018.62
128,16384,32,512,1146.73
128,16384,32,1024,1480.61
128,16384,32,2048,2152.86
128,16384,32,4096,3527.6
128,16384,32,8192,6204.68
128,16384,32,16384,11580.4
128,16384,64,16,1010.82
128,16384,64,32,1006.37
128,16384,64,64,1011.06
128,16384,64,128,1116.61
128,16384,64,256,1262.01
128,16384,64,512,1584.99
128,16384,64,1024,2305.12
128,16384,64,2048,3771.34
128,16384,64,4096,6714.65
128,16384,64,8192,12581.7
128,16384,64,16384,24640
128,16384,128,16,1076.81
128,16384,128,32,1087.75
128,16384,128,64,1218.45
128,16384,128,128,1475.38
128,16384,128,256,1755.34
128,16384,128,512,2380.13
128,16384,128,1024,3826.83
128,16384,128,2048,6765.42
128,16384,128,4096,12623.2
128,16384,128,8192,24627.8
128,16384,128,16384,48744
256,0,0,0,28.5973
256,0,1,16,37.206
256,0,1,32,37.6107
256,0,1,64,37.3237
256,0,1,128,38.6567
256,0,1,256,42.3043
256,0,1,512,50.7847
256,0,1,1024,66.9663
256,0,1,2048,95.2553
256,0,1,4096,152.984
256,0,1,8192,268.228
256,0,1,16384,501.001
256,0,2,16,40.95
256,0,2,32,40.683
256,0,2,64,40.4913
256,0,2,128,42.3257
256,0,2,256,49.1533
256,0,2,512,61.8677
256,0,2,1024,86.4873
256,0,2,2048,139.682
256,0,2,4096,224.815
256,0,2,8192,343.057
256,0,2,16384,590.56
256,0,4,16,47.5313
256,0,4,32,47.8617
256,0,4,64,47.8733
256,0,4,128,53.291
256,0,4,256,62.9983
256,0,4,512,82.764
256,0,4,1024,121.836
256,0,4,2048,201.731
256,0,4,4096,323.078
256,0,4,8192,562.889
256,0,4,16384,1038.58
256,0,8,16,61.644
256,0,8,32,62.3157
256,0,8,64,63.276
256,0,8,128,74.86
256,0,8,256,92.844
256,0,8,512,126.317
256,0,8,1024,192.91
256,0,8,2048,323.888
256,0,8,4096,562.954
256,0,8,8192,1031.8
256,0,8,16384,2016.69
256,0,16,16,89.314
256,0,16,32,90.348
256,0,16,64,91.2233
256,0,16,128,119.021
256,0,16,256,150.264
256,0,16,512,212.974
256,0,16,1024,343.878
256,0,16,2048,581.77
256,0,16,4096,1049.3
256,0,16,8192,2004.94
256,0,16,16384,3999.63
256,0,32,16,144.141
256,0,32,32,146.307
256,0,32,64,148.397
256,0,32,128,204.153
256,0,32,256,265.519
256,0,32,512,400.402
256,0,32,1024,671.969
256,0,32,2048,1166.3
256,0,32,4096,2187.42
256,0,32,8192,5369.75
256,0,32,16384,10790.3
256,0,64,16,255.269
256,0,64,32,259.93
256,0,64,64,263.418
256,0,64,128,374.652
256,0,64,256,505.854
256,0,64,512,855.289
256,0,64,1024,1583.14
256,0,64,2048,3086.97
256,0,64,4096,6135.24
256,0,64,8192,12173.7
256,0,64,16384,24295.9
256,0,128,16,436.317
256,0,128,32,445.384
256,0,128,64,497.928
256,0,128,128,742.53
256,0,128,256,1002.23
256,0,128,512,1632.42
256,0,128,1024,3095.85
256,0,128,2048,6114.11
256,0,128,4096,12159.9
256,0,128,8192,24236.2
256,0,128,16384,48434.4
256,16,0,0,33.9953
256,16,1,16,42.294
256,16,1,32,42.2307
256,16,1,64,42.689
256,16,1,128,44.022
256,16,1,256,44.9077
256,16,1,512,54.0917
256,16,1,1024,71.2867
256,16,1,2048,99.7133
256,16,1,4096,156.621
256,16,1,8192,271.141
256,16,1,16384,505.481
256,16,2,16,45.718
256,16,2,32,46.1237
256,16,2,64,46.6467
256,16,2,128,48.502
256,16,2,256,51.1687
256,16,2,512,63.809
256,16,2,1024,89.6013
256,16,2,2048,139.981
256,16,2,4096,245.21
256,16,2,8192,368.231
256,16,2,16384,613.536
256,16,4,16,53.3873
256,16,4,32,53.889
256,16,4,64,53.7827
256,16,4,128,59.105
256,16,4,256,65.6223
256,16,4,512,85.4303
256,16,4,1024,124.642
256,16,4,2048,204.046
256,16,4,4096,338.289
256,16,4,8192,577.269
256,16,4,16384,1059.31
256,16,8,16,67.7243
256,16,8,32,68.2147
256,16,8,64,68.9187
256,16,8,128,80.418
256,16,8,256,95.6173
256,16,8,512,129.495
256,16,8,1024,196.025
256,16,8,2048,333.67
256,16,8,4096,574.868
256,16,8,8192,1046.26
256,16,8,16384,2027.96
256,16,16,16,95.2013
256,16,16,32,96.3007
256,16,16,64,97.5803
256,16,16,128,122.914
256,16,16,256,153.646
256,16,16,512,215.663
256,16,16,1024,355.473
256,16,16,2048,597.557
256,16,16,4096,1062.57
256,16,16,8192,2049.08
256,16,16,16384,4143.63
256,16,32,16,150.35
256,16,32,32,152.206
256,16,32,64,154.499
256,16,32,128,207.001
256,16,32,256,268.709
256,16,32,512,400.913
256,16,32,1024,704.418
256,16,32,2048,1204.48
256,16,32,4096,2334.27
256,16,32,8192,5317.96
256,16,32,16384,11027.1
256,16,64,16,258.671
256,16,64,32,263.535
256,16,64,64,266.778
256,16,64,128,377.927
256,16,64,256,507.636
256,16,64,512,848.463
256,16,64,1024,1588.21
256,16,64,2048,3100.6
256,16,64,4096,6133.84
256,16,64,8192,12216.9
256,16,64,16384,24268.2
256,16,128,16,439.709
256,16,128,32,446.184
256,16,128,64,453.959
256,16,128,128,744.664
256,16,128,256,1005.12
256,16,128,512,1612.8
256,16,128,1024,3093.23
256,16,128,2048,6122.41
256,16,128,4096,12161.7
256,16,128,8192,24278.1
256,16,128,16384,48411.8
256,32,0,0,34.2197
256,32,1,16,42.4113
256,32,1,32,42.4967
256,32,1,64,42.6993
256,32,1,128,44.0117
256,32,1,256,45.5797
256,32,1,512,54.5503
256,32,1,1024,71.6063
256,32,1,2048,99.5437
256,32,1,4096,157.304
256,32,1,8192,273.125
256,32,1,16384,502.857
256,32,2,16,46.0913
256,32,2,32,46.3477
256,32,2,64,46.358
256,32,2,128,48.9287
256,32,2,256,51.446
256,32,2,512,64.4383
256,32,2,1024,89.1747
256,32,2,2048,138.744
256,32,2,4096,244.868
256,32,2,8192,367.772
256,32,2,16384,614.582
256,32,4,16,53.366
256,32,4,32,53.8997
256,32,4,64,54.2193
256,32,4,128,59.3827
256,32,4,256,65.6863
256,32,4,512,85.1107
256,32,4,1024,125.058
256,32,4,2048,202.244
256,32,4,4096,338.523
256,32,4,8192,580.821
256,32,4,16384,1061.1
256,32,8,16,67.7343
256,32,8,32,67.9163
256,32,8,64,69.0677
256,32,8,128,81.0467
256,32,8,256,95.4357
256,32,8,512,129.987
256,32,8,1024,195.289
256,32,8,2048,332.593
256,32,8,4096,572.362
256,32,8,8192,1051.35
256,32,8,16384,2049.37
256,32,16,16,95.3827
256,32,16,32,96.845
256,32,16,64,97.953
256,32,16,128,123.266
256,32,16,256,153.709
256,32,16,512,216.473
256,32,16,1024,354.385
256,32,16,2048,596.554
256,32,16,4096,1065.93
256,32,16,8192,2052.22
256,32,16,16384,4094.7
256,32,32,16,150.562
256,32,32,32,152.547
256,32,32,64,154.115
256,32,32,128,207.492
256,32,32,256,268.463
256,32,32,512,400.391
256,32,32,1024,694.082
256,32,32,2048,1204.64
256,32,32,4096,2306.65
256,32,32,8192,5419.01
256,32,32,16384,10817.6
256,32,64,16,259.332
256,32,64,32,263.76
256,32,64,64,266.97
256,32,64,128,378.15
256,32,64,256,507.924
256,32,64,512,848.453
256,32,64,1024,1586.49
256,32,64,2048,3107
256,32,64,4096,6134.97
256,32,64,8192,12216.6
256,32,64,16384,24296.3
256,32,128,16,483.689
256,32,128,32,492.691
256,32,128,64,501.523
256,32,128,128,745.037
256,32,128,256,1005.94
256,32,128,512,1616.86
256,32,128,1024,3097.04
256,32,128,2048,6118.17
256,32,128,4096,12161
256,32,128,8192,24242.9
256,32,128,16384,48414.3
256,64,0,0,34.849
256,64,1,16,42.934
256,64,1,32,42.785
256,64,1,64,42.7957
256,64,1,128,44.4057
256,64,1,256,46.2303
256,64,1,512,54.2727
256,64,1,1024,71.4893
256,64,1,2048,100.781
256,64,1,4096,157.08
256,64,1,8192,272.72
256,64,1,16384,504.265
256,64,2,16,46.4117
256,64,2,32,45.942
256,64,2,64,46.1767
256,64,2,128,49.0997
256,64,2,256,51.3717
256,64,2,512,64.4923
256,64,2,1024,89.645
256,64,2,2048,139.405
256,64,2,4096,246.02
256,64,2,8192,368.475
256,64,2,16384,616.758
256,64,4,16,53.6223
256,64,4,32,54.006
256,64,4,64,54.2197
256,64,4,128,59.7983
256,64,4,256,66.337
256,64,4,512,86.4233
256,64,4,1024,125.346
256,64,4,2048,203.94
256,64,4,4096,338.619
256,64,4,8192,579.775
256,64,4,16384,1062.37
256,64,8,16,68.0543
256,64,8,32,68.332
256,64,8,64,69.3127
256,64,8,128,81.4843
256,64,8,256,95.7887
256,64,8,512,129.901
256,64,8,1024,195.972
256,64,8,2048,332.966
256,64,8,4096,574.08
256,64,8,8192,1055.93
256,64,8,16384,2031.12
256,64,16,16,95.714
256,64,16,32,97.2923
256,64,16,64,98.0073
256,64,16,128,123.085
256,64,16,256,154.029
256,64,16,512,215.93
256,64,16,1024,356.989
256,64,16,2048,601.578
256,64,16,4096,1076.05
256,64,16,8192,2052.29
256,64,16,16384,4040.23
256,64,32,16,150.594
256,64,32,32,152.738
256,64,32,64,154.531
256,64,32,128,207.065
256,64,32,256,268.955
256,64,32,512,401.692
256,64,32,1024,701.26
256,64,32,2048,1214.73
256,64,32,4096,2305.73
256,64,32,8192,5264.76
256,64,32,16384,10822.8
256,64,64,16,259.333
256,64,64,32,263.92
256,64,64,64,266.991
256,64,64,128,378.131
256,64,64,256,508.511
256,64,64,512,848.996
256,64,64,1024,1588.08
256,64,64,2048,3097.56
256,64,64,4096,6137.85
256,64,64,8192,12228.9
256,64,64,16384,24282.3
256,64,128,16,438.547
256,64,128,32,447.218
256,64,128,64,501.684
256,64,128,128,744.792
256,64,128,256,1005.39
256,64,128,512,1614.06
256,64,128,1024,3097.53
256,64,128,2048,6122.52
256,64,128,4096,12168.3
256,64,128,8192,24275.5
256,64,128,16384,48412.4
256,128,0,0,35.7023
256,128,1,16,45.8997
256,128,1,32,46.3473
256,128,1,64,45.8137
256,128,1,128,48.289
256,128,1,256,49.644
256,128,1,512,57.985
256,128,1,1024,77.559
256,128,1,2048,106.946
256,128,1,4096,163.449
256,128,1,8192,280.058
256,128,1,16384,507.145
256,128,2,16,49.8893
256,128,2,32,49.8463
256,128,2,64,49.7823
256,128,2,128,52.833
256,128,2,256,54.5287
256,128,2,512,68.663
256,128,2,1024,93.0683
256,128,2,2048,140.258
256,128,2,4096,255.194
256,128,2,8192,378.93
256,128,2,16384,626.914
256,128,4,16,57.2067
256,128,4,32,57.5267
256,128,4,64,57.964
256,128,4,128,63.692
256,128,4,256,70.007
256,128,4,512,90.2957
256,128,4,1024,129.357
256,128,4,2048,205.86
256,128,4,4096,347.676
256,128,4,8192,588.906
256,128,4,16384,1078.97
256,128,8,16,72.1077
256,128,8,32,72.4923
256,128,8,64,72.5023
256,128,8,128,85.7507
256,128,8,256,100.375
256,128,8,512,134.307
256,128,8,1024,199.95
256,128,8,2048,339.548
256,128,8,4096,582.912
256,128,8,8192,1059.73
256,128,8,16384,2057.9
256,128,16,16,99.682
256,128,16,32,100.94
256,128,16,64,101.527
256,128,16,128,127.181
256,128,16,256,158.147
256,128,16,512,219.908
256,128,16,1024,355.111
256,128,16,2048,612.726
256,128,16,4096,1090.46
256,128,16,8192,2065.34
256,128,16,16384,4062.2
256,128,32,16,154.968
256,128,32,32,156.899
256,128,32,64,158.798
256,128,32,128,211.471
256,128,32,256,272.655
256,128,32,512,406.323
256,128,32,1024,725.753
256,128,32,2048,1233.04
256,128,32,4096,2305.35
256,128,32,8192,5396.8
256,128,32,16384,10989.3
256,128,64,16,263.684
256,128,64,32,267.546
256,128,64,64,271.162
256,128,64,128,382.844
256,128,64,256,513.524
256,128,64,512,851.087
256,128,64,1024,1592
256,128,64,2048,3104.29
256,128,64,4096,6144.48
256,128,64,8192,12216.6
256,128,64,16384,24294.8
256,128,128,16,460.125
256,128,128,32,468.265
256,128,128,64,504.531
256,128,128,128,749.101
256,128,128,256,1010.1
256,128,128,512,1620.21
256,128,128,1024,3098.08
256,128,128,2048,6123.54
256,128,128,4096,12165.3
256,128,128,8192,24250.5
256,128,128,16384,48408.6
256,256,0,0,42.4223
256,256,1,16,55.9377
256,256,1,32,56.0973
256,256,1,64,56.2783
256,256,1,128,57.1747
256,256,1,256,59.265
256,256,1,512,64.7797
256,256,1,1024,79.714
256,256,1,2048,117.655
256,256,1,4096,173.806
256,256,1,8192,287.792
256,256,1,16384,516.457
256,256,2,16,59.3503
256,256,2,32,59.6703
256,256,2,64,59.6063
256,256,2,128,61.921
256,256,2,256,64.0333
256,256,2,512,74.5937
256,256,2,1024,98.7967
256,256,2,2048,151.705
256,256,2,4096,253.989
256,256,2,8192,412.157
256,256,2,16384,655.767
256,256,4,16,66.9453
256,256,4,32,66.6677
256,256,4,64,66.636
256,256,4,128,73.4203
256,256,4,256,79.8197
256,256,4,512,96.0337
256,256,4,1024,134.786
256,256,4,2048,210.841
256,256,4,4096,376.327
256,256,4,8192,615.755
256,256,4,16384,1103.83
256,256,8,16,81.2173
256,256,8,32,81.985
256,256,8,64,82.455
256,256,8,128,95.1697
256,256,8,256,109.527
256,256,8,512,140.984
256,256,8,1024,206.329
256,256,8,2048,345.883
256,256,8,4096,610.176
256,256,8,8192,1106.17
256,256,8,16384,2101.48
256,256,16,16,109.335
256,256,16,32,110.935
256,256,16,64,112.012
256,256,16,128,137.112
256,256,16,256,165.656
256,256,16,512,227.545
256,256,16,1024,359.687
256,256,16,2048,658.21
256,256,16,4096,1153.64
256,256,16,8192,2214.29
256,256,16,16384,4380.81
256,256,32,16,165.006
256,256,32,32,167.021
256,256,32,64,168.728
256,256,32,128,220.783
256,256,32,256,280.187
256,256,32,512,415.57
256,256,32,1024,777.24
256,256,32,2048,1308.21
256,256,32,4096,2333.46
256,256,32,8192,5327.81
256,256,32,16384,10934.6
256,256,64,16,273.744
256,256,64,32,278.511
256,256,64,64,281.691
256,256,64,128,390.066
256,256,64,256,522.079
256,256,64,512,846.064
256,256,64,1024,1591.28
256,256,64,2048,3101.81
256,256,64,4096,6134.26
256,256,64,8192,12225
256,256,64,16384,24299.6
256,256,128,16,448.413
256,256,128,32,455.891
256,256,128,64,512.841
256,256,128,128,757.027
256,256,128,256,1017.77
256,256,128,512,1613.8
256,256,128,1024,3101.74
256,256,128,2048,6125.69
256,256,128,4096,12171.3
256,256,128,8192,24279.7
256,256,128,16384,48411.1
256,512,0,0,56.321
256,512,1,16,75.276
256,512,1,32,76.268
256,512,1,64,76.1197
256,512,1,128,78.1133
256,512,1,256,78.9673
256,512,1,512,81.3983
256,512,1,1024,94.3273
256,512,1,2048,136.813
256,512,1,4096,196.238
256,512,1,8192,310.832
256,512,1,16384,542.88
256,512,2,16,79.0953
256,512,2,32,79.2763
256,512,2,64,78.988
256,512,2,128,81.7293
256,512,2,256,83.7347
256,512,2,512,85.655
256,512,2,1024,114.861
256,512,2,2048,162.958
256,512,2,4096,256.399
256,512,2,8192,482.451
256,512,2,16384,731.576
256,512,4,16,85.8043
256,512,4,32,86.007
256,512,4,64,86.0817
256,512,4,128,91.3613
256,512,4,256,99.7353
256,512,4,512,109.229
256,512,4,1024,150.808
256,512,4,2048,227.855
256,512,4,4096,384.498
256,512,4,8192,667.297
256,512,4,16384,1154.44
256,512,8,16,100.418
256,512,8,32,100.599
256,512,8,64,100.205
256,512,8,128,113.847
256,512,8,256,128.781
256,512,8,512,155.363
256,512,8,1024,220.878
256,512,8,2048,357.809
256,512,8,4096,658.282
256,512,8,8192,1170.29
256,512,8,16384,2209.12
256,512,16,16,129.592
256,512,16,32,129.314
256,512,16,64,130.37
256,512,16,128,156.941
256,512,16,256,185.593
256,512,16,512,242.468
256,512,16,1024,375.441
256,512,16,2048,719.106
256,512,16,4096,1324.3
256,512,16,8192,2535.23
256,512,16,16384,5021.24
256,512,32,16,184.761
256,512,32,32,186.67
256,512,32,64,188.515
256,512,32,128,241.508
256,512,32,256,297.637
256,512,32,512,428.573
256,512,32,1024,779.001
256,512,32,2048,1519.06
256,512,32,4096,2930.07
256,512,32,8192,5772.94
256,512,32,16384,11502.9
256,512,64,16,294.363
256,512,64,32,298.469
256,512,64,64,301.648
256,512,64,128,408.094
256,512,64,256,537.876
256,512,64,512,845.455
256,512,64,1024,1590.87
256,512,64,2048,3108.59
256,512,64,4096,6146.83
256,512,64,8192,12241.5
256,512,64,16384,24285.9
256,512,128,16,495.998
256,512,128,32,503.71
256,512,128,64,512.458
256,512,128,128,771.534
256,512,128,256,1033.91
256,512,128,512,1623.58
256,512,128,1024,3107.26
256,512,128,2048,6129.63
256,512,128,4096,12180.7
256,512,128,8192,24274.2
256,512,128,16384,48441.1
256,1024,0,0,83.191
256,1024,1,16,101.346
256,1024,1,32,102.061
256,1024,1,64,102.018
256,1024,1,128,110.637
256,1024,1,256,120.61
256,1024,1,512,121.901
256,1024,1,1024,124.685
256,1024,1,2048,151.725
256,1024,1,4096,238.394
256,1024,1,8192,355.271
256,1024,1,16384,587.457
256,1024,2,16,114.861
256,1024,2,32,115.427
256,1024,2,64,114.765
256,1024,2,128,121.186
256,1024,2,256,124.259
256,1024,2,512,127.405
256,1024,2,1024,128.247
256,1024,2,2048,185.966
256,1024,2,4096,291.163
256,1024,2,8192,489.95
256,1024,2,16384,874.715
256,1024,4,16,123.8
256,1024,4,32,124.066
256,1024,4,64,124.077
256,1024,4,128,129.058
256,1024,4,256,137.688
256,1024,4,512,149.602
256,1024,4,1024,166.563
256,1024,4,2048,252.485
256,1024,4,4096,417.458
256,1024,4,8192,729.368
256,1024,4,16384,1264.73
256,1024,8,16,136.439
256,1024,8,32,137.998
256,1024,8,64,138.349
256,1024,8,128,151.256
256,1024,8,256,167.054
256,1024,8,512,193.785
256,1024,8,1024,244.261
256,1024,8,2048,383.665
256,1024,8,4096,664.887
256,1024,8,8192,1293.54
256,1024,8,16384,2448.71
256,1024,16,16,166.051
256,1024,16,32,168.291
256,1024,16,64,167.619
256,1024,16,128,194.937
256,1024,16,256,225.327
256,1024,16,512,279.77
256,1024,16,1024,393.181
256,1024,16,2048,710.573
256,1024,16,4096,1420.57
256,1024,16,8192,2688.46
256,1024,16,16384,5335.79
256,1024,32,16,223.855
256,1024,32,32,225.37
256,1024,32,64,226.681
256,1024,32,128,280.592
256,1024,32,256,337.755
256,1024,32,512,456.542
256,1024,32,1024,737.688
256,1024,32,2048,1541.67
256,1024,32,4096,2990.42
256,1024,32,8192,5840.76
256,1024,32,16384,11644.1
256,1024,64,16,334.406
256,1024,64,32,338.3
256,1024,64,64,341.244
256,1024,64,128,449.118
256,1024,64,256,576.427
256,1024,64,512,874.598
256,1024,64,1024,1599.75
256,1024,64,2048,3116.89
256,1024,64,4096,6156.39
256,1024,64,8192,12257.5
256,1024,64,16384,24314.2
256,1024,128,16,553.994
256,1024,128,32,562.464
256,1024,128,64,571.488
256,1024,128,128,805.679
256,1024,128,256,1062.42
256,1024,128,512,1644.22
256,1024,128,1024,3117.14
256,1024,128,2048,6146.07
256,1024,128,4096,12195.6
256,1024,128,8192,24311.2
256,1024,128,16384,48457.7
256,2048,0,0,136.813
256,2048,1,16,153.454
256,2048,1,32,153.752
256,2048,1,64,154.285
256,2048,1,128,163.278
256,2048,1,256,183.608
256,2048,1,512,205.998
256,2048,1,1024,207.951
256,2048,1,2048,211.694
256,2048,1,4096,266.202
256,2048,1,8192,442.696
256,2048,1,16384,679.862
256,2048,2,16,171.64
256,2048,2,32,172.27
256,2048,2,64,171.715
256,2048,2,128,186.019
256,2048,2,256,199.854
256,2048,2,512,208.473
256,2048,2,1024,213.572
256,2048,2,2048,216.452
256,2048,2,4096,330.94
256,2048,2,8192,559.093
256,2048,2,16384,961.479
256,2048,4,16,189.187
256,2048,4,32,189.016
256,2048,4,64,190.265
256,2048,4,128,208.591
256,2048,4,256,210.873
256,2048,4,512,228.762
256,2048,4,1024,250.565
256,2048,4,2048,284.112
256,2048,4,4096,456.552
256,2048,4,8192,767.769
256,2048,4,16384,1433.94
256,2048,8,16,213.177
256,2048,8,32,215.418
256,2048,8,64,215.748
256,2048,8,128,225.744
256,2048,8,256,240.293
256,2048,8,512,271.984
256,2048,8,1024,324.582
256,2048,8,2048,420.179
256,2048,8,4096,713.602
256,2048,8,8192,1378.04
256,2048,8,16384,2582.77
256,2048,16,16,239.898
256,2048,16,32,241.668
256,2048,16,64,241.882
256,2048,16,128,270
256,2048,16,256,298.95
256,2048,16,512,359.025
256,2048,16,1024,472.265
256,2048,16,2048,688.163
256,2048,16,4096,1412.24
256,2048,16,8192,2871.88
256,2048,16,16384,5293.78
256,2048,32,16,298.97
256,2048,32,32,300.379
256,2048,32,64,302.342
256,2048,32,128,356.988
256,2048,32,256,415.901
256,2048,32,512,535.925
256,2048,32,1024,818.49
256,2048,32,2048,1418.13
256,2048,32,4096,3038.82
256,2048,32,8192,5966.44
256,2048,32,16384,11700.4
256,2048,64,16,411.592
256,2048,64,32,415.975
256,2048,64,64,419.432
256,2048,64,128,529.748
256,2048,64,256,659.895
256,2048,64,512,939.581
256,2048,64,1024,1635.16
256,2048,64,2048,3137.36
256,2048,64,4096,6179.11
256,2048,64,8192,12262.6
256,2048,64,16384,24330.6
256,2048,128,16,633.442
256,2048,128,32,642.412
256,2048,128,64,653.303
256,2048,128,128,889.681
256,2048,128,256,1138.11
256,2048,128,512,1692.23
256,2048,128,1024,3146.51
256,2048,128,2048,6168.99
256,2048,128,4096,12219.1
256,2048,128,8192,24346.5
256,2048,128,16384,48459.3
256,4096,0,0,241.828
256,4096,1,16,256.592
256,4096,1,32,276.72
256,4096,1,64,276.848
256,4096,1,128,286.779
256,4096,1,256,297.488
256,4096,1,512,319.557
256,4096,1,1024,361.308
256,4096,1,2048,378.503
256,4096,1,4096,383.506
256,4096,1,8192,498.974
256,4096,1,16384,854.053
256,4096,2,16,284.923
256,4096,2,32,285.936
256,4096,2,64,287.217
256,4096,2,128,300.016
256,4096,2,256,313.755
256,4096,2,512,344.646
256,4096,2,1024,379.751
256,4096,2,2048,385.778
256,4096,2,4096,392.338
256,4096,2,8192,624.566
256,4096,2,16384,1103.73
256,4096,4,16,301.446
256,4096,4,32,302.63
256,4096,4,64,303.419
256,4096,4,128,324.294
256,4096,4,256,347.452
256,4096,4,512,379.741
256,4096,4,1024,401.746
256,4096,4,2048,452.627
256,4096,4,4096,517.609
256,4096,4,8192,868.753
256,4096,4,16384,1477.98
256,4096,8,16,336.209
256,4096,8,32,339.398
256,4096,8,64,341.159
256,4096,8,128,378.738
256,4096,8,256,389.33
256,4096,8,512,412.381
256,4096,8,1024,477.822
256,4096,8,2048,585.749
256,4096,8,4096,773.251
256,4096,8,8192,1373.31
256,4096,8,16384,2799.88
256,4096,16,16,392.914
256,4096,16,32,392.914
256,4096,16,64,393.534
256,4096,16,128,416.552
256,4096,16,256,446.654
256,4096,16,512,507.348
256,4096,16,1024,629.879
256,4096,16,2048,857.807
256,4096,16,4096,1281.08
256,4096,16,8192,2903.44
256,4096,16,16384,5733.82
256,4096,32,16,445.139
256,4096,32,32,446.803
256,4096,32,64,447.262
256,4096,32,128,504.778
256,4096,32,256,566.667
256,4096,32,512,689.197
256,4096,32,1024,973.213
256,4096,32,2048,1578.52
256,4096,32,4096,3003.17
256,4096,32,8192,6054.39
256,4096,32,16384,11889.7
256,4096,64,16,561.258
256,4096,64,32,566.112
256,4096,64,64,569.931
256,4096,64,128,686.178
256,4096,64,256,819.684
256,4096,64,512,1083.3
256,4096,64,1024,1728.46
256,4096,64,2048,3192.8
256,4096,64,4096,6230.82
256,4096,64,8192,12335.3
256,4096,64,16384,24436.5
256,4096,128,16,714.488
256,4096,128,32,724.355
256,4096,128,64,813.765
256,4096,128,128,1050.6
256,4096,128,256,1302.9
256,4096,128,512,1826.25
256,4096,128,1024,3200.82
256,4096,128,2048,6212.77
256,4096,128,4096,12253.2
256,4096,128,8192,24401.8
256,4096,128,16384,48551.8
256,8192,0,0,447.582
256,8192,1,16,465.257
256,8192,1,32,465.353
256,8192,1,64,465.673
256,8192,1,128,473.982
256,8192,1,256,526.324
256,8192,1,512,547.84
256,8192,1,1024,588.758
256,8192,1,2048,678.05
256,8192,1,4096,719.609
256,8192,1,8192,726.105
256,8192,1,16384,963.762
256,8192,2,16,512.746
256,8192,2,32,513.514
256,8192,2,64,514.026
256,8192,2,128,527.221
256,8192,2,256,542.176
256,8192,2,512,570.699
256,8192,2,1024,629.847
256,8192,2,2048,720.398
256,8192,2,4096,727.225
256,8192,2,8192,747.161
256,8192,2,16384,1211.2
256,8192,4,16,529.567
256,8192,4,32,532.554
256,8192,4,64,534.89
256,8192,4,128,552.906
256,8192,4,256,577.515
256,8192,4,512,623.265
256,8192,4,1024,709.272
256,8192,4,2048,752.206
256,8192,4,4096,854.715
256,8192,4,8192,992.607
256,8192,4,16384,1685.41
256,8192,8,16,567.755
256,8192,8,32,567.755
256,8192,8,64,568.714
256,8192,8,128,608.566
256,8192,8,256,647.703
256,8192,8,512,721.656
256,8192,8,1024,763.694
256,8192,8,2048,887.271
256,8192,8,4096,1112.2
256,8192,8,8192,1484.12
256,8192,8,16384,2828.15
256,8192,16,16,635.394
256,8192,16,32,638.028
256,8192,16,64,640.397
256,8192,16,128,713.678
256,8192,16,256,750.446
256,8192,16,512,801.68
256,8192,16,1024,926.46
256,8192,16,2048,1167.03
256,8192,16,4096,1641.77
256,8192,16,8192,2708.34
256,8192,16,16384,5902.68
256,8192,32,16,750.659
256,8192,32,32,751.897
256,8192,32,64,753.487
256,8192,32,128,805.669
256,8192,32,256,865.627
256,8192,32,512,991.86
256,8192,32,1024,1261.02
256,8192,32,2048,1883.72
256,8192,32,4096,3184.76
256,8192,32,8192,6049.3
256,8192,32,16384,12125.8
256,8192,64,16,859.334
256,8192,64,32,864.518
256,8192,64,64,868.934
256,8192,64,128,987.529
256,8192,64,256,1125.58
256,8192,64,512,1392.42
256,8192,64,1024,1976.12
256,8192,64,2048,3377.48
256,8192,64,4096,6336.27
256,8192,64,8192,12463.2
256,8192,64,16384,24628.2
256,8192,128,16,996.168
256,8192,128,32,1008.71
256,8192,128,64,1121.47
256,8192,128,128,1365.55
256,8192,128,256,1617.53
256,8192,128,512,2134.39
256,8192,128,1024,3422.97
256,8192,128,2048,6349.04
256,8192,128,4096,12358.4
256,8192,128,8192,24491.8
256,8192,128,16384,48780.5
256,16384,0,0,878.566
256,16384,1,16,881.019
256,16384,1,32,884.647
256,16384,1,64,881.777
256,16384,1,128,888.721
256,16384,1,256,981.555
256,16384,1,512,1003.94
256,16384,1,1024,1044.78
256,16384,1,2048,1139.32
256,16384,1,4096,1314.71
256,16384,1,8192,1409.62
256,16384,1,16384,1423.59
256,16384,2,16,974.003
256,16384,2,32,974.866
256,16384,2,64,975.805
256,16384,2,128,985.001
256,16384,2,256,1004.4
256,16384,2,512,1033.51
256,16384,2,1024,1088.25
256,16384,2,2048,1208.52
256,16384,2,4096,1410.82
256,16384,2,8192,1413.17
256,16384,2,16384,1469.9
256,16384,4,16,987.496
256,16384,4,32,990.344
256,16384,4,64,989.192
256,16384,4,128,1010.81
256,16384,4,256,1034.16
256,16384,4,512,1078.19
256,16384,4,1024,1161.94
256,16384,4,2048,1342.36
256,16384,4,4096,1449.18
256,16384,4,8192,1662.9
256,16384,4,16384,1947.35
256,16384,8,16,1024.81
256,16384,8,32,1025.55
256,16384,8,64,1025.44
256,16384,8,128,1065.79
256,16384,8,256,1104.31
256,16384,8,512,1186
256,16384,8,1024,1353.12
256,16384,8,2048,1482.26
256,16384,8,4096,1711.38
256,16384,8,8192,2165.12
256,16384,8,16384,3006.52
256,16384,16,16,1094.48
256,16384,16,32,1095.52
256,16384,16,64,1098.42
256,16384,16,128,1166.66
256,16384,16,256,1248.66
256,16384,16,512,1405.64
256,16384,16,1024,1524.16
256,16384,16,2048,1763.92
256,16384,16,4096,2272.72
256,16384,16,8192,3440.12
256,16384,16,16384,5900.64
256,16384,32,16,1233.42
256,16384,32,32,1238.99
256,16384,32,64,1240.59
256,16384,32,128,1387.45
256,16384,32,256,1473.76
256,16384,32,512,1586.79
256,16384,32,1024,1849.99
256,16384,32,2048,2372.34
256,16384,32,4096,3752.23
256,16384,32,8192,6432.85
256,16384,32,16384,12160.1
256,16384,64,16,1477.16
256,16384,64,32,1481.07
256,16384,64,64,1484.55
256,16384,64,128,1590.03
256,16384,64,256,1720.66
256,16384,64,512,1995.32
256,16384,64,1024,2550.41
256,16384,64,2048,3856.58
256,16384,64,4096,6738.88
256,16384,64,8192,12630.5
256,16384,64,16384,24932.9
256,16384,128,16,1579.36
256,16384,128,32,1586.6
256,16384,128,64,1719.51
256,16384,128,128,1972.14
256,16384,128,256,2235.95
256,16384,128,512,2756.43
256,16384,128,1024,3920.64
256,16384,128,2048,6779.82
256,16384,128,4096,12649.2
256,16384,128,8192,24659.4
256,16384,128,16384,49050
512,0,0,0,69.1637
512,0,1,16,73.3133
512,0,1,32,78.8077
512,0,1,64,79.0517
512,0,1,128,80.439
512,0,1,256,82.625
512,0,1,512,87.532
512,0,1,1024,107.906
512,0,1,2048,143.022
512,0,1,4096,201.551
512,0,1,8192,315.558
512,0,1,16384,548.683
512,0,2,16,84.0657
512,0,2,32,83.6277
512,0,2,64,83.7557
512,0,2,128,86.5933
512,0,2,256,90.3377
512,0,2,512,100.119
512,0,2,1024,124.696
512,0,2,2048,172.345
512,0,2,4096,271.739
512,0,2,8192,492
512,0,2,16384,739.906
512,0,4,16,92.3433
512,0,4,32,92.5883
512,0,4,64,92.1727
512,0,4,128,99.17
512,0,4,256,105.741
512,0,4,512,122.274
512,0,4,1024,161.625
512,0,4,2048,236.943
512,0,4,4096,393.352
512,0,4,8192,671.34
512,0,4,16384,1167.33
512,0,8,16,110.232
512,0,8,32,110.658
512,0,8,64,111.298
512,0,8,128,124.398
512,0,8,256,137.506
512,0,8,512,170.296
512,0,8,1024,236.965
512,0,8,2048,380.711
512,0,8,4096,674.21
512,0,8,8192,1182.49
512,0,8,16384,2201.19
512,0,16,16,146.349
512,0,16,32,147.523
512,0,16,64,147.725
512,0,16,128,173.603
512,0,16,256,201.871
512,0,16,512,264.656
512,0,16,1024,408.798
512,0,16,2048,750.265
512,0,16,4096,1352.49
512,0,16,8192,2525.22
512,0,16,16384,4900.78
512,0,32,16,216.633
512,0,32,32,219.823
512,0,32,64,219.631
512,0,32,128,272.657
512,0,32,256,333.03
512,0,32,512,461.001
512,0,32,1024,821.092
512,0,32,2048,1504.07
512,0,32,4096,2601.52
512,0,32,8192,4926.99
512,0,32,16384,10803.8
512,0,64,16,357.127
512,0,64,32,361.607
512,0,64,64,364.636
512,0,64,128,475.081
512,0,64,256,605.836
512,0,64,512,904.508
512,0,64,1024,1635.12
512,0,64,2048,3116.49
512,0,64,4096,6136.61
512,0,64,8192,12218
512,0,64,16384,24275.2
512,0,128,16,587.148
512,0,128,32,594.646
512,0,128,64,663.597
512,0,128,128,908.871
512,0,128,256,1164.53
512,0,128,512,1705.69
512,0,128,1024,3136.68
512,0,128,2048,6143.29
512,0,128,4096,12194.7
512,0,128,8192,24290.6
512,0,128,16384,48417
512,16,0,0,77.4307
512,16,1,16,81.708
512,16,1,32,81.9103
512,16,1,64,82.124
512,16,1,128,82.8387
512,16,1,256,84.7907
512,16,1,512,94.6257
512,16,1,1024,113.805
512,16,1,2048,150.445
512,16,1,4096,210.244
512,16,1,8192,325.201
512,16,1,16384,553.921
512,16,2,16,91.831
512,16,2,32,92.5567
512,16,2,64,92.631
512,16,2,128,95.7143
512,16,2,256,98.978
512,16,2,512,106.626
512,16,2,1024,131.235
512,16,2,2048,180.281
512,16,2,4096,277.51
512,16,2,8192,498.143
512,16,2,16384,775.62
512,16,4,16,101.506
512,16,4,32,101.527
512,16,4,64,102.242
512,16,4,128,107.927
512,16,4,256,115.01
512,16,4,512,129.581
512,16,4,1024,168.515
512,16,4,2048,243.941
512,16,4,4096,399.752
512,16,4,8192,693.933
512,16,4,16384,1203.52
512,16,8,16,119.363
512,16,8,32,119.651
512,16,8,64,120.515
512,16,8,128,133.144
512,16,8,256,146.958
512,16,8,512,176.558
512,16,8,1024,244.389
512,16,8,2048,382.076
512,16,8,4096,687.555
512,16,8,8192,1210.96
512,16,8,16384,2205.5
512,16,16,16,155.15
512,16,16,32,156.291
512,16,16,64,157.07
512,16,16,128,182.905
512,16,16,256,210.585
512,16,16,512,271.515
512,16,16,1024,410.28
512,16,16,2048,759.417
512,16,16,4096,1379.22
512,16,16,8192,2627.21
512,16,16,16384,5181.73
512,16,32,16,226.33
512,16,32,32,227.961
512,16,32,64,229.156
512,16,32,128,281.947
512,16,32,256,339.686
512,16,32,512,467.059
512,16,32,1024,824.091
512,16,32,2048,1546.96
512,16,32,4096,2797.35
512,16,32,8192,5428.77
512,16,32,16384,11132.3
512,16,64,16,367.378
512,16,64,32,370.163
512,16,64,64,374.215
512,16,64,128,481.983
512,16,64,256,612.791
512,16,64,512,907.026
512,16,64,1024,1637.14
512,16,64,2048,3117.11
512,16,64,4096,6130.66
512,16,64,8192,12255.8
512,16,64,16384,24292.9
512,16,128,16,653.058
512,16,128,32,661.474
512,16,128,64,670.648
512,16,128,128,914.951
512,16,128,256,1171.53
512,16,128,512,1712.35
512,16,128,1024,3134.89
512,16,128,2048,6147.16
512,16,128,4096,12191.3
512,16,128,8192,24291.8
512,16,128,16384,48409.6
512,32,0,0,77.388
512,32,1,16,82.2847
512,32,1,32,82.508
512,32,1,64,81.7297
512,32,1,128,83.032
512,32,1,256,91.735
512,32,1,512,94.7213
512,32,1,1024,114.221
512,32,1,2048,149.165
512,32,1,4096,210.553
512,32,1,8192,326.129
512,32,1,16384,552.159
512,32,2,16,92.162
512,32,2,32,92.5993
512,32,2,64,92.343
512,32,2,128,95.4687
512,32,2,256,99.1383
512,32,2,512,106.701
512,32,2,1024,131.597
512,32,2,2048,180.25
512,32,2,4096,278.746
512,32,2,8192,498.357
512,32,2,16384,779.055
512,32,4,16,101.207
512,32,4,32,101.964
512,32,4,64,101.592
512,32,4,128,107.895
512,32,4,256,115.181
512,32,4,512,129.624
512,32,4,1024,169.412
512,32,4,2048,243.855
512,32,4,4096,400.253
512,32,4,8192,700.718
512,32,4,16384,1200.02
512,32,8,16,119.448
512,32,8,32,120.002
512,32,8,64,120.717
512,32,8,128,133.624
512,32,8,256,147.299
512,32,8,512,177.177
512,32,8,1024,244.943
512,32,8,2048,381.715
512,32,8,4096,692.568
512,32,8,8192,1212.57
512,32,8,16384,2305.48
512,32,16,16,155.15
512,32,16,32,156.654
512,32,16,64,157.923
512,32,16,128,183.161
512,32,16,256,211.375
512,32,16,512,271.483
512,32,16,1024,411.581
512,32,16,2048,754.799
512,32,16,4096,1395.7
512,32,16,8192,2649.14
512,32,16,16384,5147.09
512,32,32,16,226.159
512,32,32,32,227.876
512,32,32,64,229.626
512,32,32,128,282.256
512,32,32,256,339.815
512,32,32,512,467.828
512,32,32,1024,824.625
512,32,32,2048,1545.1
512,32,32,4096,2760.43
512,32,32,8192,5258.64
512,32,32,16384,10904.5
512,32,64,16,367.282
512,32,64,32,370.759
512,32,64,64,373.991
512,32,64,128,482.463
512,32,64,256,612.78
512,32,64,512,910.492
512,32,64,1024,1642.6
512,32,64,2048,3130.08
512,32,64,4096,6130.69
512,32,64,8192,12171.5
512,32,64,16384,24287.9
512,32,128,16,653.069
512,32,128,32,661.539
512,32,128,64,671.202
512,32,128,128,916.935
512,32,128,256,1171.93
512,32,128,512,1712.78
512,32,128,1024,3133.01
512,32,128,2048,6141.47
512,32,128,4096,12198
512,32,128,8192,24259.7
512,32,128,16384,48428.1
512,64,0,0,77.9323
512,64,1,16,82.69
512,64,1,32,87.8417
512,64,1,64,88.2897
512,64,1,128,89.6653
512,64,1,256,91.948
512,64,1,512,94.5077
512,64,1,1024,113.848
512,64,1,2048,152.142
512,64,1,4096,211.449
512,64,1,8192,324.657
512,64,1,16384,555.883
512,64,2,16,91.9167
512,64,2,32,92.0547
512,64,2,64,92.3853
512,64,2,128,96.0767
512,64,2,256,99.2657
512,64,2,512,106.466
512,64,2,1024,132.248
512,64,2,2048,180.825
512,64,2,4096,277.179
512,64,2,8192,497.695
512,64,2,16384,782.201
512,64,4,16,102.221
512,64,4,32,101.997
512,64,4,64,102.402
512,64,4,128,109.058
512,64,4,256,114.989
512,64,4,512,129.421
512,64,4,1024,169.358
512,64,4,2048,243.664
512,64,4,4096,401.405
512,64,4,8192,700.761
512,64,4,16384,1203.92
512,64,8,16,119.917
512,64,8,32,119.8
512,64,8,64,120.664
512,64,8,128,133.571
512,64,8,256,147.63
512,64,8,512,176.761
512,64,8,1024,244.133
512,64,8,2048,383.613
512,64,8,4096,697.764
512,64,8,8192,1215.23
512,64,8,16384,2247.72
512,64,16,16,155.694
512,64,16,32,157.208
512,64,16,64,159.609
512,64,16,128,183.183
512,64,16,256,211.641
512,64,16,512,271.718
512,64,16,1024,411.443
512,64,16,2048,761.903
512,64,16,4096,1385.77
512,64,16,8192,2666.42
512,64,16,16384,5149.18
512,64,32,16,226.617
512,64,32,32,228.719
512,64,32,64,229.86
512,64,32,128,282.395
512,64,32,256,340.017
512,64,32,512,468.051
512,64,32,1024,823.227
512,64,32,2048,1546.28
512,64,32,4096,2720.13
512,64,32,8192,5175.56
512,64,32,16384,10802.3
512,64,64,16,366.951
512,64,64,32,371.613
512,64,64,64,374.93
512,64,64,128,482.218
512,64,64,256,613.292
512,64,64,512,908.167
512,64,64,1024,1643.69
512,64,64,2048,3119.17
512,64,64,4096,6134.67
512,64,64,8192,12227.4
512,64,64,16384,24279.5
512,64,128,16,597.622
512,64,128,32,600.897
512,64,128,64,670.221
512,64,128,128,916.413
512,64,128,256,1178.67
512,64,128,512,1711.98
512,64,128,1024,3138.02
512,64,128,2048,6146.44
512,64,128,4096,12194.1
512,64,128,8192,24290.1
512,64,128,16384,48412.9
512,128,0,0,84.2143
512,128,1,16,88.215
512,128,1,32,88.5883
512,128,1,64,88.332
512,128,1,128,90.2737
512,128,1,256,99.0633
512,128,1,512,102.327
512,128,1,1024,120.824
512,128,1,2048,157.166
512,128,1,4096,221.38
512,128,1,8192,335.643
512,128,1,16384,564.801
512,128,2,16,100.076
512,128,2,32,100.013
512,128,2,64,100.386
512,128,2,128,102.945
512,128,2,256,106.498
512,128,2,512,113.933
512,128,2,1024,139.298
512,128,2,2048,188.345
512,128,2,4096,285.797
512,128,2,8192,492.341
512,128,2,16384,800.304
512,128,4,16,108.792
512,128,4,32,108.557
512,128,4,64,108.791
512,128,4,128,115.565
512,128,4,256,122.531
512,128,4,512,136.675
512,128,4,1024,176.376
512,128,4,2048,251.461
512,128,4,4096,406.514
512,128,4,8192,718.105
512,128,4,16384,1211.97
512,128,8,16,126.616
512,128,8,32,127.341
512,128,8,64,127.672
512,128,8,128,140.878
512,128,8,256,154.787
512,128,8,512,184.047
512,128,8,1024,250.949
512,128,8,2048,389.224
512,128,8,4096,705.326
512,128,8,8192,1253.44
512,128,8,16384,2319.42
512,128,16,16,162.68
512,128,16,32,164.28
512,128,16,64,164.345
512,128,16,128,191.086
512,128,16,256,219.076
512,128,16,512,279.078
512,128,16,1024,414.387
512,128,16,2048,767.962
512,128,16,4096,1430.97
512,128,16,8192,2723.16
512,128,16,16384,5276.63
512,128,32,16,233.85
512,128,32,32,235.834
512,128,32,64,237.338
512,128,32,128,289.777
512,128,32,256,347.686
512,128,32,512,474.985
512,128,32,1024,827.002
512,128,32,2048,1569.8
512,128,32,4096,2903.18
512,128,32,8192,5462.93
512,128,32,16384,11178
512,128,64,16,375.079
512,128,64,32,378.695
512,128,64,64,381.896
512,128,64,128,490.644
512,128,64,256,621.1
512,128,64,512,915.708
512,128,64,1024,1647.85
512,128,64,2048,3134.78
512,128,64,4096,6130.09
512,128,64,8192,12175
512,128,64,16384,24283.2
512,128,128,16,600.609
512,128,128,32,619.18
512,128,128,64,678.584
512,128,128,128,924.498
512,128,128,256,1179.44
512,128,128,512,1718.91
512,128,128,1024,3145.31
512,128,128,2048,6145.32
512,128,128,4096,12200.9
512,128,128,8192,24240.6
512,128,128,16384,48421.8
512,256,0,0,98.5723
512,256,1,16,103.682
512,256,1,32,102.765
512,256,1,64,104.034
512,256,1,128,105.58
512,256,1,256,115.16
512,256,1,512,119.405
512,256,1,1024,134.562
512,256,1,2048,172.814
512,256,1,4096,240.591
512,256,1,8192,354.652
512,256,1,16384,584.288
512,256,2,16,116.269
512,256,2,32,115.768
512,256,2,64,116.013
512,256,2,128,119.533
512,256,2,256,122.797
512,256,2,512,129.144
512,256,2,1024,153.422
512,256,2,2048,204.217
512,256,2,4096,299.302
512,256,2,8192,504.874
512,256,2,16384,862.918
512,256,4,16,125.122
512,256,4,32,125.389
512,256,4,64,124.974
512,256,4,128,133.208
512,256,4,256,139.086
512,256,4,512,151.896
512,256,4,1024,190.414
512,256,4,2048,267.697
512,256,4,4096,419.208
512,256,4,8192,759.066
512,256,4,16384,1278.85
512,256,8,16,143.384
512,256,8,32,144.675
512,256,8,64,144.152
512,256,8,128,157.582
512,256,8,256,171.31
512,256,8,512,197.839
512,256,8,1024,265.967
512,256,8,2048,405.576
512,256,8,4096,722.638
512,256,8,8192,1298.1
512,256,8,16384,2407.39
512,256,16,16,179.555
512,256,16,32,180.494
512,256,16,64,181.774
512,256,16,128,208.015
512,256,16,256,235.76
512,256,16,512,293.19
512,256,16,1024,424.275
512,256,16,2048,784.975
512,256,16,4096,1497.02
512,256,16,8192,2833.63
512,256,16,16384,5401.31
512,256,32,16,250.832
512,256,32,32,252.837
512,256,32,64,253.744
512,256,32,128,307.014
512,256,32,256,363.677
512,256,32,512,489.439
512,256,32,1024,831.942
512,256,32,2048,1579.7
512,256,32,4096,3041.17
512,256,32,8192,5937.17
512,256,32,16384,11625.3
512,256,64,16,392.307
512,256,64,32,396.05
512,256,64,64,398.909
512,256,64,128,505.482
512,256,64,256,636.834
512,256,64,512,920.424
512,256,64,1024,1652.69
512,256,64,2048,3134.63
512,256,64,4096,6136.27
512,256,64,8192,12237.3
512,256,64,16384,24292.9
512,256,128,16,675.341
512,256,128,32,683.533
512,256,128,64,693.07
512,256,128,128,937.81
512,256,128,256,1194.35
512,256,128,512,1727.97
512,256,128,1024,3155.82
512,256,128,2048,6154.78
512,256,128,4096,12188.5
512,256,128,8192,24298.2
512,256,128,16384,48414.5
512,512,0,0,127.853
512,512,1,16,132.622
512,512,1,32,144.002
512,512,1,64,144.301
512,512,1,128,145.827
512,512,1,256,149.549
512,512,1,512,151.555
512,512,1,1024,160.867
512,512,1,2048,199.694
512,512,1,4096,273.926
512,512,1,8192,390.483
512,512,1,16384,618.476
512,512,2,16,148.419
512,512,2,32,148.366
512,512,2,64,147.95
512,512,2,128,151.597
512,512,2,256,156.013
512,512,2,512,161.785
512,512,2,1024,179.886
512,512,2,2048,230.34
512,512,2,4096,328.508
512,512,2,8192,517.622
512,512,2,16384,984.308
512,512,4,16,156.9
512,512,4,32,157.294
512,512,4,64,157.988
512,512,4,128,164.313
512,512,4,256,171.736
512,512,4,512,184.697
512,512,4,1024,217.05
512,512,4,2048,294.555
512,512,4,4096,445.736
512,512,4,8192,781.274
512,512,4,16384,1393.71
512,512,8,16,175.993
512,512,8,32,176.164
512,512,8,64,176.58
512,512,8,128,190.276
512,512,8,256,204.58
512,512,8,512,231.813
512,512,8,1024,293.638
512,512,8,2048,430.035
512,512,8,4096,738.362
512,512,8,8192,1401.51
512,512,8,16384,2548.01
512,512,16,16,212.303
512,512,16,32,213.689
512,512,16,64,213.828
512,512,16,128,241.157
512,512,16,256,268.987
512,512,16,512,324.625
512,512,16,1024,449.939
512,512,16,2048,793.904
512,512,16,4096,1539.44
512,512,16,8192,2927.99
512,512,16,16384,5610.16
512,512,32,16,283.857
512,512,32,32,285.542
512,512,32,64,286.715
512,512,32,128,340.082
512,512,32,256,397.842
512,512,32,512,516.885
512,512,32,1024,842.129
512,512,32,2048,1592.49
512,512,32,4096,3085.72
512,512,32,8192,6068.28
512,512,32,16384,11981.5
512,512,64,16,425.886
512,512,64,32,430.345
512,512,64,64,432.819
512,512,64,128,539.754
512,512,64,256,666.563
512,512,64,512,938.537
512,512,64,1024,1651.7
512,512,64,2048,3154.62
512,512,64,4096,6149.32
512,512,64,8192,12190.3
512,512,64,16384,24315.8
512,512,128,16,643.052
512,512,128,32,650.328
512,512,128,64,725.998
512,512,128,128,967.87
512,512,128,256,1223.37
512,512,128,512,1753.78
512,512,128,1024,3159.83
512,512,128,2048,6170.01
512,512,128,4096,12207
512,512,128,8192,24262.1
512,512,128,16384,48423.6
512,1024,0,0,184.419
512,1024,1,16,191.545
512,1024,1,32,191.375
512,1024,1,64,191.63
512,1024,1,128,194.148
512,1024,1,256,196.804
512,1024,1,512,215.93
512,1024,1,1024,222.148
512,1024,1,2048,250.8
512,1024,1,4096,334.577
512,1024,1,8192,463.7
512,1024,1,16384,689.688
512,1024,2,16,211.503
512,1024,2,32,211.876
512,1024,2,64,212.42
512,1024,2,128,217.145
512,1024,2,256,222.127
512,1024,2,512,228.057
512,1024,2,1024,234.767
512,1024,2,2048,285.595
512,1024,2,4096,385.757
512,1024,2,8192,576.256
512,1024,2,16384,1022.88
512,1024,4,16,221.626
512,1024,4,32,222.511
512,1024,4,64,223.3
512,1024,4,128,228.527
512,1024,4,256,235.631
512,1024,4,512,251.354
512,1024,4,1024,274.779
512,1024,4,2048,351.815
512,1024,4,4096,512.342
512,1024,4,8192,818.417
512,1024,4,16384,1517.78
512,1024,8,16,239.877
512,1024,8,32,240.208
512,1024,8,64,240.368
512,1024,8,128,254.81
512,1024,8,256,269.253
512,1024,8,512,296.646
512,1024,8,1024,349.202
512,1024,8,2048,483.84
512,1024,8,4096,791.088
512,1024,8,8192,1496.52
512,1024,8,16384,2808.05
512,1024,16,16,276.602
512,1024,16,32,277.178
512,1024,16,64,278.118
512,1024,16,128,305.478
512,1024,16,256,335.036
512,1024,16,512,391.133
512,1024,16,1024,506.346
512,1024,16,2048,832.689
512,1024,16,4096,1567.89
512,1024,16,8192,2999.86
512,1024,16,16384,5777.42
512,1024,32,16,349.212
512,1024,32,32,350.855
512,1024,32,64,352.071
512,1024,32,128,406.248
512,1024,32,256,463.764
512,1024,32,512,580.46
512,1024,32,1024,889.234
512,1024,32,2048,1601.65
512,1024,32,4096,3116.95
512,1024,32,8192,6109.01
512,1024,32,16384,12064
512,1024,64,16,492.948
512,1024,64,32,498.005
512,1024,64,64,499.327
512,1024,64,128,608.47
512,1024,64,256,735.812
512,1024,64,512,993.257
512,1024,64,1024,1637.24
512,1024,64,2048,3150.64
512,1024,64,4096,6170.31
512,1024,64,8192,12253.9
512,1024,64,16384,24338.2
512,1024,128,16,704.537
512,1024,128,32,724.622
512,1024,128,64,721.625
512,1024,128,128,1029.28
512,1024,128,256,1279.37
512,1024,128,512,1810.85
512,1024,128,1024,3151.1
512,1024,128,2048,6185.22
512,1024,128,4096,12231.9
512,1024,128,8192,24368.7
512,1024,128,16384,48442.3
512,2048,0,0,292.379
512,2048,1,16,297.766
512,2048,1,32,300.326
512,2048,1,64,300.304
512,2048,1,128,305.446
512,2048,1,256,335.366
512,2048,1,512,349.457
512,2048,1,1024,360.049
512,2048,1,2048,365.97
512,2048,1,4096,424.915
512,2048,1,8192,593.942
512,2048,1,16384,833.967
512,2048,2,16,328.434
512,2048,2,32,326.93
512,2048,2,64,329.041
512,2048,2,128,336.241
512,2048,2,256,347.58
512,2048,2,512,359.613
512,2048,2,1024,369.373
512,2048,2,2048,380.819
512,2048,2,4096,487.69
512,2048,2,8192,699.513
512,2048,2,16384,1118.92
512,2048,4,16,338.94
512,2048,4,32,340.007
512,2048,4,64,338.907
512,2048,4,128,357.148
512,2048,4,256,368.359
512,2048,4,512,379.89
512,2048,4,1024,406.194
512,2048,4,2048,453.502
512,2048,4,4096,615.201
512,2048,4,8192,946.557
512,2048,4,16384,1568.03
512,2048,8,16,367.9
512,2048,8,32,368.252
512,2048,8,64,368.925
512,2048,8,128,384.37
512,2048,8,256,397.736
512,2048,8,512,428.051
512,2048,8,1024,483.934
512,2048,8,2048,586.059
512,2048,8,4096,868.763
512,2048,8,8192,1610.29
512,2048,8,16384,2922.59
512,2048,16,16,407.656
512,2048,16,32,406.973
512,2048,16,64,407.283
512,2048,16,128,434.899
512,2048,16,256,465.151
512,2048,16,512,520.959
512,2048,16,1024,642.605
512,2048,16,2048,886.598
512,2048,16,4096,1528.72
512,2048,16,8192,3105.48
512,2048,16,16384,5956.27
512,2048,32,16,478.857
512,2048,32,32,480.244
512,2048,32,64,485.098
512,2048,32,128,538.218
512,2048,32,256,596.086
512,2048,32,512,715.075
512,2048,32,1024,973.757
512,2048,32,2048,1599.3
512,2048,32,4096,3163.7
512,2048,32,8192,6202.41
512,2048,32,16384,12167.1
512,2048,64,16,623.852
512,2048,64,32,628.833
512,2048,64,64,632.353
512,2048,64,128,743.107
512,2048,64,256,872.828
512,2048,64,512,1119.63
512,2048,64,1024,1715.77
512,2048,64,2048,3187.23
512,2048,64,4096,6218.8
512,2048,64,8192,12307.2
512,2048,64,16384,24397.5
512,2048,128,16,826.192
512,2048,128,32,833.605
512,2048,128,64,928.52
512,2048,128,128,1167.18
512,2048,128,256,1410.6
512,2048,128,512,1907.45
512,2048,128,1024,3207
512,2048,128,2048,6203.68
512,2048,128,4096,12287.9
512,2048,128,8192,24360
512,2048,128,16384,48519.6
512,4096,0,0,501.716
512,4096,1,16,510.196
512,4096,1,32,511.519
512,4096,1,64,554.678
512,4096,1,128,555.563
512,4096,1,256,564.385
512,4096,1,512,577.824
512,4096,1,1024,607.926
512,4096,1,2048,642.189
512,4096,1,4096,649.773
512,4096,1,8192,767.205
512,4096,1,16384,1108.37
512,4096,2,16,555.745
512,4096,2,32,555.841
512,4096,2,64,556.918
512,4096,2,128,567.467
512,4096,2,256,579.521
512,4096,2,512,600.652
512,4096,2,1024,638.168
512,4096,2,2048,652.514
512,4096,2,4096,668.227
512,4096,2,8192,888.444
512,4096,2,16384,1359.79
512,4096,4,16,568.823
512,4096,4,32,566.658
512,4096,4,64,569.559
512,4096,4,128,584.406
512,4096,4,256,603.276
512,4096,4,512,639.437
512,4096,4,1024,667.64
512,4096,4,2048,723.961
512,4096,4,4096,801.392
512,4096,4,8192,1138.16
512,4096,4,16384,1758.07
512,4096,8,16,594.231
512,4096,8,32,595.478
512,4096,8,64,595.98
512,4096,8,128,622.615
512,4096,8,256,653.069
512,4096,8,512,686.019
512,4096,8,1024,742.202
512,4096,8,2048,859.249
512,4096,8,4096,1051.78
512,4096,8,8192,1636.48
512,4096,8,16384,3027.04
512,4096,16,16,651.256
512,4096,16,32,653.934
512,4096,16,64,654.669
512,4096,16,128,693.464
512,4096,16,256,723.289
512,4096,16,512,781.53
512,4096,16,1024,901.159
512,4096,16,2048,1138.28
512,4096,16,4096,1598.93
512,4096,16,8192,3242.35
512,4096,16,16384,6177.57
512,4096,32,16,737.028
512,4096,32,32,737.37
512,4096,32,64,739.012
512,4096,32,128,795.109
512,4096,32,256,857.948
512,4096,32,512,982.154
512,4096,32,1024,1226.68
512,4096,32,2048,1767.56
512,4096,32,4096,3137.9
512,4096,32,8192,6330.74
512,4096,32,16384,12326.9
512,4096,64,16,882.13
512,4096,64,32,886.951
512,4096,64,64,891.698
512,4096,64,128,1008.87
512,4096,64,256,1137.39
512,4096,64,512,1387.54
512,4096,64,1024,1900.89
512,4096,64,2048,3259.08
512,4096,64,4096,6342.67
512,4096,64,8192,12441.6
512,4096,64,16384,24554.7
512,4096,128,16,1064.93
512,4096,128,32,1075.87
512,4096,128,64,1200.72
512,4096,128,128,1435.78
512,4096,128,256,1680.38
512,4096,128,512,2167.48
512,4096,128,1024,3333.68
512,4096,128,2048,6257.12
512,4096,128,4096,12382.7
512,4096,128,8192,24534.5
512,4096,128,16384,48654.6
512,8192,0,0,916.221
512,8192,1,16,921.193
512,8192,1,32,920.734
512,8192,1,64,919.816
512,8192,1,128,925.555
512,8192,1,256,1024.16
512,8192,1,512,1039.12
512,8192,1,1024,1067.04
512,8192,1,2048,1119.4
512,8192,1,4096,1214.63
512,8192,1,8192,1223.72
512,8192,1,16384,1454.4
512,8192,2,16,1019.47
512,8192,2,32,1014.44
512,8192,2,64,1016.06
512,8192,2,128,1025.82
512,8192,2,256,1035
512,8192,2,512,1056
512,8192,2,1024,1099.33
512,8192,2,2048,1191.68
512,8192,2,4096,1223.77
512,8192,2,8192,1244.48
512,8192,2,16384,1699.67
512,8192,4,16,1024.33
512,8192,4,32,1028.95
512,8192,4,64,1025.47
512,8192,4,128,1041.42
512,8192,4,256,1059.63
512,8192,4,512,1094.43
512,8192,4,1024,1166.16
512,8192,4,2048,1237.27
512,8192,4,4096,1353.1
512,8192,4,8192,1496.21
512,8192,4,16384,2189.58
512,8192,8,16,1050.61
512,8192,8,32,1052
512,8192,8,64,1050.26
512,8192,8,128,1080.59
512,8192,8,256,1107.62
512,8192,8,512,1163.97
512,8192,8,1024,1264.41
512,8192,8,2048,1372.57
512,8192,8,4096,1608.93
512,8192,8,8192,1988.42
512,8192,8,16384,3226.68
512,8192,16,16,1111.7
512,8192,16,32,1113.57
512,8192,16,64,1112.42
512,8192,16,128,1164.62
512,8192,16,256,1216.71
512,8192,16,512,1298.9
512,8192,16,1024,1420.59
512,8192,16,2048,1668.58
512,8192,16,4096,2130.64
512,8192,16,8192,3084.58
512,8192,16,16384,6485.55
512,8192,32,16,1226.08
512,8192,32,32,1232.41
512,8192,32,64,1230.04
512,8192,32,128,1317.02
512,8192,32,256,1376.9
512,8192,32,512,1503.83
512,8192,32,1024,1754.66
512,8192,32,2048,2228.73
512,8192,32,4096,3407.98
512,8192,32,8192,6415.82
512,8192,32,16384,12624.6
512,8192,64,16,1402.87
512,8192,64,32,1407.2
512,8192,64,64,1411.09
512,8192,64,128,1530.37
512,8192,64,256,1662.55
512,8192,64,512,1917.01
512,8192,64,1024,2417.08
512,8192,64,2048,3542.02
512,8192,64,4096,6419.74
512,8192,64,8192,12673.2
512,8192,64,16384,24761.9
512,8192,128,16,1543.8
512,8192,128,32,1555.11
512,8192,128,64,1728.08
512,8192,128,128,1979.02
512,8192,128,256,2212.64
512,8192,128,512,2707.92
512,8192,128,1024,3738.21
512,8192,128,2048,6384.1
512,8192,128,4096,12450
512,8192,128,8192,24714
512,8192,128,16384,48914.6
512,16384,0,0,1757.75
512,16384,1,16,1756.15
512,16384,1,32,1752.2
512,16384,1,64,1749.71
512,16384,1,128,1753.16
512,16384,1,256,1931.38
512,16384,1,512,1947.7
512,16384,1,1024,1982.7
512,16384,1,2048,2041.43
512,16384,1,4096,2156.68
512,16384,1,8192,2353.24
512,16384,1,16384,2367.22
512,16384,2,16,1922.25
512,16384,2,32,1928.43
512,16384,2,64,1927.11
512,16384,2,128,1943.37
512,16384,2,256,1949.05
512,16384,2,512,1973.7
512,16384,2,1024,2009
512,16384,2,2048,2103.85
512,16384,2,4096,2285.89
512,16384,2,8192,2369.62
512,16384,2,16384,2405.26
512,16384,4,16,1942.11
512,16384,4,32,1938.35
512,16384,4,64,1938.62
512,16384,4,128,1961.99
512,16384,4,256,1974.5
512,16384,4,512,2010.45
512,16384,4,1024,2083.91
512,16384,4,2048,2232.12
512,16384,4,4096,2386.13
512,16384,4,8192,2618.72
512,16384,4,16384,2926.8
512,16384,8,16,1962.76
512,16384,8,32,1960.71
512,16384,8,64,1967.6
512,16384,8,128,1991.48
512,16384,8,256,2021.78
512,16384,8,512,2070.52
512,16384,8,1024,2192.42
512,16384,8,2048,2422.34
512,16384,8,4096,2638.17
512,16384,8,8192,3116.39
512,16384,8,16384,3933.4
512,16384,16,16,2026.82
512,16384,16,32,2028.04
512,16384,16,64,2029.64
512,16384,16,128,2080.9
512,16384,16,256,2133.39
512,16384,16,512,2236.73
512,16384,16,1024,2453.32
512,16384,16,2048,2709.42
512,16384,16,4096,3185.85
512,16384,16,8192,4158.4
512,16384,16,16384,6611.99
512,16384,32,16,2142.23
512,16384,32,32,2145.61
512,16384,32,64,2145.42
512,16384,32,128,2246.6
512,16384,32,256,2353
512,16384,32,512,2542.58
512,16384,32,1024,2778.8
512,16384,32,2048,3287.71
512,16384,32,4096,4255.23
512,16384,32,8192,6897.43
512,16384,32,16384,12865.5
512,16384,64,16,2386.06
512,16384,64,32,2393.26
512,16384,64,64,2396.5
512,16384,64,128,2570.71
512,16384,64,256,2699.95
512,16384,64,512,2952.2
512,16384,64,1024,3467.89
512,16384,64,2048,4505.33
512,16384,64,4096,6942.8
512,16384,64,8192,12955.1
512,16384,64,16384,25260.7
512,16384,128,16,2753.05
512,16384,128,32,2795.58
512,16384,128,64,2770.34
512,16384,128,128,3044.88
512,16384,128,256,3266.1
512,16384,128,512,3770.31
512,16384,128,1024,4813.25
512,16384,128,2048,7039.39
512,16384,128,4096,12721.5
512,16384,128,8192,24922.4
512,16384,128,16384,49380
1024,0,0,0,191.044
1024,0,1,16,189.657
1024,0,1,32,190.457
1024,0,1,64,189.679
1024,0,1,128,211.653
1024,0,1,256,213.764
1024,0,1,512,217.348
1024,0,1,1024,226.522
1024,0,1,2048,267.141
1024,0,1,4096,343.463
1024,0,1,8192,475.359
1024,0,1,16384,702.286
1024,0,2,16,215.641
1024,0,2,32,216.26
1024,0,2,64,215.866
1024,0,2,128,219.428
1024,0,2,256,223.428
1024,0,2,512,229.136
1024,0,2,1024,246.213
1024,0,2,2048,300.347
1024,0,2,4096,399.208
1024,0,2,8192,589.665
1024,0,2,16384,1015.05
1024,0,4,16,226.971
1024,0,4,32,228.772
1024,0,4,64,228.709
1024,0,4,128,235.194
1024,0,4,256,243.12
1024,0,4,512,256.357
1024,0,4,1024,288.464
1024,0,4,2048,370.194
1024,0,4,4096,520.928
1024,0,4,8192,857.799
1024,0,4,16384,1530.36
1024,0,8,16,253.616
1024,0,8,32,254.672
1024,0,8,64,256.976
1024,0,8,128,269.393
1024,0,8,256,283.216
1024,0,8,512,310.15
1024,0,8,1024,374.205
1024,0,8,2048,511.072
1024,0,8,4096,841.831
1024,0,8,8192,1564.42
1024,0,8,16384,2882.57
1024,0,16,16,304.273
1024,0,16,32,305.511
1024,0,16,64,305.564
1024,0,16,128,333.949
1024,0,16,256,362.108
1024,0,16,512,416.691
1024,0,16,1024,544.417
1024,0,16,2048,867.974
1024,0,16,4096,1622.65
1024,0,16,8192,3098.87
1024,0,16,16384,5931.86
1024,0,32,16,407.998
1024,0,32,32,410.313
1024,0,32,64,411.561
1024,0,32,128,465.374
1024,0,32,256,529.792
1024,0,32,512,645.08
1024,0,32,1024,928.904
1024,0,32,2048,1645.94
1024,0,32,4096,3161.8
1024,0,32,8192,6152.14
1024,0,32,16384,12156
1024,0,64,16,612.077
1024,0,64,32,616.077
1024,0,64,64,638.925
1024,0,64,128,726.35
1024,0,64,256,860.445
1024,0,64,512,1126.16
1024,0,64,1024,1767.28
1024,0,64,2048,3254.19
1024,0,64,4096,6243.84
1024,0,64,8192,12245
1024,0,64,16384,24334.4
1024,0,128,16,988.447
1024,0,128,32,996.661
1024,0,128,64,1044.17
1024,0,128,128,1336.27
1024,0,128,256,1552.96
1024,0,128,512,2103.38
1024,0,128,1024,3298.52
1024,0,128,2048,6238.68
1024,0,128,4096,12231.3
1024,0,128,8192,24284.9
1024,0,128,16384,48425
1024,16,0,0,205.445
1024,16,1,16,204.207
1024,16,1,32,205.295
1024,16,1,64,204.783
1024,16,1,128,205.786
1024,16,1,256,228.772
1024,16,1,512,233.04
1024,16,1,1024,240.613
1024,16,1,2048,282.107
1024,16,1,4096,359.496
1024,16,1,8192,493.664
1024,16,1,16384,721.946
1024,16,2,16,231.887
1024,16,2,32,232.56
1024,16,2,64,231.599
1024,16,2,128,235.728
1024,16,2,256,240.432
1024,16,2,512,245.744
1024,16,2,1024,261.712
1024,16,2,2048,314.343
1024,16,2,4096,413.854
1024,16,2,8192,607.383
1024,16,2,16384,1034.3
1024,16,4,16,245.124
1024,16,4,32,244.485
1024,16,4,64,244.08
1024,16,4,128,254.629
1024,16,4,256,259.781
1024,16,4,512,271.579
1024,16,4,1024,305.116
1024,16,4,2048,385.213
1024,16,4,4096,535.03
1024,16,4,8192,870.109
1024,16,4,16384,1559.75
1024,16,8,16,272.337
1024,16,8,32,269.84
1024,16,8,64,273.061
1024,16,8,128,286.203
1024,16,8,256,299.835
1024,16,8,512,327.27
1024,16,8,1024,388.563
1024,16,8,2048,526.464
1024,16,8,4096,854.002
1024,16,8,8192,1610.82
1024,16,8,16384,2937.78
1024,16,16,16,321.159
1024,16,16,32,321.873
1024,16,16,64,322.417
1024,16,16,128,349.554
1024,16,16,256,378.034
1024,16,16,512,433.417
1024,16,16,1024,558.774
1024,16,16,2048,877.81
1024,16,16,4096,1629.61
1024,16,16,8192,3094.25
1024,16,16,16384,5980.08
1024,16,32,16,424.062
1024,16,32,32,427.209
1024,16,32,64,428.457
1024,16,32,128,481.983
1024,16,32,256,538.454
1024,16,32,512,672.398
1024,16,32,1024,939.827
1024,16,32,2048,1648.33
1024,16,32,4096,3165.39
1024,16,32,8192,6177.83
1024,16,32,16384,12176.5
1024,16,64,16,628.557
1024,16,64,32,632.514
1024,16,64,64,636.003
1024,16,64,128,742.874
1024,16,64,256,904.904
1024,16,64,512,1135.73
1024,16,64,1024,1778.55
1024,16,64,2048,3248.11
1024,16,64,4096,6250.82
1024,16,64,8192,12235
1024,16,64,16384,24327.1
1024,16,128,16,997.482
1024,16,128,32,1014.21
1024,16,128,64,1090.87
1024,16,128,128,1305.65
1024,16,128,256,1557.49
1024,16,128,512,2076.85
1024,16,128,1024,3317.84
1024,16,128,2048,6228.88
1024,16,128,4096,12239.1
1024,16,128,8192,24337.7
1024,16,128,16384,48428
1024,32,0,0,205.541
1024,32,1,16,209.764
1024,32,1,32,216.431
1024,32,1,64,212.431
1024,32,1,128,210.533
1024,32,1,256,212.815
1024,32,1,512,233.498
1024,32,1,1024,240.112
1024,32,1,2048,280.155
1024,32,1,4096,357.138
1024,32,1,8192,491.861
1024,32,1,16384,724.708
1024,32,2,16,232.196
1024,32,2,32,233.136
1024,32,2,64,232.869
1024,32,2,128,234.799
1024,32,2,256,239.866
1024,32,2,512,246.192
1024,32,2,1024,261.221
1024,32,2,2048,314.332
1024,32,2,4096,414.259
1024,32,2,8192,612.461
1024,32,2,16384,1023.24
1024,32,4,16,244.443
1024,32,4,32,243.557
1024,32,4,64,245.734
1024,32,4,128,251.227
1024,32,4,256,259.61
1024,32,4,512,272.443
1024,32,4,1024,303.718
1024,32,4,2048,381.523
1024,32,4,4096,534.774
1024,32,4,8192,872.22
1024,32,4,16384,1584.41
1024,32,8,16,271.739
1024,32,8,32,271.43
1024,32,8,64,271.493
1024,32,8,128,285.787
1024,32,8,256,298.875
1024,32,8,512,326.886
1024,32,8,1024,391.891
1024,32,8,2048,525.002
1024,32,8,4096,857.895
1024,32,8,8192,1590.55
1024,32,8,16384,2939.8
1024,32,16,16,321.062
1024,32,16,32,324.124
1024,32,16,64,323.175
1024,32,16,128,350.002
1024,32,16,256,377.789
1024,32,16,512,433.3
1024,32,16,1024,566.615
1024,32,16,2048,875.326
1024,32,16,4096,1634.53
1024,32,16,8192,3104.62
1024,32,16,16384,5979.45
1024,32,32,16,432.03
1024,32,32,32,427.016
1024,32,32,64,428.457
1024,32,32,128,490.186
1024,32,32,256,538.635
1024,32,32,512,658.638
1024,32,32,1024,938.547
1024,32,32,2048,1649.52
1024,32,32,4096,3164.96
1024,32,32,8192,6181.18
1024,32,32,16384,12185.6
1024,32,64,16,638.391
1024,32,64,32,644.301
1024,32,64,64,635.865
1024,32,64,128,743.589
1024,32,64,256,875.154
1024,32,64,512,1135.6
1024,32,64,1024,1778.18
1024,32,64,2048,3264.04
1024,32,64,4096,6253.75
1024,32,64,8192,12246.5
1024,32,64,16384,24328.2
1024,32,128,16,945.097
1024,32,128,32,980.917
1024,32,128,64,1083.35
1024,32,128,128,1340.71
1024,32,128,256,1595.4
1024,32,128,512,2063.35
1024,32,128,1024,3331.76
1024,32,128,2048,6235.2
1024,32,128,4096,12238.1
1024,32,128,8192,24352.5
1024,32,128,16384,48439.9
1024,64,0,0,205.519
1024,64,1,16,206.394
1024,64,1,32,205.071
1024,64,1,64,209.114
1024,64,1,128,205.541
1024,64,1,256,228.58
1024,64,1,512,233.519
1024,64,1,1024,240.442
1024,64,1,2048,279.643
1024,64,1,4096,354.845
1024,64,1,8192,494.197
1024,64,1,16384,721.038
1024,64,2,16,231.461
1024,64,2,32,231.375
1024,64,2,64,230.671
1024,64,2,128,235.663
1024,64,2,256,238.725
1024,64,2,512,246.352
1024,64,2,1024,262.161
1024,64,2,2048,314.225
1024,64,2,4096,414.078
1024,64,2,8192,607.831
1024,64,2,16384,1030.66
1024,64,4,16,243.674
1024,64,4,32,244.25
1024,64,4,64,244.283
1024,64,4,128,251.706
1024,64,4,256,258.757
1024,64,4,512,273.724
1024,64,4,1024,303.835
1024,64,4,2048,381.661
1024,64,4,4096,546.689
1024,64,4,8192,864.21
1024,64,4,16384,1562.33
1024,64,8,16,271.355
1024,64,8,32,270.384
1024,64,8,64,272.016
1024,64,8,128,283.995
1024,64,8,256,299.078
1024,64,8,512,327.067
1024,64,8,1024,388.104
1024,64,8,2048,524.725
1024,64,8,4096,854.247
1024,64,8,8192,1587.92
1024,64,8,16384,2901.28
1024,64,16,16,321.969
1024,64,16,32,325.596
1024,64,16,64,322.034
1024,64,16,128,350.6
1024,64,16,256,378.066
1024,64,16,512,432.852
1024,64,16,1024,557.92
1024,64,16,2048,871.954
1024,64,16,4096,1633.8
1024,64,16,8192,3098.42
1024,64,16,16384,5983.21
1024,64,32,16,427.529
1024,64,32,32,426.611
1024,64,32,64,428.008
1024,64,32,128,481.674
1024,64,32,256,538.38
1024,64,32,512,658.573
1024,64,32,1024,939.198
1024,64,32,2048,1654.01
1024,64,32,4096,3172.18
1024,64,32,8192,6167.59
1024,64,32,16384,12178.7
1024,64,64,16,629.144
1024,64,64,32,632.75
1024,64,64,64,641.389
1024,64,64,128,766.629
1024,64,64,256,875.101
1024,64,64,512,1135.65
1024,64,64,1024,1777.56
1024,64,64,2048,3250.96
1024,64,64,4096,6260.47
1024,64,64,8192,12245.2
1024,64,64,16384,24339.4
1024,64,128,16,988.169
1024,64,128,32,947.476
1024,64,128,64,1091.03
1024,64,128,128,1345.28
1024,64,128,256,1601.04
1024,64,128,512,2063.41
1024,64,128,1024,3315.6
1024,64,128,2048,6252.11
1024,64,128,4096,12245.3
1024,64,128,8192,24354.1
1024,64,128,16384,48447.6
1024,128,0,0,218.969
1024,128,1,16,220.986
1024,128,1,32,218.042
1024,128,1,64,217.786
1024,128,1,128,220.123
1024,128,1,256,242.981
1024,128,1,512,248.55
1024,128,1,1024,255.013
1024,128,1,2048,296.54
1024,128,1,4096,370.728
1024,128,1,8192,511.711
1024,128,1,16384,741.178
1024,128,2,16,246.682
1024,128,2,32,246.927
1024,128,2,64,246.629
1024,128,2,128,249.413
1024,128,2,256,254.053
1024,128,2,512,260.977
1024,128,2,1024,275.302
1024,128,2,2048,327.815
1024,128,2,4096,427.892
1024,128,2,8192,618.625
1024,128,2,16384,1047.66
1024,128,4,16,258.886
1024,128,4,32,258.245
1024,128,4,64,258.341
1024,128,4,128,266.139
1024,128,4,256,274.224
1024,128,4,512,287.44
1024,128,4,1024,318.801
1024,128,4,2048,399.155
1024,128,4,4096,551.617
1024,128,4,8192,873.874
1024,128,4,16384,1637.37
1024,128,8,16,285.147
1024,128,8,32,284.881
1024,128,8,64,285.222
1024,128,8,128,299.078
1024,128,8,256,314.769
1024,128,8,512,342.097
1024,128,8,1024,402.803
1024,128,8,2048,540.779
1024,128,8,4096,869.905
1024,128,8,8192,1599.09
1024,128,8,16384,2953.95
1024,128,16,16,336.093
1024,128,16,32,338.684
1024,128,16,64,340.124
1024,128,16,128,364.477
1024,128,16,256,392.882
1024,128,16,512,447.648
1024,128,16,1024,573.259
1024,128,16,2048,897.342
1024,128,16,4096,1634.97
1024,128,16,8192,3117.24
1024,128,16,16384,5997.46
1024,128,32,16,439.433
1024,128,32,32,441.119
1024,128,32,64,443.86
1024,128,32,128,495.968
1024,128,32,256,553.259
1024,128,32,512,673.998
1024,128,32,1024,963.423
1024,128,32,2048,1663.22
1024,128,32,4096,3171.05
1024,128,32,8192,6178.3
1024,128,32,16384,12188.1
1024,128,64,16,647.043
1024,128,64,32,656.185
1024,128,64,64,657.41
1024,128,64,128,762.544
1024,128,64,256,889.949
1024,128,64,512,1149.91
1024,128,64,1024,1789.02
1024,128,64,2048,3261.53
1024,128,64,4096,6267.5
1024,128,64,8192,12250
1024,128,64,16384,24345
1024,128,128,16,957.759
1024,128,128,32,992.437
1024,128,128,64,1034.71
1024,128,128,128,1319.39
1024,128,128,256,1610.24
1024,128,128,512,2113.84
1024,128,128,1024,3337.39
1024,128,128,2048,6247.73
1024,128,128,4096,12251.7
1024,128,128,8192,24362.6
1024,128,128,16384,48440.8
1024,256,0,0,249.135
1024,256,1,16,246.608
1024,256,1,32,246.075
1024,256,1,64,247.077
1024,256,1,128,247.568
1024,256,1,256,273.808
1024,256,1,512,277.968
1024,256,1,1024,285.627
1024,256,1,2048,321.895
1024,256,1,4096,399.293
1024,256,1,8192,539.157
1024,256,1,16384,779.322
1024,256,2,16,275.216
1024,256,2,32,277.125
1024,256,2,64,276.71
1024,256,2,128,280.23
1024,256,2,256,286.192
1024,256,2,512,290.31
1024,256,2,1024,305.254
1024,256,2,2048,356.829
1024,256,2,4096,457.727
1024,256,2,8192,646.05
1024,256,2,16384,1064.75
1024,256,4,16,288.305
1024,256,4,32,289.19
1024,256,4,64,288.571
1024,256,4,128,295.483
1024,256,4,256,306.939
1024,256,4,512,317.596
1024,256,4,1024,345.148
1024,256,4,2048,424.948
1024,256,4,4096,580.866
1024,256,4,8192,910.984
1024,256,4,16384,1675.11
1024,256,8,16,313.969
1024,256,8,32,314.268
1024,256,8,64,315.122
1024,256,8,128,327.879
1024,256,8,256,346.184
1024,256,8,512,371.411
1024,256,8,1024,429.972
1024,256,8,2048,571.585
1024,256,8,4096,904.573
1024,256,8,8192,1642.69
1024,256,8,16384,3049.95
1024,256,16,16,364.147
1024,256,16,32,365.96
1024,256,16,64,366.728
1024,256,16,128,394.952
1024,256,16,256,422.996
1024,256,16,512,478.346
1024,256,16,1024,601.538
1024,256,16,2048,904.627
1024,256,16,4096,1653.27
1024,256,16,8192,3145.22
1024,256,16,16384,6039.94
1024,256,32,16,470.015
1024,256,32,32,476.629
1024,256,32,64,472.938
1024,256,32,128,526.262
1024,256,32,256,583.938
1024,256,32,512,702.489
1024,256,32,1024,978.292
1024,256,32,2048,1665.45
1024,256,32,4096,3183.84
1024,256,32,8192,6199.43
1024,256,32,16384,12220.8
1024,256,64,16,673.966
1024,256,64,32,678.243
1024,256,64,64,697.636
1024,256,64,128,788.593
1024,256,64,256,917.812
1024,256,64,512,1176.91
1024,256,64,1024,1822.96
1024,256,64,2048,3267.88
1024,256,64,4096,6287.45
1024,256,64,8192,12258.4
1024,256,64,16384,24356.6
1024,256,128,16,1044.01
1024,256,128,32,1018.79
1024,256,128,64,1129.79
1024,256,128,128,1395.37
1024,256,128,256,1600.68
1024,256,128,512,2141.94
1024,256,128,1024,3342.34
1024,256,128,2048,6247.85
1024,256,128,4096,12259.7
1024,256,128,8192,24337.7
1024,256,128,16384,48442.1
1024,512,0,0,305.702
1024,512,1,16,304.817
1024,512,1,32,311.494
1024,512,1,64,304.326
1024,512,1,128,306.747
1024,512,1,256,334.77
1024,512,1,512,338.418
1024,512,1,1024,345.713
1024,512,1,2048,375.965
1024,512,1,4096,455.327
1024,512,1,8192,602.872
1024,512,1,16384,855.965
1024,512,2,16,337.01
1024,512,2,32,338.141
1024,512,2,64,337.159
1024,512,2,128,340.167
1024,512,2,256,343.772
1024,512,2,512,352.306
1024,512,2,1024,365.938
1024,512,2,2048,411.582
1024,512,2,4096,514.975
1024,512,2,8192,712.495
1024,512,2,16384,1106.19
1024,512,4,16,349.49
1024,512,4,32,348.723
1024,512,4,64,349.704
1024,512,4,128,356.669
1024,512,4,256,364.328
1024,512,4,512,379.379
1024,512,4,1024,406.301
1024,512,4,2048,480.544
1024,512,4,4096,638.541
1024,512,4,8192,967.743
1024,512,4,16384,1720.16
1024,512,8,16,376.328
1024,512,8,32,376.466
1024,512,8,64,380.093
1024,512,8,128,389.747
1024,512,8,256,404.019
1024,512,8,512,433.609
1024,512,8,1024,486.997
1024,512,8,2048,621.464
1024,512,8,4096,928.276
1024,512,8,8192,1676.62
1024,512,8,16384,3145.88
1024,512,16,16,425.406
1024,512,16,32,425.801
1024,512,16,64,426.089
1024,512,16,128,454.687
1024,512,16,256,489.216
1024,512,16,512,539.446
1024,512,16,1024,667.523
1024,512,16,2048,945.62
1024,512,16,4096,1672.18
1024,512,16,8192,3193.05
1024,512,16,16384,6111.31
1024,512,32,16,530.764
1024,512,32,32,532.598
1024,512,32,64,533.387
1024,512,32,128,588.055
1024,512,32,256,645.806
1024,512,32,512,762.672
1024,512,32,1024,1029.45
1024,512,32,2048,1684.17
1024,512,32,4096,3207.14
1024,512,32,8192,6237.43
1024,512,32,16384,12283.5
1024,512,64,16,735.493
1024,512,64,32,738.554
1024,512,64,64,741.968
1024,512,64,128,869.608
1024,512,64,256,979.455
1024,512,64,512,1233.33
1024,512,64,1024,1838.11
1024,512,64,2048,3298.38
1024,512,64,4096,6325.38
1024,512,64,8192,12282.2
1024,512,64,16384,24376.1
1024,512,128,16,1060.65
1024,512,128,32,1116.22
1024,512,128,64,1204.79
1024,512,128,128,1404.37
1024,512,128,256,1686.26
1024,512,128,512,2163.49
1024,512,128,1024,3381.65
1024,512,128,2048,6306.51
1024,512,128,4096,12303.1
1024,512,128,8192,24364.2
1024,512,128,16384,48464.5
1024,1024,0,0,420.052
1024,1024,1,16,417.886
1024,1024,1,32,416.841
1024,1024,1,64,417.812
1024,1024,1,128,420.574
1024,1024,1,256,420.98
1024,1024,1,512,460.222
1024,1024,1,1024,467.369
1024,1024,1,2048,490.709
1024,1024,1,4096,565.623
1024,1024,1,8192,719.066
1024,1024,1,16384,1006.35
1024,1024,2,16,456.98
1024,1024,2,32,457.844
1024,1024,2,64,457.375
1024,1024,2,128,462.335
1024,1024,2,256,466.836
1024,1024,2,512,472.767
1024,1024,2,1024,489.706
1024,1024,2,2048,520.884
1024,1024,2,4096,628.909
1024,1024,2,8192,830.951
1024,1024,2,16384,1233.64
1024,1024,4,16,469.482
1024,1024,4,32,470.665
1024,1024,4,64,469.887
1024,1024,4,128,475.765
1024,1024,4,256,486.399
1024,1024,4,512,499.616
1024,1024,4,1024,528.246
1024,1024,4,2048,591.863
1024,1024,4,4096,759.269
1024,1024,4,8192,1078.27
1024,1024,4,16384,1817.2
1024,1024,8,16,495.637
1024,1024,8,32,496.256
1024,1024,8,64,497.504
1024,1024,8,128,508.491
1024,1024,8,256,526.806
1024,1024,8,512,553.857
1024,1024,8,1024,609.367
1024,1024,8,2048,740.859
1024,1024,8,4096,1037.3
1024,1024,8,8192,1743.19
1024,1024,8,16384,3264.98
1024,1024,16,16,546.156
1024,1024,16,32,545.206
1024,1024,16,64,547.361
1024,1024,16,128,575.66
1024,1024,16,256,609.687
1024,1024,16,512,660.344
1024,1024,16,1024,793.798
1024,1024,16,2048,1063.88
1024,1024,16,4096,1716.88
1024,1024,16,8192,3264.76
1024,1024,16,16384,6231.51
1024,1024,32,16,651.267
1024,1024,32,32,652.685
1024,1024,32,64,654.765
1024,1024,32,128,710.127
1024,1024,32,256,767.238
1024,1024,32,512,888.243
1024,1024,32,1024,1145.92
1024,1024,32,2048,1764.39
1024,1024,32,4096,3247.47
1024,1024,32,8192,6298.63
1024,1024,32,16384,12349
1024,1024,64,16,857.127
1024,1024,64,32,860.423
1024,1024,64,64,863.901
1024,1024,64,128,1008.95
1024,1024,64,256,1104.06
1024,1024,64,512,1344.12
1024,1024,64,1024,1931.02
1024,1024,64,2048,3344.51
1024,1024,64,4096,6367.18
1024,1024,64,8192,12341.4
1024,1024,64,16384,24427.7
1024,1024,128,16,1183.91
1024,1024,128,32,1226.49
1024,1024,128,64,1221.09
1024,1024,128,128,1522.81
1024,1024,128,256,1812.88
1024,1024,128,512,2277.54
1024,1024,128,1024,3469.79
1024,1024,128,2048,6342.03
1024,1024,128,4096,12369.4
1024,1024,128,8192,24401
1024,1024,128,16384,48515
1024,2048,0,0,647.085
1024,2048,1,16,643.106
1024,2048,1,32,644.642
1024,2048,1,64,645.421
1024,2048,1,128,646.893
1024,2048,1,256,697.87
1024,2048,1,512,702.82
1024,2048,1,1024,723.152
1024,2048,1,2048,722.724
1024,2048,1,4096,783.249
1024,2048,1,8192,950.473
1024,2048,1,16384,1264.45
1024,2048,2,16,699.011
1024,2048,2,32,698.948
1024,2048,2,64,701.38
1024,2048,2,128,702.734
1024,2048,2,256,706.671
1024,2048,2,512,720.409
1024,2048,2,1024,735.045
1024,2048,2,2048,757.807
1024,2048,2,4096,849.661
1024,2048,2,8192,1076.47
1024,2048,2,16384,1484.69
1024,2048,4,16,719.62
1024,2048,4,32,713.924
1024,2048,4,64,715.941
1024,2048,4,128,718.053
1024,2048,4,256,725.413
1024,2048,4,512,741.253
1024,2048,4,1024,769.211
1024,2048,4,2048,827.356
1024,2048,4,4096,981.514
1024,2048,4,8192,1310.35
1024,2048,4,16384,1988.13
1024,2048,8,16,741.018
1024,2048,8,32,738.256
1024,2048,8,64,739.77
1024,2048,8,128,750.821
1024,2048,8,256,766.203
1024,2048,8,512,800.508
1024,2048,8,1024,851.197
1024,2048,8,2048,969.568
1024,2048,8,4096,1256.96
1024,2048,8,8192,1869.5
1024,2048,8,16384,3372.91
1024,2048,16,16,784.262
1024,2048,16,32,786.342
1024,2048,16,64,793.329
1024,2048,16,128,814.727
1024,2048,16,256,844.434
1024,2048,16,512,928.905
1024,2048,16,1024,1053.04
1024,2048,16,2048,1291.48
1024,2048,16,4096,1840.59
1024,2048,16,8192,3367.19
1024,2048,16,16384,6479.62
1024,2048,32,16,906.153
1024,2048,32,32,895.688
1024,2048,32,64,895.315
1024,2048,32,128,951.764
1024,2048,32,256,1011.72
1024,2048,32,512,1134.89
1024,2048,32,1024,1387.41
1024,2048,32,2048,1946.97
1024,2048,32,4096,3305.74
1024,2048,32,8192,6447.5
1024,2048,32,16384,12485.7
1024,2048,64,16,1099.55
1024,2048,64,32,1102.75
1024,2048,64,64,1106
1024,2048,64,128,1220.29
1024,2048,64,256,1395.7
1024,2048,64,512,1628.46
1024,2048,64,1024,2159.01
1024,2048,64,2048,3422.13
1024,2048,64,4096,6415.59
1024,2048,64,8192,12436.6
1024,2048,64,16384,24494.2
1024,2048,128,16,1457.91
1024,2048,128,32,1377.03
1024,2048,128,64,1557.81
1024,2048,128,128,1770.49
1024,2048,128,256,2036.4
1024,2048,128,512,2546.83
1024,2048,128,1024,3662.16
1024,2048,128,2048,6446.48
1024,2048,128,4096,12467.9
1024,2048,128,8192,24562.1
1024,2048,128,16384,48645.3
1024,4096,0,0,1087.35
1024,4096,1,16,1093.37
1024,4096,1,32,1089.47
1024,4096,1,64,1090.09
1024,4096,1,128,1137.99
1024,4096,1,256,1178.97
1024,4096,1,512,1189.1
1024,4096,1,1024,1219.85
1024,4096,1,2048,1213.91
1024,4096,1,4096,1238.04
1024,4096,1,8192,1402.48
1024,4096,1,16384,1695.75
1024,4096,2,16,1201.04
1024,4096,2,32,1187.1
1024,4096,2,64,1183.82
1024,4096,2,128,1202.54
1024,4096,2,256,1217.84
1024,4096,2,512,1204.85
1024,4096,2,1024,1232.92
1024,4096,2,2048,1268.37
1024,4096,2,4096,1276.77
1024,4096,2,8192,1490.1
1024,4096,2,16384,1940.49
1024,4096,4,16,1204.1
1024,4096,4,32,1202.32
1024,4096,4,64,1231.86
1024,4096,4,128,1207.38
1024,4096,4,256,1210.33
1024,4096,4,512,1247.95
1024,4096,4,1024,1253.95
1024,4096,4,2048,1320.25
1024,4096,4,4096,1416.93
1024,4096,4,8192,1747.28
1024,4096,4,16384,2512.73
1024,4096,8,16,1204.59
1024,4096,8,32,1205.67
1024,4096,8,64,1204
1024,4096,8,128,1222.03
1024,4096,8,256,1235.16
1024,4096,8,512,1294.12
1024,4096,8,1024,1340.96
1024,4096,8,2048,1460.81
1024,4096,8,4096,1731.74
1024,4096,8,8192,2278.01
1024,4096,8,16384,3684.41
1024,4096,16,16,1256.92
1024,4096,16,32,1258.62
1024,4096,16,64,1245.45
1024,4096,16,128,1302.71
1024,4096,16,256,1356.8
1024,4096,16,512,1396
1024,4096,16,1024,1514.34
1024,4096,16,2048,1748.7
1024,4096,16,4096,2213.44
1024,4096,16,8192,3580.3
1024,4096,16,16384,6667.64
1024,4096,32,16,1369.31
1024,4096,32,32,1416.58
1024,4096,32,64,1377.47
1024,4096,32,128,1474.21
1024,4096,32,256,1497.27
1024,4096,32,512,1620.88
1024,4096,32,1024,1917.81
1024,4096,32,2048,2373.23
1024,4096,32,4096,3581.53
1024,4096,32,8192,6643.02
1024,4096,32,16384,12805.3
1024,4096,64,16,1596.01
1024,4096,64,32,1571.38
1024,4096,64,64,1576.32
1024,4096,64,128,1717.41
1024,4096,64,256,1836.25
1024,4096,64,512,2078.1
1024,4096,64,1024,2563.87
1024,4096,64,2048,3683.21
1024,4096,64,4096,6585.74
1024,4096,64,8192,12646.8
1024,4096,64,16384,24671.5
1024,4096,128,16,1929.96
1024,4096,128,32,1851.55
1024,4096,128,64,2027.1
1024,4096,128,128,2289.18
1024,4096,128,256,2502.38
1024,4096,128,512,3035.83
1024,4096,128,1024,4021.32
1024,4096,128,2048,6629.99
1024,4096,128,4096,12609.5
1024,4096,128,8192,24747.3
1024,4096,128,16384,48872
1024,8192,0,0,1944.59
1024,8192,1,16,1943.4
1024,8192,1,32,1936.94
1024,8192,1,64,1972.46
1024,8192,1,128,1955.24
1024,8192,1,256,2161.29
1024,8192,1,512,2142.15
1024,8192,1,1024,2127.1
1024,8192,1,2048,2164.01
1024,8192,1,4096,2263.76
1024,8192,1,8192,2303.89
1024,8192,1,16384,2508.91
1024,8192,2,16,2130.3
1024,8192,2,32,2139.54
1024,8192,2,64,2130.43
1024,8192,2,128,2109.45
1024,8192,2,256,2122.74
1024,8192,2,512,2184.55
1024,8192,2,1024,2146.42
1024,8192,2,2048,2238.51
1024,8192,2,4096,2335.56
1024,8192,2,8192,2319.84
1024,8192,2,16384,2765.04
1024,8192,4,16,2167.85
1024,8192,4,32,2160.11
1024,8192,4,64,2111.2
1024,8192,4,128,2120.38
1024,8192,4,256,2128.68
1024,8192,4,512,2196.32
1024,8192,4,1024,2182.33
1024,8192,4,2048,2320.13
1024,8192,4,4096,2410.29
1024,8192,4,8192,2572.71
1024,8192,4,16384,3284.04
1024,8192,8,16,2178.62
1024,8192,8,32,2177.3
1024,8192,8,64,2158.26
1024,8192,8,128,2140.84
1024,8192,8,256,2194.4
1024,8192,8,512,2188.95
1024,8192,8,1024,2299.77
1024,8192,8,2048,2509.39
1024,8192,8,4096,2666.89
1024,8192,8,8192,3181.47
1024,8192,8,16384,4432.08
1024,8192,16,16,2207.14
1024,8192,16,32,2155.93
1024,8192,16,64,2154.56
1024,8192,16,128,2220.38
1024,8192,16,256,2245.74
1024,8192,16,512,2331.96
1024,8192,16,1024,2549.03
1024,8192,16,2048,2714.44
1024,8192,16,4096,3297.26
1024,8192,16,8192,4242.46
1024,8192,16,16384,7222.65
1024,8192,32,16,2288.36
1024,8192,32,32,2286.27
1024,8192,32,64,2288.84
1024,8192,32,128,2369.61
1024,8192,32,256,2508.8
1024,8192,32,512,2588.79
1024,8192,32,1024,2929.1
1024,8192,32,2048,3414.29
1024,8192,32,4096,4370.01
1024,8192,32,8192,6990.69
1024,8192,32,16384,13301.4
1024,8192,64,16,2602.21
1024,8192,64,32,2553.76
1024,8192,64,64,2565.5
1024,8192,64,128,2717.75
1024,8192,64,256,2801.87
1024,8192,64,512,3149.84
1024,8192,64,1024,3542.22
1024,8192,64,2048,4601.94
1024,8192,64,4096,6979.27
1024,8192,64,8192,13162.5
1024,8192,64,16384,25211.6
1024,8192,128,16,2901.49
1024,8192,128,32,2873.66
1024,8192,128,64,3097.03
1024,8192,128,128,3317.85
1024,8192,128,256,3630.42
1024,8192,128,512,3958.87
1024,8192,128,1024,5052.68
1024,8192,128,2048,7204.16
1024,8192,128,4096,12950.9
1024,8192,128,8192,25249.8
1024,8192,128,16384,49395.2
1024,16384,0,0,3607.04
1024,16384,1,16,3586.53
1024,16384,1,32,3651.36
1024,16384,1,64,3686.83
1024,16384,1,128,3796.67
1024,16384,1,256,4023.74
1024,16384,1,512,3982.58
1024,16384,1,1024,4006.23
1024,16384,1,2048,4075.48
1024,16384,1,4096,4179.92
1024,16384,1,8192,4400.98
1024,16384,1,16384,4321
1024,16384,2,16,4015.54
1024,16384,2,32,4005.94
1024,16384,2,64,4029.94
1024,16384,2,128,3965.47
1024,16384,2,256,3949.91
1024,16384,2,512,3980.37
1024,16384,2,1024,4034.74
1024,16384,2,2048,4091.31
1024,16384,2,4096,4287.48
1024,16384,2,8192,4437.59
1024,16384,2,16384,4513.63
1024,16384,4,16,3986.97
1024,16384,4,32,3987.39
1024,16384,4,64,3992.19
1024,16384,4,128,3995.97
1024,16384,4,256,3956.18
1024,16384,4,512,4015.42
1024,16384,4,1024,4093.16
1024,16384,4,2048,4202.43
1024,16384,4,4096,4354.61
1024,16384,4,8192,4682.43
1024,16384,4,16384,5074.05
1024,16384,8,16,4010.79
1024,16384,8,32,3975.87
1024,16384,8,64,3981.34
1024,16384,8,128,4025.17
1024,16384,8,256,4032
1024,16384,8,512,4119.87
1024,16384,8,1024,4208.34
1024,16384,8,2048,4307.65
1024,16384,8,4096,4747.43
1024,16384,8,8192,5230.8
1024,16384,8,16384,6087.13
1024,16384,16,16,3981.83
1024,16384,16,32,4065.2
1024,16384,16,64,3977.9
1024,16384,16,128,4024.38
1024,16384,16,256,4097.03
1024,16384,16,512,4257.93
1024,16384,16,1024,4347.4
1024,16384,16,2048,4674.28
1024,16384,16,4096,5340.07
1024,16384,16,8192,6333.85
1024,16384,16,16384,8546.3
1024,16384,32,16,4105.72
1024,16384,32,32,4186.12
1024,16384,32,64,4210.3
1024,16384,32,128,4299.4
1024,16384,32,256,4271.77
1024,16384,32,512,4466.26
1024,16384,32,1024,4882.79
1024,16384,32,2048,5447.04
1024,16384,32,4096,6416.64
1024,16384,32,8192,8529.75
1024,16384,32,16384,13901.3
1024,16384,64,16,4488.52
1024,16384,64,32,4469.82
1024,16384,64,64,4398.2
1024,16384,64,128,4572.6
1024,16384,64,256,4822.85
1024,16384,64,512,5044.22
1024,16384,64,1024,5612.46
1024,16384,64,2048,6655.63
1024,16384,64,4096,8923.1
1024,16384,64,8192,14034.8
1024,16384,64,16384,26166.2
1024,16384,128,16,4426.25
1024,16384,128,32,4674.67
1024,16384,128,64,5084.18
1024,16384,128,128,5395.06
1024,16384,128,256,5512.9
1024,16384,128,512,6198.09
1024,16384,128,1024,7262.31
1024,16384,128,2048,9219.79
1024,16384,128,4096,13917.2
1024,16384,128,8192,25874.4
1024,16384,128,16384,50355.8
2048,0,0,0,619.555
2048,0,1,16,629.25
2048,0,1,32,616.227
2048,0,1,64,598.99
2048,0,1,128,661.079
2048,0,1,256,663.18
2048,0,1,512,663.885
2048,0,1,1024,653.548
2048,0,1,2048,692.449
2048,0,1,4096,772.073
2048,0,1,8192,943.556
2048,0,1,16384,1274.3
2048,0,2,16,643.885
2048,0,2,32,673.612
2048,0,2,64,666.775
2048,0,2,128,684.065
2048,0,2,256,672.546
2048,0,2,512,705.473
2048,0,2,1024,672.45
2048,0,2,2048,739.637
2048,0,2,4096,840.296
2048,0,2,8192,1066.14
2048,0,2,16384,1471.11
2048,0,4,16,684.054
2048,0,4,32,682.786
2048,0,4,64,693.526
2048,0,4,128,704.31
2048,0,4,256,681.686
2048,0,4,512,696
2048,0,4,1024,742.656
2048,0,4,2048,816.947
2048,0,4,4096,992.952
2048,0,4,8192,1380.13
2048,0,4,16384,2024.97
2048,0,8,16,730.805
2048,0,8,32,727.062
2048,0,8,64,705.035
2048,0,8,128,758.954
2048,0,8,256,763.423
2048,0,8,512,794.547
2048,0,8,1024,816.201
2048,0,8,2048,989.507
2048,0,8,4096,1285.95
2048,0,8,8192,1949.78
2048,0,8,16384,3497.67
2048,0,16,16,814.313
2048,0,16,32,824.957
2048,0,16,64,817.48
2048,0,16,128,842.472
2048,0,16,256,872.85
2048,0,16,512,925.957
2048,0,16,1024,1046.84
2048,0,16,2048,1325.83
2048,0,16,4096,1902.4
2048,0,16,8192,3432.61
2048,0,16,16384,6501.99
2048,0,32,16,989.262
2048,0,32,32,981.551
2048,0,32,64,1007.36
2048,0,32,128,1049.24
2048,0,32,256,1091.16
2048,0,32,512,1189.42
2048,0,32,1024,1536.88
2048,0,32,2048,2041.58
2048,0,32,4096,3429.13
2048,0,32,8192,6427.12
2048,0,32,16384,12462.1
2048,0,64,16,1280.74
2048,0,64,32,1279.49
2048,0,64,64,1291.81
2048,0,64,128,1488.99
2048,0,64,256,1580.96
2048,0,64,512,1914.22
2048,0,64,1024,2406.43
2048,0,64,2048,3679.66
2048,0,64,4096,6714.15
2048,0,64,8192,12693.3
2048,0,64,16384,24660.5
2048,0,128,16,1917.57
2048,0,128,32,2058.99
2048,0,128,64,2096.62
2048,0,128,128,2396.6
2048,0,128,256,2594.62
2048,0,128,512,3087.59
2048,0,128,1024,4243.15
2048,0,128,2048,6735.74
2048,0,128,4096,12645.8
2048,0,128,8192,24581.2
2048,0,128,16384,48647.7
2048,16,0,0,612.346
2048,16,1,16,659.747
2048,16,1,32,626.267
2048,16,1,64,664.473
2048,16,1,128,653.732
2048,16,1,256,692.803
2048,16,1,512,690.915
2048,16,1,1024,707.181
2048,16,1,2048,703.266
2048,16,1,4096,803.232
2048,16,1,8192,970.801
2048,16,1,16384,1275.52
2048,16,2,16,703.8
2048,16,2,32,695.821
2048,16,2,64,704.889
2048,16,2,128,685.539
2048,16,2,256,706.989
2048,16,2,512,711.587
2048,16,2,1024,725.399
2048,16,2,2048,762.455
2048,16,2,4096,852.606
2048,16,2,8192,1104.6
2048,16,2,16384,1510.32
2048,16,4,16,745.388
2048,16,4,32,719.512
2048,16,4,64,694.115
2048,16,4,128,701.358
2048,16,4,256,732.759
2048,16,4,512,745.441
2048,16,4,1024,773.984
2048,16,4,2048,848.66
2048,16,4,4096,1013.06
2048,16,4,8192,1374.23
2048,16,4,16384,2041.07
2048,16,8,16,785.718
2048,16,8,32,780.278
2048,16,8,64,769.782
2048,16,8,128,752.322
2048,16,8,256,793.366
2048,16,8,512,829.129
2048,16,8,1024,875.368
2048,16,8,2048,1024.74
2048,16,8,4096,1327.97
2048,16,8,8192,1987.61
2048,16,8,16384,3547.69
2048,16,16,16,859.124
2048,16,16,32,858.943
2048,16,16,64,878.697
2048,16,16,128,897.982
2048,16,16,256,903.72
2048,16,16,512,981.404
2048,16,16,1024,1096.96
2048,16,16,2048,1362.29
2048,16,16,4096,1927.97
2048,16,16,8192,3435.16
2048,16,16,16384,6520.32
2048,16,32,16,1014.76
2048,16,32,32,1037.64
2048,16,32,64,1054.17
2048,16,32,128,1103.47
2048,16,32,256,1147.96
2048,16,32,512,1274.95
2048,16,32,1024,1511.62
2048,16,32,2048,2048.51
2048,16,32,4096,3377.72
2048,16,32,8192,6453.93
2048,16,32,16384,12476.8
2048,16,64,16,1308.02
2048,16,64,32,1307.41
2048,16,64,64,1315.7
2048,16,64,128,1401.4
2048,16,64,256,1626.86
2048,16,64,512,1881.74
2048,16,64,1024,2418.83
2048,16,64,2048,3727.21
2048,16,64,4096,6756.44
2048,16,64,8192,12711.6
2048,16,64,16384,24699.5
2048,16,128,16,2092.4
2048,16,128,32,2070
2048,16,128,64,2161.68
2048,16,128,128,2338.6
2048,16,128,256,2593.58
2048,16,128,512,3187.39
2048,16,128,1024,4331.72
2048,16,128,2048,6827.11
2048,16,128,4096,12711.5
2048,16,128,8192,24652.2
2048,16,128,16384,48676.3
2048,32,0,0,663.312
2048,32,1,16,667.557
2048,32,1,32,673.818
2048,32,1,64,664.219
2048,32,1,128,653.35
2048,32,1,256,691.823
2048,32,1,512,671.749
2048,32,1,1024,726.574
2048,32,1,2048,694.106
2048,32,1,4096,809.079
2048,32,1,8192,993.821
2048,32,1,16384,1276.85
2048,32,2,16,706.809
2048,32,2,32,684.922
2048,32,2,64,721.209
2048,32,2,128,712.431
2048,32,2,256,714.032
2048,32,2,512,692.773
2048,32,2,1024,712.943
2048,32,2,2048,760.152
2048,32,2,4096,880.79
2048,32,2,8192,1113.31
2048,32,2,16384,1523.47
2048,32,4,16,717.882
2048,32,4,32,716.645
2048,32,4,64,741.753
2048,32,4,128,728.271
2048,32,4,256,734.788
2048,32,4,512,751.214
2048,32,4,1024,779.054
2048,32,4,2048,837.762
2048,32,4,4096,1018.38
2048,32,4,8192,1346.11
2048,32,4,16384,2043.64
2048,32,8,16,765.987
2048,32,8,32,760.312
2048,32,8,64,757.358
2048,32,8,128,782.19
2048,32,8,256,792.579
2048,32,8,512,827.362
2048,32,8,1024,889.537
2048,32,8,2048,1020.11
2048,32,8,4096,1319.86
2048,32,8,8192,1928.18
2048,32,8,16384,3517.05
2048,32,16,16,828.535
2048,32,16,32,847.628
2048,32,16,64,852.033
2048,32,16,128,901.376
2048,32,16,256,905.825
2048,32,16,512,977.47
2048,32,16,1024,1090.75
2048,32,16,2048,1411.65
2048,32,16,4096,1975.81
2048,32,16,8192,3445.11
2048,32,16,16384,6520.64
2048,32,32,16,1036.81
2048,32,32,32,1027.33
2048,32,32,64,1024.58
2048,32,32,128,1073.2
2048,32,32,256,1131.47
2048,32,32,512,1297.43
2048,32,32,1024,1515.23
2048,32,32,2048,2119.64
2048,32,32,4096,3440.71
2048,32,32,8192,6470.54
2048,32,32,16384,12485.2
2048,32,64,16,1362.44
2048,32,64,32,1422.38
2048,32,64,64,1374.88
2048,32,64,128,1496.25
2048,32,64,256,1617.63
2048,32,64,512,1895.25
2048,32,64,1024,2440.02
2048,32,64,2048,3733.95
2048,32,64,4096,6747.24
2048,32,64,8192,12759.6
2048,32,64,16384,24776.2
2048,32,128,16,1982.1
2048,32,128,32,1945.62
2048,32,128,64,2063.13
2048,32,128,128,2350.92
2048,32,128,256,2694.91
2048,32,128,512,3115.91
2048,32,128,1024,4330.06
2048,32,128,2048,6836.29
2048,32,128,4096,12716.7
2048,32,128,8192,24696.3
2048,32,128,16384,48671.4
2048,64,0,0,663.783
2048,64,1,16,687.622
2048,64,1,32,667.932
2048,64,1,64,667.196
2048,64,1,128,666.311
2048,64,1,256,669.073
2048,64,1,512,679.644
2048,64,1,1024,709.489
2048,64,1,2048,693.169
2048,64,1,4096,799.631
2048,64,1,8192,951.883
2048,64,1,16384,1288.6
2048,64,2,16,672.487
2048,64,2,32,716.284
2048,64,2,64,697.991
2048,64,2,128,693.778
2048,64,2,256,723.836
2048,64,2,512,720.561
2048,64,2,1024,734.672
2048,64,2,2048,757.445
2048,64,2,4096,870.115
2048,64,2,8192,1095.89
2048,64,2,16384,1518.19
2048,64,4,16,725.766
2048,64,4,32,709.563
2048,64,4,64,715.366
2048,64,4,128,713.691
2048,64,4,256,729.478
2048,64,4,512,773.637
2048,64,4,1024,772.272
2048,64,4,2048,872.237
2048,64,4,4096,1025.77
2048,64,4,8192,1363.56
2048,64,4,16384,2090.15
2048,64,8,16,756.016
2048,64,8,32,764.421
2048,64,8,64,786.491
2048,64,8,128,771.408
2048,64,8,256,816.825
2048,64,8,512,826.479
2048,64,8,1024,872.142
2048,64,8,2048,1005.89
2048,64,8,4096,1334.83
2048,64,8,8192,1934.43
2048,64,8,16384,3559.79
2048,64,16,16,846.948
2048,64,16,32,865.646
2048,64,16,64,847.737
2048,64,16,128,873.209
2048,64,16,256,907.181
2048,64,16,512,970.092
2048,64,16,1024,1094.95
2048,64,16,2048,1361.67
2048,64,16,4096,1909.9
2048,64,16,8192,3443.18
2048,64,16,16384,6538.14
2048,64,32,16,1043.24
2048,64,32,32,1016.76
2048,64,32,64,1019.37
2048,64,32,128,1102.72
2048,64,32,256,1164.09
2048,64,32,512,1274.32
2048,64,32,1024,1567.35
2048,64,32,2048,2080.49
2048,64,32,4096,3414.64
2048,64,32,8192,6457.86
2048,64,32,16384,12488
2048,64,64,16,1343.45
2048,64,64,32,1321.17
2048,64,64,64,1406.18
2048,64,64,128,1475.62
2048,64,64,256,1694.33
2048,64,64,512,1938.37
2048,64,64,1024,2519.27
2048,64,64,2048,3686.28
2048,64,64,4096,6727.42
2048,64,64,8192,12737.8
2048,64,64,16384,24698.3
2048,64,128,16,2062.35
2048,64,128,32,1987.92
2048,64,128,64,2161.7
2048,64,128,128,2400.13
2048,64,128,256,2599.37
2048,64,128,512,3229.03
2048,64,128,1024,4305.16
2048,64,128,2048,6762.28
2048,64,128,4096,12710.8
2048,64,128,8192,24664.2
2048,64,128,16384,48678.3
2048,128,0,0,655.497
2048,128,1,16,696.424
2048,128,1,32,705.171
2048,128,1,64,703.389
2048,128,1,128,681.64
2048,128,1,256,736.125
2048,128,1,512,732.797
2048,128,1,1024,707.602
2048,128,1,2048,755.313
2048,128,1,4096,821.52
2048,128,1,8192,992.642
2048,128,1,16384,1310.46
2048,128,2,16,711.517
2048,128,2,32,732.466
2048,128,2,64,706.621
2048,128,2,128,731.89
2048,128,2,256,758.909
2048,128,2,512,740.157
2048,128,2,1024,782.588
2048,128,2,2048,787.441
2048,128,2,4096,905.881
2048,128,2,8192,1122.78
2048,128,2,16384,1596.87
2048,128,4,16,746.631
2048,128,4,32,746.076
2048,128,4,64,720.903
2048,128,4,128,739.25
2048,128,4,256,758.695
2048,128,4,512,779.387
2048,128,4,1024,815.356
2048,128,4,2048,869.125
2048,128,4,4096,1044.74
2048,128,4,8192,1405.99
2048,128,4,16384,2074.83
2048,128,8,16,770.407
2048,128,8,32,771.484
2048,128,8,64,786.375
2048,128,8,128,804.22
2048,128,8,256,816.444
2048,128,8,512,851.152
2048,128,8,1024,910.554
2048,128,8,2048,1062.44
2048,128,8,4096,1352.95
2048,128,8,8192,2005.13
2048,128,8,16384,3579.5
2048,128,16,16,906.383
2048,128,16,32,870.96
2048,128,16,64,879.334
2048,128,16,128,903.247
2048,128,16,256,933.167
2048,128,16,512,1016.13
2048,128,16,1024,1120.9
2048,128,16,2048,1408.22
2048,128,16,4096,1963.41
2048,128,16,8192,3456.12
2048,128,16,16384,6537.72
2048,128,32,16,1038.04
2048,128,32,32,1042.54
2048,128,32,64,1009.73
2048,128,32,128,1103.36
2048,128,32,256,1160.12
2048,128,32,512,1287.33
2048,128,32,1024,1543.96
2048,128,32,2048,2082.5
2048,128,32,4096,3453.82
2048,128,32,8192,6463.87
2048,128,32,16384,12499.9
2048,128,64,16,1319.96
2048,128,64,32,1339.37
2048,128,64,64,1334.24
2048,128,64,128,1467.61
2048,128,64,256,1647.51
2048,128,64,512,1904.35
2048,128,64,1024,2494.3
2048,128,64,2048,3719.76
2048,128,64,4096,6744.26
2048,128,64,8192,12751.6
2048,128,64,16384,24692.2
2048,128,128,16,2139.12
2048,128,128,32,2150.16
2048,128,128,64,2090.25
2048,128,128,128,2451.38
2048,128,128,256,2679.13
2048,128,128,512,3240.65
2048,128,128,1024,4346.4
2048,128,128,2048,6840.43
2048,128,128,4096,12758.4
2048,128,128,8192,24790.2
2048,128,128,16384,48709.3
2048,256,0,0,753.353
2048,256,1,16,749.406
2048,256,1,32,731.038
2048,256,1,64,720.969
2048,256,1,128,766.142
2048,256,1,256,778.034
2048,256,1,512,794.684
2048,256,1,1024,790.685
2048,256,1,2048,811.048
2048,256,1,4096,869.5
2048,256,1,8192,1074.18
2048,256,1,16384,1339.7
2048,256,2,16,793.981
2048,256,2,32,794.76
2048,256,2,64,766.931
2048,256,2,128,779.816
2048,256,2,256,776.797
2048,256,2,512,776.211
2048,256,2,1024,814.77
2048,256,2,2048,818.034
2048,256,2,4096,980.773
2048,256,2,8192,1194.86
2048,256,2,16384,1623.41
2048,256,4,16,808.317
2048,256,4,32,806.632
2048,256,4,64,825.618
2048,256,4,128,814.664
2048,256,4,256,822.365
2048,256,4,512,815.144
2048,256,4,1024,866.225
2048,256,4,2048,943.259
2048,256,4,4096,1104.91
2048,256,4,8192,1490.41
2048,256,4,16384,2134.93
2048,256,8,16,820.285
2048,256,8,32,855.516
2048,256,8,64,878.833
2048,256,8,128,861.053
2048,256,8,256,886.641
2048,256,8,512,897.756
2048,256,8,1024,971.344
2048,256,8,2048,1095.47
2048,256,8,4096,1452.79
2048,256,8,8192,2035.17
2048,256,8,16384,3553.65
2048,256,16,16,940.316
2048,256,16,32,922.353
2048,256,16,64,941.211
2048,256,16,128,963.846
2048,256,16,256,1030.92
2048,256,16,512,1044.62
2048,256,16,1024,1183.44
2048,256,16,2048,1450.23
2048,256,16,4096,2045.79
2048,256,16,8192,3458.23
2048,256,16,16384,6574.23
2048,256,32,16,1114.93
2048,256,32,32,1080.17
2048,256,32,64,1113.62
2048,256,32,128,1159.32
2048,256,32,256,1262.29
2048,256,32,512,1367.23
2048,256,32,1024,1660.2
2048,256,32,2048,2165.8
2048,256,32,4096,3417.27
2048,256,32,8192,6502.9
2048,256,32,16384,12513.8
2048,256,64,16,1395.16
2048,256,64,32,1484.59
2048,256,64,64,1419.07
2048,256,64,128,1630.25
2048,256,64,256,1789.32
2048,256,64,512,1970.38
2048,256,64,1024,2501.58
2048,256,64,2048,3853.47
2048,256,64,4096,6801.29
2048,256,64,8192,12802.5
2048,256,64,16384,24798.8
2048,256,128,16,2040.46
2048,256,128,32,2030.57
2048,256,128,64,2254.48
2048,256,128,128,2412.09
2048,256,128,256,2775.4
2048,256,128,512,3127.44
2048,256,128,1024,4369.37
2048,256,128,2048,6840.53
2048,256,128,4096,12775.8
2048,256,128,8192,24725.1
2048,256,128,16384,48751.1
2048,512,0,0,829.779
2048,512,1,16,883.294
2048,512,1,32,868.659
2048,512,1,64,882.504
2048,512,1,128,941.053
2048,512,1,256,914.909
2048,512,1,512,917.512
2048,512,1,1024,891.421
2048,512,1,2048,918.386
2048,512,1,4096,1006.31
2048,512,1,8192,1216.2
2048,512,1,16384,1480.55
2048,512,2,16,908.008
2048,512,2,32,949.245
2048,512,2,64,905.032
2048,512,2,128,899.986
2048,512,2,256,923.005
2048,512,2,512,920.85
2048,512,2,1024,948.967
2048,512,2,2048,966.845
2048,512,2,4096,1076.49
2048,512,2,8192,1297.37
2048,512,2,16384,1793.65
2048,512,4,16,960.2
2048,512,4,32,928.466
2048,512,4,64,931.965
2048,512,4,128,955.826
2048,512,4,256,911.187
2048,512,4,512,953.425
2048,512,4,1024,989.223
2048,512,4,2048,1053.12
2048,512,4,4096,1216.49
2048,512,4,8192,1630.58
2048,512,4,16384,2260.04
2048,512,8,16,973.831
2048,512,8,32,965.735
2048,512,8,64,986.226
2048,512,8,128,977.778
2048,512,8,256,1004.84
2048,512,8,512,1035.64
2048,512,8,1024,1090.81
2048,512,8,2048,1230.02
2048,512,8,4096,1518.14
2048,512,8,8192,2158.41
2048,512,8,16384,3682.25
2048,512,16,16,1062.84
2048,512,16,32,1069.66
2048,512,16,64,1054.91
2048,512,16,128,1084.39
2048,512,16,256,1113.95
2048,512,16,512,1174.15
2048,512,16,1024,1305.83
2048,512,16,2048,1584.48
2048,512,16,4096,2127.82
2048,512,16,8192,3532.94
2048,512,16,16384,6674.49
2048,512,32,16,1241.59
2048,512,32,32,1234.56
2048,512,32,64,1230.55
2048,512,32,128,1274.15
2048,512,32,256,1338.1
2048,512,32,512,1465.85
2048,512,32,1024,1743.57
2048,512,32,2048,2347.98
2048,512,32,4096,3557.65
2048,512,32,8192,6567.16
2048,512,32,16384,12585.3
2048,512,64,16,1515.93
2048,512,64,32,1527.52
2048,512,64,64,1534.11
2048,512,64,128,1630.77
2048,512,64,256,1904.5
2048,512,64,512,2102.05
2048,512,64,1024,2661
2048,512,64,2048,3928.28
2048,512,64,4096,6865.77
2048,512,64,8192,12891.6
2048,512,64,16384,24915.9
2048,512,128,16,2066.44
2048,512,128,32,2293.42
2048,512,128,64,2375.78
2048,512,128,128,2529.08
2048,512,128,256,2884.4
2048,512,128,512,3318.22
2048,512,128,1024,4431.49
2048,512,128,2048,7003.48
2048,512,128,4096,12859.7
2048,512,128,8192,24910.4
2048,512,128,16384,48827.1
2048,1024,0,0,1088.15
2048,1024,1,16,1186.42
2048,1024,1,32,1116.42
2048,1024,1,64,1123.39
2048,1024,1,128,1108.49
2048,1024,1,256,1161.77
2048,1024,1,512,1156.64
2048,1024,1,1024,1156.29
2048,1024,1,2048,1215.33
2048,1024,1,4096,1208.45
2048,1024,1,8192,1401.3
2048,1024,1,16384,1765.91
2048,1024,2,16,1148.91
2048,1024,2,32,1159.64
2048,1024,2,64,1151.61
2048,1024,2,128,1174.17
2048,1024,2,256,1157
2048,1024,2,512,1180.57
2048,1024,2,1024,1163.7
2048,1024,2,2048,1209.42
2048,1024,2,4096,1357.08
2048,1024,2,8192,1530.42
2048,1024,2,16384,2064.29
2048,1024,4,16,1163.38
2048,1024,4,32,1142.58
2048,1024,4,64,1193.32
2048,1024,4,128,1181.57
2048,1024,4,256,1197.45
2048,1024,4,512,1196.45
2048,1024,4,1024,1241.8
2048,1024,4,2048,1329.06
2048,1024,4,4096,1473.95
2048,1024,4,8192,1826.71
2048,1024,4,16384,2550.69
2048,1024,8,16,1214.61
2048,1024,8,32,1227.57
2048,1024,8,64,1211.74
2048,1024,8,128,1223.75
2048,1024,8,256,1225.3
2048,1024,8,512,1259.21
2048,1024,8,1024,1341.57
2048,1024,8,2048,1493.2
2048,1024,8,4096,1757.98
2048,1024,8,8192,2369.96
2048,1024,8,16384,3733.37
2048,1024,16,16,1263.45
2048,1024,16,32,1341.93
2048,1024,16,64,1315.97
2048,1024,16,128,1328.36
2048,1024,16,256,1373.66
2048,1024,16,512,1440.32
2048,1024,16,1024,1579.42
2048,1024,16,2048,1839.98
2048,1024,16,4096,2440.38
2048,1024,16,8192,3632.22
2048,1024,16,16384,6827.46
2048,1024,32,16,1474.5
2048,1024,32,32,1464.29
2048,1024,32,64,1456.17
2048,1024,32,128,1517.95
2048,1024,32,256,1582.76
2048,1024,32,512,1728.18
2048,1024,32,1024,2042.7
2048,1024,32,2048,2523.17
2048,1024,32,4096,3766.93
2048,1024,32,8192,6702.29
2048,1024,32,16384,12717.8
2048,1024,64,16,1808.92
2048,1024,64,32,1830.8
2048,1024,64,64,1848.64
2048,1024,64,128,1953.23
2048,1024,64,256,2078.56
2048,1024,64,512,2331.37
2048,1024,64,1024,2858.86
2048,1024,64,2048,4121.58
2048,1024,64,4096,6995.12
2048,1024,64,8192,13025
2048,1024,64,16384,25003.5
2048,1024,128,16,2413.38
2048,1024,128,32,2279.01
2048,1024,128,64,2519.05
2048,1024,128,128,2772.05
2048,1024,128,256,3091.38
2048,1024,128,512,3702.47
2048,1024,128,1024,4717.86
2048,1024,128,2048,7208.11
2048,1024,128,4096,13019.2
2048,1024,128,8192,25086.1
2048,1024,128,16384,49006.2
2048,2048,0,0,1603.45
2048,2048,1,16,1566.62
2048,2048,1,32,1597.36
2048,2048,1,64,1575.04
2048,2048,1,128,1692.38
2048,2048,1,256,1645.17
2048,2048,1,512,1623.99
2048,2048,1,1024,1665.12
2048,2048,1,2048,1650.25
2048,2048,1,4096,1703.68
2048,2048,1,8192,1936.47
2048,2048,1,16384,2253.45
2048,2048,2,16,1659.33
2048,2048,2,32,1696.22
2048,2048,2,64,1704.81
2048,2048,2,128,1720.87
2048,2048,2,256,1697.35
2048,2048,2,512,1696.91
2048,2048,2,1024,1679.21
2048,2048,2,2048,1728.32
2048,2048,2,4096,1783.91
2048,2048,2,8192,2034.17
2048,2048,2,16384,2564.26
2048,2048,4,16,1682.84
2048,2048,4,32,1668.56
2048,2048,4,64,1641.83
2048,2048,4,128,1727.78
2048,2048,4,256,1669.12
2048,2048,4,512,1740.76
2048,2048,4,1024,1741.81
2048,2048,4,2048,1796.31
2048,2048,4,4096,1944.75
2048,2048,4,8192,2270.27
2048,2048,4,16384,2956.53
2048,2048,8,16,1734.2
2048,2048,8,32,1691.47
2048,2048,8,64,1704.23
2048,2048,8,128,1716.06
2048,2048,8,256,1766.87
2048,2048,8,512,1773.2
2048,2048,8,1024,1805.24
2048,2048,8,2048,1980.16
2048,2048,8,4096,2232.79
2048,2048,8,8192,2952.26
2048,2048,8,16384,4232.09
2048,2048,16,16,1853.57
2048,2048,16,32,1815.82
2048,2048,16,64,1816.1
2048,2048,16,128,1824.95
2048,2048,16,256,1843.93
2048,2048,16,512,1970.24
2048,2048,16,1024,2035.67
2048,2048,16,2048,2289.42
2048,2048,16,4096,2935.41
2048,2048,16,8192,4022.39
2048,2048,16,16384,7010.69
2048,2048,32,16,1990.62
2048,2048,32,32,1994.05
2048,2048,32,64,1938.17
2048,2048,32,128,1999.61
2048,2048,32,256,2115.14
2048,2048,32,512,2247.22
2048,2048,32,1024,2513.09
2048,2048,32,2048,3085.31
2048,2048,32,4096,4058.73
2048,2048,32,8192,6873.56
2048,2048,32,16384,13026.5
2048,2048,64,16,2205
2048,2048,64,32,2256.38
2048,2048,64,64,2233.81
2048,2048,64,128,2334.72
2048,2048,64,256,2680.1
2048,2048,64,512,2929.83
2048,2048,64,1024,3362.94
2048,2048,64,2048,4469.55
2048,2048,64,4096,7367.88
2048,2048,64,8192,13366.9
2048,2048,64,16384,25295.2
2048,2048,128,16,3026.88
2048,2048,128,32,2970.35
2048,2048,128,64,3043.38
2048,2048,128,128,3381.7
2048,2048,128,256,3521.19
2048,2048,128,512,4164.15
2048,2048,128,1024,5249.19
2048,2048,128,2048,7669.11
2048,2048,128,4096,13341.8
2048,2048,128,8192,25418.3
2048,2048,128,16384,49286.4
2048,4096,0,0,2529.81
2048,4096,1,16,2549.86
2048,4096,1,32,2651.79
2048,4096,1,64,2659.68
2048,4096,1,128,2554.25
2048,4096,1,256,2698.26
2048,4096,1,512,2704
2048,4096,1,1024,2682.11
2048,4096,1,2048,2742.18
2048,4096,1,4096,2570.66
2048,4096,1,8192,2783.35
2048,4096,1,16384,3272.17
2048,4096,2,16,2663.33
2048,4096,2,32,2590.81
2048,4096,2,64,2630.12
2048,4096,2,128,2652.18
2048,4096,2,256,2679.04
2048,4096,2,512,2697.93
2048,4096,2,1024,2728.22
2048,4096,2,2048,2676.01
2048,4096,2,4096,2856.45
2048,4096,2,8192,3054.89
2048,4096,2,16384,3378.63
2048,4096,4,16,2604.72
2048,4096,4,32,2734.74
2048,4096,4,64,2753.75
2048,4096,4,128,2615.92
2048,4096,4,256,2703.99
2048,4096,4,512,2680.04
2048,4096,4,1024,2688.63
2048,4096,4,2048,2726.83
2048,4096,4,4096,2991.15
2048,4096,4,8192,3337.59
2048,4096,4,16384,4056.08
2048,4096,8,16,2701.29
2048,4096,8,32,2805.45
2048,4096,8,64,2717.12
2048,4096,8,128,2786.65
2048,4096,8,256,2702.29
2048,4096,8,512,2737.95
2048,4096,8,1024,2914.55
2048,4096,8,2048,3042.31
2048,4096,8,4096,3220.48
2048,4096,8,8192,3770.61
2048,4096,8,16384,5082.27
2048,4096,16,16,2815.54
2048,4096,16,32,2768.22
2048,4096,16,64,2766.06
2048,4096,16,128,2823.37
2048,4096,16,256,2824.51
2048,4096,16,512,2884.84
2048,4096,16,1024,3015.91
2048,4096,16,2048,3378.27
2048,4096,16,4096,3766.61
2048,4096,16,8192,4952.34
2048,4096,16,16384,7782.87
2048,4096,32,16,2941.33
2048,4096,32,32,3044.21
2048,4096,32,64,2937.25
2048,4096,32,128,3025.98
2048,4096,32,256,3159.88
2048,4096,32,512,3234.41
2048,4096,32,1024,3410.3
2048,4096,32,2048,4094.06
2048,4096,32,4096,5012.2
2048,4096,32,8192,7633.11
2048,4096,32,16384,13710
2048,4096,64,16,3224.97
2048,4096,64,32,3320.83
2048,4096,64,64,3342.17
2048,4096,64,128,3245.72
2048,4096,64,256,3528.56
2048,4096,64,512,3820.23
2048,4096,64,1024,4363.96
2048,4096,64,2048,5510.63
2048,4096,64,4096,8053.41
2048,4096,64,8192,13992.1
2048,4096,64,16384,26003
2048,4096,128,16,3819.05
2048,4096,128,32,3984.67
2048,4096,128,64,4021.52
2048,4096,128,128,4380.47
2048,4096,128,256,4501.97
2048,4096,128,512,5070.24
2048,4096,128,1024,6207.06
2048,4096,128,2048,8521.35
2048,4096,128,4096,13863.5
2048,4096,128,8192,26000.5
2048,4096,128,16384,49826.9
2048,8192,0,0,4174.16
2048,8192,1,16,4627.98
2048,8192,1,32,4552.22
2048,8192,1,64,4702.43
2048,8192,1,128,4802.7
2048,8192,1,256,4651.87
2048,8192,1,512,4565.64
2048,8192,1,1024,4758.06
2048,8192,1,2048,4617.53
2048,8192,1,4096,4701
2048,8192,1,8192,4753.06
2048,8192,1,16384,5133.05
2048,8192,2,16,4813.36
2048,8192,2,32,4546.95
2048,8192,2,64,4724.64
2048,8192,2,128,4692.05
2048,8192,2,256,4726.13
2048,8192,2,512,4622.2
2048,8192,2,1024,4620.82
2048,8192,2,2048,4713.85
2048,8192,2,4096,4711.78
2048,8192,2,8192,4748.23
2048,8192,2,16384,5315.09
2048,8192,4,16,4612.7
2048,8192,4,32,4795.51
2048,8192,4,64,4607.64
2048,8192,4,128,4743.72
2048,8192,4,256,4658.16
2048,8192,4,512,4791.27
2048,8192,4,1024,4752.43
2048,8192,4,2048,4816.5
2048,8192,4,4096,5037.92
2048,8192,4,8192,5108.87
2048,8192,4,16384,5836.38
2048,8192,8,16,4732.86
2048,8192,8,32,4621.48
2048,8192,8,64,4629.5
2048,8192,8,128,4823.41
2048,8192,8,256,4685.79
2048,8192,8,512,4889.08
2048,8192,8,1024,4953.7
2048,8192,8,2048,5012.44
2048,8192,8,4096,5271.81
2048,8192,8,8192,5805.17
2048,8192,8,16384,7033.58
2048,8192,16,16,4953.98
2048,8192,16,32,4850.92
2048,8192,16,64,4924.86
2048,8192,16,128,4887.07
2048,8192,16,256,4990.38
2048,8192,16,512,5006.11
2048,8192,16,1024,4887.38
2048,8192,16,2048,5158.42
2048,8192,16,4096,5885.62
2048,8192,16,8192,6968.87
2048,8192,16,16384,9225.18
2048,8192,32,16,4938.68
2048,8192,32,32,4992.19
2048,8192,32,64,4835.01
2048,8192,32,128,4905.99
2048,8192,32,256,5078.92
2048,8192,32,512,5219.96
2048,8192,32,1024,5497.61
2048,8192,32,2048,6086.62
2048,8192,32,4096,7101.22
2048,8192,32,8192,9333.73
2048,8192,32,16384,14871.6
2048,8192,64,16,5203.11
2048,8192,64,32,5376.98
2048,8192,64,64,5199.19
2048,8192,64,128,5360.57
2048,8192,64,256,5564.06
2048,8192,64,512,5886.39
2048,8192,64,1024,6437.93
2048,8192,64,2048,7525.73
2048,8192,64,4096,9785.18
2048,8192,64,8192,15268.8
2048,8192,64,16384,27339
2048,8192,128,16,5919.67
2048,8192,128,32,5892.69
2048,8192,128,64,6085.64
2048,8192,128,128,6296.43
2048,8192,128,256,6627.42
2048,8192,128,512,7144.97
2048,8192,128,1024,8298.24
2048,8192,128,2048,10333.7
2048,8192,128,4096,15489.4
2048,8192,128,8192,27248.5
2048,8192,128,16384,51121.1
2048,16384,0,0,8519.47
2048,16384,1,16,8661.29
2048,16384,1,32,8488.8
2048,16384,1,64,8542.58
2048,16384,1,128,8595.14
2048,16384,1,256,8701.95
2048,16384,1,512,8706.04
2048,16384,1,1024,8790.14
2048,16384,1,2048,8789
2048,16384,1,4096,8948.18
2048,16384,1,8192,8911.51
2048,16384,1,16384,8884.61
2048,16384,2,16,8718.71
2048,16384,2,32,8596.2
2048,16384,2,64,8763.74
2048,16384,2,128,8703.76
2048,16384,2,256,8668.59
2048,16384,2,512,8737.14
2048,16384,2,1024,8773.85
2048,16384,2,2048,8900.2
2048,16384,2,4096,8921.84
2048,16384,2,8192,8932.8
2048,16384,2,16384,8941.77
2048,16384,4,16,8786.19
2048,16384,4,32,8745.4
2048,16384,4,64,8765.97
2048,16384,4,128,8740.84
2048,16384,4,256,8697.87
2048,16384,4,512,8755.44
2048,16384,4,1024,8877.92
2048,16384,4,2048,8888.69
2048,16384,4,4096,8954.37
2048,16384,4,8192,9260.7
2048,16384,4,16384,9534.74
2048,16384,8,16,8715.49
2048,16384,8,32,8695.42
2048,16384,8,64,8694.75
2048,16384,8,128,8905.64
2048,16384,8,256,8742.86
2048,16384,8,512,8753.86
2048,16384,8,1024,8818.37
2048,16384,8,2048,8824.09
2048,16384,8,4096,9162.53
2048,16384,8,8192,9723.85
2048,16384,8,16384,10964.1
2048,16384,16,16,8616.31
2048,16384,16,32,8810.02
2048,16384,16,64,8669.11
2048,16384,16,128,8842.53
2048,16384,16,256,8690.44
2048,16384,16,512,8831.36
2048,16384,16,1024,8856.24
2048,16384,16,2048,9081.29
2048,16384,16,4096,9959.39
2048,16384,16,8192,10907.5
2048,16384,16,16384,13548.3
2048,16384,32,16,8739.95
2048,16384,32,32,8708.03
2048,16384,32,64,8618.99
2048,16384,32,128,8652.73
2048,16384,32,256,8744.9
2048,16384,32,512,8909.55
2048,16384,32,1024,9121.38
2048,16384,32,2048,9837.21
2048,16384,32,4096,11296.4
2048,16384,32,8192,13264.6
2048,16384,32,16384,18107.5
2048,16384,64,16,9005.86
2048,16384,64,32,8935.58
2048,16384,64,64,8932.43
2048,16384,64,128,9268.65
2048,16384,64,256,9223.75
2048,16384,64,512,9665.34
2048,16384,64,1024,10087.5
2048,16384,64,2048,11416.1
2048,16384,64,4096,13598.3
2048,16384,64,8192,18123.8
2048,16384,64,16384,29991.3
2048,16384,128,16,9676.02
2048,16384,128,32,9754.98
2048,16384,128,64,9785.65
2048,16384,128,128,9940.55
2048,16384,128,256,10270.9
2048,16384,128,512,11056.7
2048,16384,128,1024,12007.9
2048,16384,128,2048,14403.9
2048,16384,128,4096,19055.6
2048,16384,128,8192,30185.9
2048,16384,128,16384,53555.3
