pc,n_label,skew_rate_label,kv_big_label,kp_label,alpha,n_samples
0,n<=128,sr<=15%,kvB<=16k,kp=0,0.0067,4
0,n<=128,sr<=15%,kvB<=1k,kp=0,0.0409,4
0,n<=128,sr<=15%,kvB<=4k,kp=0,0.0063,4
0,n<=128,sr<=40%,kvB<=16k,kp=0,-0.002,2
0,n<=128,sr<=40%,kvB<=1k,kp=0,0.0623,2
0,n<=128,sr<=40%,kvB<=4k,kp=0,-0.0044,2
0,n<=128,sr<=5%,kvB<=16k,kp=0,0.0118,8
0,n<=128,sr<=5%,kvB<=1k,kp=0,0.017,8
0,n<=128,sr<=5%,kvB<=4k,kp=0,0.0131,8
0,n<=128,sr<=70%,kvB<=16k,kp=0,-0.0046,2
0,n<=128,sr<=70%,kvB<=1k,kp=0,0.0648,2
0,n<=128,sr<=70%,kvB<=4k,kp=0,-0.0053,2
0,n<=128,sr>70%,kvB<=16k,kp=0,0.0218,4
0,n<=128,sr>70%,kvB<=1k,kp=0,0.121,4
0,n<=128,sr>70%,kvB<=4k,kp=0,0.006,4
0,n<=16,sr<=15%,kvB<=16k,kp=0,0.2363,4
0,n<=16,sr<=15%,kvB<=1k,kp=0,0.2569,4
0,n<=16,sr<=15%,kvB<=4k,kp=0,0.2334,4
0,n<=16,sr<=40%,kvB<=16k,kp=0,0.1905,4
0,n<=16,sr<=40%,kvB<=1k,kp=0,0.2418,4
0,n<=16,sr<=40%,kvB<=4k,kp=0,0.1992,4
0,n<=16,sr<=70%,kvB<=16k,kp=0,0.3337,2
0,n<=16,sr<=70%,kvB<=1k,kp=0,0.3947,2
0,n<=16,sr<=70%,kvB<=4k,kp=0,0.3412,2
0,n<=16,sr>70%,kvB<=16k,kp=0,0.2106,4
0,n<=16,sr>70%,kvB<=1k,kp=0,0.2114,4
0,n<=16,sr>70%,kvB<=4k,kp=0,0.2004,4
0,n<=2,sr<=70%,kvB<=16k,kp=0,0.0798,2
0,n<=2,sr<=70%,kvB<=1k,kp=0,0.0123,2
0,n<=2,sr<=70%,kvB<=4k,kp=0,-0.3872,2
0,n<=256,sr<=15%,kvB<=16k,kp=0,0.0003,4
0,n<=256,sr<=15%,kvB<=1k,kp=0,0.0467,4
0,n<=256,sr<=15%,kvB<=4k,kp=0,0.002,4
0,n<=256,sr<=40%,kvB<=16k,kp=0,-0.0012,2
0,n<=256,sr<=40%,kvB<=1k,kp=0,0.0804,2
0,n<=256,sr<=40%,kvB<=4k,kp=0,-0.0007,2
0,n<=256,sr<=5%,kvB<=16k,kp=0,0.0009,8
0,n<=256,sr<=5%,kvB<=1k,kp=0,0.008,8
0,n<=256,sr<=5%,kvB<=4k,kp=0,0.002,8
0,n<=256,sr<=70%,kvB<=16k,kp=0,-0.004,2
0,n<=256,sr<=70%,kvB<=1k,kp=0,0.0658,2
0,n<=256,sr<=70%,kvB<=4k,kp=0,-0.0055,2
0,n<=256,sr>70%,kvB<=16k,kp=0,-0.0055,4
0,n<=256,sr>70%,kvB<=1k,kp=0,0.1314,4
0,n<=256,sr>70%,kvB<=4k,kp=0,-0.0074,4
0,n<=32,sr<=15%,kvB<=16k,kp=0,0.1211,6
0,n<=32,sr<=15%,kvB<=1k,kp=0,0.1423,6
0,n<=32,sr<=15%,kvB<=4k,kp=0,0.1211,6
0,n<=32,sr<=40%,kvB<=16k,kp=0,0.1079,2
0,n<=32,sr<=40%,kvB<=1k,kp=0,0.1232,2
0,n<=32,sr<=40%,kvB<=4k,kp=0,0.0722,2
0,n<=32,sr<=5%,kvB<=16k,kp=0,0.1237,2
0,n<=32,sr<=5%,kvB<=1k,kp=0,0.1264,2
0,n<=32,sr<=5%,kvB<=4k,kp=0,0.1312,2
0,n<=32,sr<=70%,kvB<=16k,kp=0,0.1441,2
0,n<=32,sr<=70%,kvB<=1k,kp=0,-0.003,2
0,n<=32,sr<=70%,kvB<=4k,kp=0,0.1146,2
0,n<=32,sr>70%,kvB<=16k,kp=0,0.1481,4
0,n<=32,sr>70%,kvB<=1k,kp=0,0.248,4
0,n<=32,sr>70%,kvB<=4k,kp=0,0.1535,4
0,n<=4,sr<=40%,kvB<=16k,kp=0,0.0189,2
0,n<=4,sr<=40%,kvB<=1k,kp=0,0.0426,4
0,n<=4,sr<=40%,kvB<=4k,kp=0,0.0095,3
0,n<=4,sr<=70%,kvB<=16k,kp=0,-0.0141,2
0,n<=4,sr<=70%,kvB<=1k,kp=0,-0.2209,2
0,n<=4,sr<=70%,kvB<=4k,kp=0,0.0124,2
0,n<=4,sr>70%,kvB<=16k,kp=0,0.2235,2
0,n<=4,sr>70%,kvB<=1k,kp=0,0.3189,2
0,n<=4,sr>70%,kvB<=4k,kp=0,0.4155,2
0,n<=64,sr<=15%,kvB<=16k,kp=0,0.0451,4
0,n<=64,sr<=15%,kvB<=1k,kp=0,0.0534,4
0,n<=64,sr<=15%,kvB<=4k,kp=0,0.0438,4
0,n<=64,sr<=40%,kvB<=16k,kp=0,0.0233,2
0,n<=64,sr<=40%,kvB<=1k,kp=0,0.0513,2
0,n<=64,sr<=40%,kvB<=4k,kp=0,0.0195,2
0,n<=64,sr<=5%,kvB<=16k,kp=0,0.0507,6
0,n<=64,sr<=5%,kvB<=1k,kp=0,0.0459,6
0,n<=64,sr<=5%,kvB<=4k,kp=0,0.0522,6
0,n<=64,sr<=70%,kvB<=16k,kp=0,-0.0037,2
0,n<=64,sr<=70%,kvB<=1k,kp=0,0.0264,2
0,n<=64,sr<=70%,kvB<=4k,kp=0,-0.0108,2
0,n<=64,sr>70%,kvB<=16k,kp=0,0.0274,4
0,n<=64,sr>70%,kvB<=1k,kp=0,0.1124,4
0,n<=64,sr>70%,kvB<=4k,kp=0,0.0165,4
0,n<=8,sr<=15%,kvB<=16k,kp=0,0.0944,2
0,n<=8,sr<=15%,kvB<=1k,kp=0,0.0603,2
0,n<=8,sr<=15%,kvB<=4k,kp=0,0.0679,2
0,n<=8,sr<=40%,kvB<=16k,kp=0,0.0489,4
0,n<=8,sr<=40%,kvB<=1k,kp=0,0.063,4
0,n<=8,sr<=40%,kvB<=4k,kp=0,0.0145,4
0,n<=8,sr<=70%,kvB<=16k,kp=0,-0.0019,2
0,n<=8,sr<=70%,kvB<=1k,kp=0,0.0736,2
0,n<=8,sr<=70%,kvB<=4k,kp=0,-0.0066,2
0,n<=8,sr>70%,kvB<=16k,kp=0,0.2284,4
0,n<=8,sr>70%,kvB<=1k,kp=0,0.1537,4
0,n<=8,sr>70%,kvB<=4k,kp=0,0.2107,4
16,n<=128,sr<=15%,kvB<=16k,kp<=1k,0.0008,4
16,n<=128,sr<=15%,kvB<=16k,kp<=2k,0.001,4
16,n<=128,sr<=15%,kvB<=16k,kp<=4k,0.0009,4
16,n<=128,sr<=15%,kvB<=16k,kp<=512,0.0006,4
16,n<=128,sr<=15%,kvB<=16k,kp<=8k,0.0009,4
16,n<=128,sr<=15%,kvB<=16k,kp=0,0.0009,4
16,n<=128,sr<=15%,kvB<=1k,kp<=1k,0.0348,4
16,n<=128,sr<=15%,kvB<=1k,kp<=2k,0.0267,4
16,n<=128,sr<=15%,kvB<=1k,kp<=4k,0.0328,4
16,n<=128,sr<=15%,kvB<=1k,kp<=512,0.0341,4
16,n<=128,sr<=15%,kvB<=1k,kp<=8k,0.0339,4
16,n<=128,sr<=15%,kvB<=1k,kp=0,0.0339,4
16,n<=128,sr<=15%,kvB<=4k,kp<=1k,0.0018,4
16,n<=128,sr<=15%,kvB<=4k,kp<=2k,0.001,4
16,n<=128,sr<=15%,kvB<=4k,kp<=4k,0.0011,4
16,n<=128,sr<=15%,kvB<=4k,kp<=512,0.0015,4
16,n<=128,sr<=15%,kvB<=4k,kp<=8k,0.0009,4
16,n<=128,sr<=15%,kvB<=4k,kp=0,0.0017,4
16,n<=128,sr<=40%,kvB<=16k,kp<=1k,-0.0014,2
16,n<=128,sr<=40%,kvB<=16k,kp<=2k,-0.001,2
16,n<=128,sr<=40%,kvB<=16k,kp<=4k,-0.0008,2
16,n<=128,sr<=40%,kvB<=16k,kp<=512,-0.0015,2
16,n<=128,sr<=40%,kvB<=16k,kp<=8k,-0.0014,2
16,n<=128,sr<=40%,kvB<=16k,kp=0,-0.0008,2
16,n<=128,sr<=40%,kvB<=1k,kp<=1k,0.065,2
16,n<=128,sr<=40%,kvB<=1k,kp<=2k,0.0617,2
16,n<=128,sr<=40%,kvB<=1k,kp<=4k,0.0628,2
16,n<=128,sr<=40%,kvB<=1k,kp<=512,0.0646,2
16,n<=128,sr<=40%,kvB<=1k,kp<=8k,0.0602,2
16,n<=128,sr<=40%,kvB<=1k,kp=0,0.0656,2
16,n<=128,sr<=40%,kvB<=4k,kp<=1k,-0.0011,2
16,n<=128,sr<=40%,kvB<=4k,kp<=2k,-0.0019,2
16,n<=128,sr<=40%,kvB<=4k,kp<=4k,-0.0019,2
16,n<=128,sr<=40%,kvB<=4k,kp<=512,-0.0014,2
16,n<=128,sr<=40%,kvB<=4k,kp<=8k,-0.0013,2
16,n<=128,sr<=40%,kvB<=4k,kp=0,-0.0006,2
16,n<=128,sr<=5%,kvB<=16k,kp<=1k,0.0025,8
16,n<=128,sr<=5%,kvB<=16k,kp<=2k,0.0025,8
16,n<=128,sr<=5%,kvB<=16k,kp<=4k,0.0026,8
16,n<=128,sr<=5%,kvB<=16k,kp<=512,0.0023,8
16,n<=128,sr<=5%,kvB<=16k,kp<=8k,0.002,8
16,n<=128,sr<=5%,kvB<=16k,kp=0,0.0025,8
16,n<=128,sr<=5%,kvB<=1k,kp<=1k,0.0094,8
16,n<=128,sr<=5%,kvB<=1k,kp<=2k,0.0085,8
16,n<=128,sr<=5%,kvB<=1k,kp<=4k,0.009,8
16,n<=128,sr<=5%,kvB<=1k,kp<=512,0.0097,8
16,n<=128,sr<=5%,kvB<=1k,kp<=8k,0.0141,8
16,n<=128,sr<=5%,kvB<=1k,kp=0,0.0081,8
16,n<=128,sr<=5%,kvB<=4k,kp<=1k,0.0027,8
16,n<=128,sr<=5%,kvB<=4k,kp<=2k,0.0025,8
16,n<=128,sr<=5%,kvB<=4k,kp<=4k,0.0014,8
16,n<=128,sr<=5%,kvB<=4k,kp<=512,0.0029,8
16,n<=128,sr<=5%,kvB<=4k,kp<=8k,0.0017,8
16,n<=128,sr<=5%,kvB<=4k,kp=0,0.0033,8
16,n<=128,sr<=70%,kvB<=16k,kp<=1k,-0.0033,2
16,n<=128,sr<=70%,kvB<=16k,kp<=2k,-0.0032,2
16,n<=128,sr<=70%,kvB<=16k,kp<=4k,-0.0019,2
16,n<=128,sr<=70%,kvB<=16k,kp<=512,-0.0036,2
16,n<=128,sr<=70%,kvB<=16k,kp<=8k,-0.0006,2
16,n<=128,sr<=70%,kvB<=16k,kp=0,-0.0036,2
16,n<=128,sr<=70%,kvB<=1k,kp<=1k,0.0832,2
16,n<=128,sr<=70%,kvB<=1k,kp<=2k,0.0745,2
16,n<=128,sr<=70%,kvB<=1k,kp<=4k,0.0685,2
16,n<=128,sr<=70%,kvB<=1k,kp<=512,0.0861,2
16,n<=128,sr<=70%,kvB<=1k,kp<=8k,0.0686,2
16,n<=128,sr<=70%,kvB<=1k,kp=0,0.0924,2
16,n<=128,sr<=70%,kvB<=4k,kp<=1k,-0.004,2
16,n<=128,sr<=70%,kvB<=4k,kp<=2k,-0.0016,2
16,n<=128,sr<=70%,kvB<=4k,kp<=4k,0.0057,2
16,n<=128,sr<=70%,kvB<=4k,kp<=512,-0.0035,2
16,n<=128,sr<=70%,kvB<=4k,kp<=8k,0.0042,2
16,n<=128,sr<=70%,kvB<=4k,kp=0,-0.0041,2
16,n<=128,sr>70%,kvB<=16k,kp<=1k,-0.0042,4
16,n<=128,sr>70%,kvB<=16k,kp<=2k,-0.0039,4
16,n<=128,sr>70%,kvB<=16k,kp<=4k,-0.0018,4
16,n<=128,sr>70%,kvB<=16k,kp<=512,-0.0023,4
16,n<=128,sr>70%,kvB<=16k,kp<=8k,0.0036,4
16,n<=128,sr>70%,kvB<=16k,kp=0,-0.0008,4
16,n<=128,sr>70%,kvB<=1k,kp<=1k,0.055,4
16,n<=128,sr>70%,kvB<=1k,kp<=2k,0.0545,4
16,n<=128,sr>70%,kvB<=1k,kp<=4k,0.0875,4
16,n<=128,sr>70%,kvB<=1k,kp<=512,0.066,4
16,n<=128,sr>70%,kvB<=1k,kp<=8k,0.0989,4
16,n<=128,sr>70%,kvB<=1k,kp=0,0.057,4
16,n<=128,sr>70%,kvB<=4k,kp<=1k,-0.002,4
16,n<=128,sr>70%,kvB<=4k,kp<=2k,-0.0028,4
16,n<=128,sr>70%,kvB<=4k,kp<=4k,-0.0077,4
16,n<=128,sr>70%,kvB<=4k,kp<=512,-0.0022,4
16,n<=128,sr>70%,kvB<=4k,kp<=8k,-0.0015,4
16,n<=128,sr>70%,kvB<=4k,kp=0,-0.0034,4
16,n<=16,sr<=15%,kvB<=16k,kp<=1k,0.1103,4
16,n<=16,sr<=15%,kvB<=16k,kp<=2k,0.0925,4
16,n<=16,sr<=15%,kvB<=16k,kp<=4k,0.0536,4
16,n<=16,sr<=15%,kvB<=16k,kp<=512,0.1301,4
16,n<=16,sr<=15%,kvB<=16k,kp<=8k,0.0127,4
16,n<=16,sr<=15%,kvB<=16k,kp=0,0.1138,4
16,n<=16,sr<=15%,kvB<=1k,kp<=1k,0.049,4
16,n<=16,sr<=15%,kvB<=1k,kp<=2k,0.0654,4
16,n<=16,sr<=15%,kvB<=1k,kp<=4k,0.0696,4
16,n<=16,sr<=15%,kvB<=1k,kp<=512,0.1207,4
16,n<=16,sr<=15%,kvB<=1k,kp<=8k,0.0603,4
16,n<=16,sr<=15%,kvB<=1k,kp=0,0.1401,4
16,n<=16,sr<=15%,kvB<=4k,kp<=1k,0.0997,4
16,n<=16,sr<=15%,kvB<=4k,kp<=2k,0.0579,4
16,n<=16,sr<=15%,kvB<=4k,kp<=4k,0.0077,4
16,n<=16,sr<=15%,kvB<=4k,kp<=512,0.116,4
16,n<=16,sr<=15%,kvB<=4k,kp<=8k,0.0286,4
16,n<=16,sr<=15%,kvB<=4k,kp=0,0.1318,4
16,n<=16,sr<=40%,kvB<=16k,kp<=1k,0.1617,4
16,n<=16,sr<=40%,kvB<=16k,kp<=2k,0.1222,4
16,n<=16,sr<=40%,kvB<=16k,kp<=4k,0.0718,4
16,n<=16,sr<=40%,kvB<=16k,kp<=512,0.196,4
16,n<=16,sr<=40%,kvB<=16k,kp<=8k,0.0288,4
16,n<=16,sr<=40%,kvB<=16k,kp=0,0.1731,4
16,n<=16,sr<=40%,kvB<=1k,kp<=1k,0.0732,4
16,n<=16,sr<=40%,kvB<=1k,kp<=2k,0.0603,4
16,n<=16,sr<=40%,kvB<=1k,kp<=4k,0.0602,4
16,n<=16,sr<=40%,kvB<=1k,kp<=512,0.1296,4
16,n<=16,sr<=40%,kvB<=1k,kp<=8k,0.0575,4
16,n<=16,sr<=40%,kvB<=1k,kp=0,0.1517,4
16,n<=16,sr<=40%,kvB<=4k,kp<=1k,0.1124,4
16,n<=16,sr<=40%,kvB<=4k,kp<=2k,0.0916,4
16,n<=16,sr<=40%,kvB<=4k,kp<=4k,0.0706,4
16,n<=16,sr<=40%,kvB<=4k,kp<=512,0.1293,4
16,n<=16,sr<=40%,kvB<=4k,kp<=8k,0.1046,4
16,n<=16,sr<=40%,kvB<=4k,kp=0,0.1678,4
16,n<=16,sr<=70%,kvB<=16k,kp<=1k,0.3739,2
16,n<=16,sr<=70%,kvB<=16k,kp<=2k,0.2723,2
16,n<=16,sr<=70%,kvB<=16k,kp<=4k,0.2381,2
16,n<=16,sr<=70%,kvB<=16k,kp<=512,0.4914,2
16,n<=16,sr<=70%,kvB<=16k,kp<=8k,0.2487,2
16,n<=16,sr<=70%,kvB<=16k,kp=0,0.4786,2
16,n<=16,sr<=70%,kvB<=1k,kp<=1k,0.0323,2
16,n<=16,sr<=70%,kvB<=1k,kp<=2k,0.01,2
16,n<=16,sr<=70%,kvB<=1k,kp<=4k,0.0603,2
16,n<=16,sr<=70%,kvB<=1k,kp<=512,0.0961,2
16,n<=16,sr<=70%,kvB<=1k,kp<=8k,0.173,2
16,n<=16,sr<=70%,kvB<=1k,kp=0,0.1373,2
16,n<=16,sr<=70%,kvB<=4k,kp<=1k,0.3219,2
16,n<=16,sr<=70%,kvB<=4k,kp<=2k,0.3929,2
16,n<=16,sr<=70%,kvB<=4k,kp<=4k,0.2599,2
16,n<=16,sr<=70%,kvB<=4k,kp<=512,0.383,2
16,n<=16,sr<=70%,kvB<=4k,kp<=8k,0.4231,2
16,n<=16,sr<=70%,kvB<=4k,kp=0,0.3418,2
16,n<=16,sr>70%,kvB<=16k,kp<=1k,0.8647,4
16,n<=16,sr>70%,kvB<=16k,kp<=2k,0.7765,4
16,n<=16,sr>70%,kvB<=16k,kp<=4k,0.5028,4
16,n<=16,sr>70%,kvB<=16k,kp<=512,1.2243,4
16,n<=16,sr>70%,kvB<=16k,kp<=8k,0.477,4
16,n<=16,sr>70%,kvB<=16k,kp=0,1.1621,4
16,n<=16,sr>70%,kvB<=1k,kp<=1k,0.1847,4
16,n<=16,sr>70%,kvB<=1k,kp<=2k,0.1636,4
16,n<=16,sr>70%,kvB<=1k,kp<=4k,0.2743,4
16,n<=16,sr>70%,kvB<=1k,kp<=512,0.1891,4
16,n<=16,sr>70%,kvB<=1k,kp<=8k,0.3066,4
16,n<=16,sr>70%,kvB<=1k,kp=0,0.3916,4
16,n<=16,sr>70%,kvB<=4k,kp<=1k,0.6856,4
16,n<=16,sr>70%,kvB<=4k,kp<=2k,0.7917,4
16,n<=16,sr>70%,kvB<=4k,kp<=4k,1.1062,4
16,n<=16,sr>70%,kvB<=4k,kp<=512,1.1556,4
16,n<=16,sr>70%,kvB<=4k,kp<=8k,1.0277,3
16,n<=16,sr>70%,kvB<=4k,kp=0,1.4675,4
16,n<=2,sr<=70%,kvB<=16k,kp<=1k,0.617,2
16,n<=2,sr<=70%,kvB<=16k,kp<=2k,0.1646,2
16,n<=2,sr<=70%,kvB<=16k,kp<=4k,0.0722,2
16,n<=2,sr<=70%,kvB<=16k,kp<=512,0.7584,2
16,n<=2,sr<=70%,kvB<=16k,kp<=8k,0.3498,2
16,n<=2,sr<=70%,kvB<=16k,kp=0,0.9494,2
16,n<=2,sr<=70%,kvB<=1k,kp<=1k,0.7283,2
16,n<=2,sr<=70%,kvB<=1k,kp<=2k,0.6507,2
16,n<=2,sr<=70%,kvB<=1k,kp<=4k,0.6354,2
16,n<=2,sr<=70%,kvB<=1k,kp<=512,0.3531,2
16,n<=2,sr<=70%,kvB<=1k,kp<=8k,0.534,2
16,n<=2,sr<=70%,kvB<=1k,kp=0,0.1219,2
16,n<=2,sr<=70%,kvB<=4k,kp<=1k,0.0818,2
16,n<=2,sr<=70%,kvB<=4k,kp<=2k,0.3484,2
16,n<=2,sr<=70%,kvB<=4k,kp<=4k,0.7201,2
16,n<=2,sr<=70%,kvB<=4k,kp<=512,0.0142,2
16,n<=2,sr<=70%,kvB<=4k,kp<=8k,0.4479,2
16,n<=2,sr<=70%,kvB<=4k,kp=0,0.8055,2
16,n<=32,sr<=15%,kvB<=16k,kp<=1k,0.0603,6
16,n<=32,sr<=15%,kvB<=16k,kp<=2k,0.0503,6
16,n<=32,sr<=15%,kvB<=16k,kp<=4k,0.0395,6
16,n<=32,sr<=15%,kvB<=16k,kp<=512,0.077,6
16,n<=32,sr<=15%,kvB<=16k,kp<=8k,0.0338,6
16,n<=32,sr<=15%,kvB<=16k,kp=0,0.0783,6
16,n<=32,sr<=15%,kvB<=1k,kp<=1k,0.0593,6
16,n<=32,sr<=15%,kvB<=1k,kp<=2k,0.0528,6
16,n<=32,sr<=15%,kvB<=1k,kp<=4k,0.0392,6
16,n<=32,sr<=15%,kvB<=1k,kp<=512,0.0776,6
16,n<=32,sr<=15%,kvB<=1k,kp<=8k,0.0584,6
16,n<=32,sr<=15%,kvB<=1k,kp=0,0.1046,6
16,n<=32,sr<=15%,kvB<=4k,kp<=1k,0.0749,6
16,n<=32,sr<=15%,kvB<=4k,kp<=2k,0.0546,6
16,n<=32,sr<=15%,kvB<=4k,kp<=4k,0.0668,6
16,n<=32,sr<=15%,kvB<=4k,kp<=512,0.0823,6
16,n<=32,sr<=15%,kvB<=4k,kp<=8k,0.0486,6
16,n<=32,sr<=15%,kvB<=4k,kp=0,0.1295,6
16,n<=32,sr<=40%,kvB<=16k,kp<=1k,0.0872,2
16,n<=32,sr<=40%,kvB<=16k,kp<=2k,0.0707,2
16,n<=32,sr<=40%,kvB<=16k,kp<=4k,0.0771,2
16,n<=32,sr<=40%,kvB<=16k,kp<=512,0.1024,2
16,n<=32,sr<=40%,kvB<=16k,kp<=8k,0.0528,2
16,n<=32,sr<=40%,kvB<=16k,kp=0,0.0989,2
16,n<=32,sr<=40%,kvB<=1k,kp<=1k,0.0693,2
16,n<=32,sr<=40%,kvB<=1k,kp<=2k,0.0762,2
16,n<=32,sr<=40%,kvB<=1k,kp<=4k,0.1215,2
16,n<=32,sr<=40%,kvB<=1k,kp<=512,0.09,2
16,n<=32,sr<=40%,kvB<=1k,kp<=8k,0.1511,2
16,n<=32,sr<=40%,kvB<=1k,kp=0,0.1517,2
16,n<=32,sr<=40%,kvB<=4k,kp<=1k,0.1143,2
16,n<=32,sr<=40%,kvB<=4k,kp<=2k,0.139,2
16,n<=32,sr<=40%,kvB<=4k,kp<=4k,0.111,2
16,n<=32,sr<=40%,kvB<=4k,kp<=512,0.1783,2
16,n<=32,sr<=40%,kvB<=4k,kp<=8k,0.0809,2
16,n<=32,sr<=40%,kvB<=4k,kp=0,0.2335,2
16,n<=32,sr<=5%,kvB<=16k,kp<=1k,0.0515,2
16,n<=32,sr<=5%,kvB<=16k,kp<=2k,0.0415,2
16,n<=32,sr<=5%,kvB<=16k,kp<=4k,0.0371,2
16,n<=32,sr<=5%,kvB<=16k,kp<=512,0.0545,2
16,n<=32,sr<=5%,kvB<=16k,kp<=8k,0.0235,2
16,n<=32,sr<=5%,kvB<=16k,kp=0,0.0645,2
16,n<=32,sr<=5%,kvB<=1k,kp<=1k,0.0173,2
16,n<=32,sr<=5%,kvB<=1k,kp<=2k,0.0094,2
16,n<=32,sr<=5%,kvB<=1k,kp<=4k,0.0045,2
16,n<=32,sr<=5%,kvB<=1k,kp<=512,0.0388,2
16,n<=32,sr<=5%,kvB<=1k,kp<=8k,0.0167,2
16,n<=32,sr<=5%,kvB<=1k,kp=0,0.0586,2
16,n<=32,sr<=5%,kvB<=4k,kp<=1k,0.0565,2
16,n<=32,sr<=5%,kvB<=4k,kp<=2k,0.0366,2
16,n<=32,sr<=5%,kvB<=4k,kp<=4k,0.01,2
16,n<=32,sr<=5%,kvB<=4k,kp<=512,0.0489,2
16,n<=32,sr<=5%,kvB<=4k,kp<=8k,0.0224,2
16,n<=32,sr<=5%,kvB<=4k,kp=0,0.0891,2
16,n<=32,sr<=70%,kvB<=16k,kp<=1k,0.1621,2
16,n<=32,sr<=70%,kvB<=16k,kp<=2k,0.1501,2
16,n<=32,sr<=70%,kvB<=16k,kp<=4k,0.1336,2
16,n<=32,sr<=70%,kvB<=16k,kp<=512,0.1888,2
16,n<=32,sr<=70%,kvB<=16k,kp<=8k,0.1186,2
16,n<=32,sr<=70%,kvB<=16k,kp=0,0.2001,2
16,n<=32,sr<=70%,kvB<=1k,kp<=1k,0.165,2
16,n<=32,sr<=70%,kvB<=1k,kp<=2k,0.2362,2
16,n<=32,sr<=70%,kvB<=1k,kp<=4k,0.2331,2
16,n<=32,sr<=70%,kvB<=1k,kp<=512,0.1807,2
16,n<=32,sr<=70%,kvB<=1k,kp<=8k,0.2134,2
16,n<=32,sr<=70%,kvB<=1k,kp=0,0.2906,2
16,n<=32,sr<=70%,kvB<=4k,kp<=1k,0.2238,2
16,n<=32,sr<=70%,kvB<=4k,kp<=2k,0.251,2
16,n<=32,sr<=70%,kvB<=4k,kp<=4k,0.2169,2
16,n<=32,sr<=70%,kvB<=4k,kp<=512,0.4163,2
16,n<=32,sr<=70%,kvB<=4k,kp<=8k,0.2341,2
16,n<=32,sr<=70%,kvB<=4k,kp=0,0.5045,2
16,n<=32,sr>70%,kvB<=16k,kp<=1k,0.4186,4
16,n<=32,sr>70%,kvB<=16k,kp<=2k,0.4026,4
16,n<=32,sr>70%,kvB<=16k,kp<=4k,0.3206,4
16,n<=32,sr>70%,kvB<=16k,kp<=512,0.419,4
16,n<=32,sr>70%,kvB<=16k,kp<=8k,0.2598,4
16,n<=32,sr>70%,kvB<=16k,kp=0,0.4642,4
16,n<=32,sr>70%,kvB<=1k,kp<=1k,0.5495,4
16,n<=32,sr>70%,kvB<=1k,kp<=2k,0.3989,4
16,n<=32,sr>70%,kvB<=1k,kp<=4k,0.4251,4
16,n<=32,sr>70%,kvB<=1k,kp<=512,0.4551,4
16,n<=32,sr>70%,kvB<=1k,kp<=8k,0.5139,4
16,n<=32,sr>70%,kvB<=1k,kp=0,1.0232,4
16,n<=32,sr>70%,kvB<=4k,kp<=1k,0.4942,4
16,n<=32,sr>70%,kvB<=4k,kp<=2k,0.4722,4
16,n<=32,sr>70%,kvB<=4k,kp<=4k,0.5903,4
16,n<=32,sr>70%,kvB<=4k,kp<=512,1.0498,4
16,n<=32,sr>70%,kvB<=4k,kp<=8k,0.4305,4
16,n<=32,sr>70%,kvB<=4k,kp=0,1.236,4
16,n<=4,sr<=40%,kvB<=16k,kp<=1k,0.312,2
16,n<=4,sr<=40%,kvB<=16k,kp<=2k,0.22,2
16,n<=4,sr<=40%,kvB<=16k,kp<=4k,0.2895,2
16,n<=4,sr<=40%,kvB<=16k,kp<=512,0.4125,2
16,n<=4,sr<=40%,kvB<=16k,kp<=8k,0.217,2
16,n<=4,sr<=40%,kvB<=16k,kp=0,0.5244,2
16,n<=4,sr<=40%,kvB<=1k,kp<=1k,0.1626,2
16,n<=4,sr<=40%,kvB<=1k,kp<=2k,0.3135,2
16,n<=4,sr<=40%,kvB<=1k,kp<=4k,0.3192,2
16,n<=4,sr<=40%,kvB<=1k,kp<=512,0.283,2
16,n<=4,sr<=40%,kvB<=1k,kp<=8k,0.3318,2
16,n<=4,sr<=40%,kvB<=1k,kp=0,0.283,5
16,n<=4,sr<=40%,kvB<=4k,kp<=1k,0.2909,2
16,n<=4,sr<=40%,kvB<=4k,kp<=2k,0.2037,2
16,n<=4,sr<=40%,kvB<=4k,kp<=4k,0.082,2
16,n<=4,sr<=40%,kvB<=4k,kp<=512,0.2214,2
16,n<=4,sr<=40%,kvB<=4k,kp<=8k,0.1516,2
16,n<=4,sr<=40%,kvB<=4k,kp=0,0.3885,3
16,n<=4,sr<=70%,kvB<=16k,kp<=1k,0.6373,2
16,n<=4,sr<=70%,kvB<=16k,kp<=2k,0.3686,2
16,n<=4,sr<=70%,kvB<=16k,kp<=4k,0.1985,2
16,n<=4,sr<=70%,kvB<=16k,kp<=512,0.8343,2
16,n<=4,sr<=70%,kvB<=16k,kp<=8k,0.124,2
16,n<=4,sr<=70%,kvB<=16k,kp=0,0.9606,2
16,n<=4,sr<=70%,kvB<=1k,kp<=1k,0.0814,2
16,n<=4,sr<=70%,kvB<=1k,kp<=2k,0.537,2
16,n<=4,sr<=70%,kvB<=1k,kp<=4k,0.5253,2
16,n<=4,sr<=70%,kvB<=1k,kp<=512,0.2961,2
16,n<=4,sr<=70%,kvB<=1k,kp<=8k,0.5512,2
16,n<=4,sr<=70%,kvB<=1k,kp=0,0.2231,4
16,n<=4,sr<=70%,kvB<=4k,kp<=1k,0.1264,2
16,n<=4,sr<=70%,kvB<=4k,kp<=2k,0.1596,2
16,n<=4,sr<=70%,kvB<=4k,kp<=4k,0.0655,2
16,n<=4,sr<=70%,kvB<=4k,kp<=512,0.2102,2
16,n<=4,sr<=70%,kvB<=4k,kp<=8k,0.3701,2
16,n<=4,sr<=70%,kvB<=4k,kp=0,0.7558,2
16,n<=4,sr>70%,kvB<=16k,kp<=1k,0.565,2
16,n<=4,sr>70%,kvB<=16k,kp<=2k,0.2628,2
16,n<=4,sr>70%,kvB<=16k,kp<=4k,-0.1127,2
16,n<=4,sr>70%,kvB<=16k,kp<=512,0.7093,2
16,n<=4,sr>70%,kvB<=16k,kp<=8k,0.1926,2
16,n<=4,sr>70%,kvB<=16k,kp=0,0.9607,2
16,n<=4,sr>70%,kvB<=1k,kp<=1k,0.6634,2
16,n<=4,sr>70%,kvB<=1k,kp<=2k,0.6573,2
16,n<=4,sr>70%,kvB<=1k,kp<=4k,0.7224,2
16,n<=4,sr>70%,kvB<=1k,kp<=512,0.3467,2
16,n<=4,sr>70%,kvB<=1k,kp<=8k,0.6718,2
16,n<=4,sr>70%,kvB<=1k,kp=0,0.0911,2
16,n<=4,sr>70%,kvB<=4k,kp<=1k,-0.114,2
16,n<=4,sr>70%,kvB<=4k,kp<=2k,0.253,2
16,n<=4,sr>70%,kvB<=4k,kp<=4k,0.5727,2
16,n<=4,sr>70%,kvB<=4k,kp<=512,0.0267,2
16,n<=4,sr>70%,kvB<=4k,kp<=8k,0.7508,2
16,n<=4,sr>70%,kvB<=4k,kp=0,0.7292,2
16,n<=64,sr<=15%,kvB<=16k,kp<=1k,0.0086,4
16,n<=64,sr<=15%,kvB<=16k,kp<=2k,0.0089,4
16,n<=64,sr<=15%,kvB<=16k,kp<=4k,0.0087,4
16,n<=64,sr<=15%,kvB<=16k,kp<=512,0.0079,4
16,n<=64,sr<=15%,kvB<=16k,kp<=8k,0.0069,4
16,n<=64,sr<=15%,kvB<=16k,kp=0,0.0084,4
16,n<=64,sr<=15%,kvB<=1k,kp<=1k,0.0352,4
16,n<=64,sr<=15%,kvB<=1k,kp<=2k,0.0337,4
16,n<=64,sr<=15%,kvB<=1k,kp<=4k,0.0258,4
16,n<=64,sr<=15%,kvB<=1k,kp<=512,0.0394,4
16,n<=64,sr<=15%,kvB<=1k,kp<=8k,0.0337,4
16,n<=64,sr<=15%,kvB<=1k,kp=0,0.038,4
16,n<=64,sr<=15%,kvB<=4k,kp<=1k,0.0105,4
16,n<=64,sr<=15%,kvB<=4k,kp<=2k,0.0073,4
16,n<=64,sr<=15%,kvB<=4k,kp<=4k,-0.0001,4
16,n<=64,sr<=15%,kvB<=4k,kp<=512,0.01,4
16,n<=64,sr<=15%,kvB<=4k,kp<=8k,0.0016,4
16,n<=64,sr<=15%,kvB<=4k,kp=0,0.01,4
16,n<=64,sr<=40%,kvB<=16k,kp<=1k,0.0019,2
16,n<=64,sr<=40%,kvB<=16k,kp<=2k,0.0036,2
16,n<=64,sr<=40%,kvB<=16k,kp<=4k,0.0051,2
16,n<=64,sr<=40%,kvB<=16k,kp<=512,0.0023,2
16,n<=64,sr<=40%,kvB<=16k,kp<=8k,0.0027,2
16,n<=64,sr<=40%,kvB<=16k,kp=0,0.0028,2
16,n<=64,sr<=40%,kvB<=1k,kp<=1k,0.0386,2
16,n<=64,sr<=40%,kvB<=1k,kp<=2k,0.0337,2
16,n<=64,sr<=40%,kvB<=1k,kp<=4k,0.0239,2
16,n<=64,sr<=40%,kvB<=1k,kp<=512,0.0289,2
16,n<=64,sr<=40%,kvB<=1k,kp<=8k,0.0125,2
16,n<=64,sr<=40%,kvB<=1k,kp=0,0.04,2
16,n<=64,sr<=40%,kvB<=4k,kp<=1k,0.0007,2
16,n<=64,sr<=40%,kvB<=4k,kp<=2k,0.0009,2
16,n<=64,sr<=40%,kvB<=4k,kp<=4k,0.001,2
16,n<=64,sr<=40%,kvB<=4k,kp<=512,-0.0003,2
16,n<=64,sr<=40%,kvB<=4k,kp<=8k,-0.0039,2
16,n<=64,sr<=40%,kvB<=4k,kp=0,0.0003,2
16,n<=64,sr<=5%,kvB<=16k,kp<=1k,0.011,6
16,n<=64,sr<=5%,kvB<=16k,kp<=2k,0.0111,6
16,n<=64,sr<=5%,kvB<=16k,kp<=4k,0.0106,6
16,n<=64,sr<=5%,kvB<=16k,kp<=512,0.0109,6
16,n<=64,sr<=5%,kvB<=16k,kp<=8k,0.0085,6
16,n<=64,sr<=5%,kvB<=16k,kp=0,0.0112,6
16,n<=64,sr<=5%,kvB<=1k,kp<=1k,0.0126,6
16,n<=64,sr<=5%,kvB<=1k,kp<=2k,0.0101,6
16,n<=64,sr<=5%,kvB<=1k,kp<=4k,0.0139,6
16,n<=64,sr<=5%,kvB<=1k,kp<=512,0.0208,6
16,n<=64,sr<=5%,kvB<=1k,kp<=8k,0.0185,6
16,n<=64,sr<=5%,kvB<=1k,kp=0,0.0123,6
16,n<=64,sr<=5%,kvB<=4k,kp<=1k,0.0121,6
16,n<=64,sr<=5%,kvB<=4k,kp<=2k,0.0099,6
16,n<=64,sr<=5%,kvB<=4k,kp<=4k,0.0019,6
16,n<=64,sr<=5%,kvB<=4k,kp<=512,0.0125,6
16,n<=64,sr<=5%,kvB<=4k,kp<=8k,0.0018,6
16,n<=64,sr<=5%,kvB<=4k,kp=0,0.012,6
16,n<=64,sr<=70%,kvB<=16k,kp<=1k,-0.0022,2
16,n<=64,sr<=70%,kvB<=16k,kp<=2k,-0.0023,2
16,n<=64,sr<=70%,kvB<=16k,kp<=4k,0.0005,2
16,n<=64,sr<=70%,kvB<=16k,kp<=512,-0.0025,2
16,n<=64,sr<=70%,kvB<=16k,kp<=8k,0.0042,2
16,n<=64,sr<=70%,kvB<=16k,kp=0,-0.0024,2
16,n<=64,sr<=70%,kvB<=1k,kp<=1k,0.0007,2
16,n<=64,sr<=70%,kvB<=1k,kp<=2k,-0.0055,2
16,n<=64,sr<=70%,kvB<=1k,kp<=4k,0.0103,2
16,n<=64,sr<=70%,kvB<=1k,kp<=512,-0.0,2
16,n<=64,sr<=70%,kvB<=1k,kp<=8k,-0.0021,2
16,n<=64,sr<=70%,kvB<=1k,kp=0,0.0004,2
16,n<=64,sr<=70%,kvB<=4k,kp<=1k,0.0,2
16,n<=64,sr<=70%,kvB<=4k,kp<=2k,-0.0009,2
16,n<=64,sr<=70%,kvB<=4k,kp<=4k,-0.0007,2
16,n<=64,sr<=70%,kvB<=4k,kp<=512,-0.0002,2
16,n<=64,sr<=70%,kvB<=4k,kp<=8k,-0.0019,2
16,n<=64,sr<=70%,kvB<=4k,kp=0,0.0015,2
16,n<=64,sr>70%,kvB<=16k,kp<=1k,-0.0157,4
16,n<=64,sr>70%,kvB<=16k,kp<=2k,-0.0116,4
16,n<=64,sr>70%,kvB<=16k,kp<=4k,-0.0108,4
16,n<=64,sr>70%,kvB<=16k,kp<=512,-0.0107,4
16,n<=64,sr>70%,kvB<=16k,kp<=8k,-0.0028,4
16,n<=64,sr>70%,kvB<=16k,kp=0,-0.0101,4
16,n<=64,sr>70%,kvB<=1k,kp<=1k,0.0271,4
16,n<=64,sr>70%,kvB<=1k,kp<=2k,0.0758,4
16,n<=64,sr>70%,kvB<=1k,kp<=4k,0.0316,4
16,n<=64,sr>70%,kvB<=1k,kp<=512,0.0651,4
16,n<=64,sr>70%,kvB<=1k,kp<=8k,0.1098,4
16,n<=64,sr>70%,kvB<=1k,kp=0,0.0363,4
16,n<=64,sr>70%,kvB<=4k,kp<=1k,-0.0127,4
16,n<=64,sr>70%,kvB<=4k,kp<=2k,-0.004,4
16,n<=64,sr>70%,kvB<=4k,kp<=4k,-0.0133,4
16,n<=64,sr>70%,kvB<=4k,kp<=512,-0.0148,4
16,n<=64,sr>70%,kvB<=4k,kp<=8k,0.0138,4
16,n<=64,sr>70%,kvB<=4k,kp=0,-0.0085,4
16,n<=8,sr<=15%,kvB<=16k,kp<=1k,0.1847,2
16,n<=8,sr<=15%,kvB<=16k,kp<=2k,0.1658,2
16,n<=8,sr<=15%,kvB<=16k,kp<=4k,0.1537,2
16,n<=8,sr<=15%,kvB<=16k,kp<=512,0.1967,2
16,n<=8,sr<=15%,kvB<=16k,kp<=8k,0.0859,2
16,n<=8,sr<=15%,kvB<=16k,kp=0,0.2238,2
16,n<=8,sr<=15%,kvB<=1k,kp<=1k,0.0483,2
16,n<=8,sr<=15%,kvB<=1k,kp<=2k,0.1224,2
16,n<=8,sr<=15%,kvB<=1k,kp<=4k,0.0967,2
16,n<=8,sr<=15%,kvB<=1k,kp<=512,0.193,2
16,n<=8,sr<=15%,kvB<=1k,kp<=8k,0.097,2
16,n<=8,sr<=15%,kvB<=1k,kp=0,0.2387,5
16,n<=8,sr<=15%,kvB<=4k,kp<=1k,0.188,2
16,n<=8,sr<=15%,kvB<=4k,kp<=2k,0.0995,2
16,n<=8,sr<=15%,kvB<=4k,kp<=4k,-0.0443,2
16,n<=8,sr<=15%,kvB<=4k,kp<=512,0.1801,2
16,n<=8,sr<=15%,kvB<=4k,kp<=8k,0.0164,2
16,n<=8,sr<=15%,kvB<=4k,kp=0,0.2135,3
16,n<=8,sr<=40%,kvB<=16k,kp<=1k,0.2671,4
16,n<=8,sr<=40%,kvB<=16k,kp<=2k,0.2026,4
16,n<=8,sr<=40%,kvB<=16k,kp<=4k,0.11,4
16,n<=8,sr<=40%,kvB<=16k,kp<=512,0.2967,4
16,n<=8,sr<=40%,kvB<=16k,kp<=8k,0.1354,4
16,n<=8,sr<=40%,kvB<=16k,kp=0,0.3204,4
16,n<=8,sr<=40%,kvB<=1k,kp<=1k,0.0755,4
16,n<=8,sr<=40%,kvB<=1k,kp<=2k,0.0559,4
16,n<=8,sr<=40%,kvB<=1k,kp<=4k,0.1117,4
16,n<=8,sr<=40%,kvB<=1k,kp<=512,0.1938,4
16,n<=8,sr<=40%,kvB<=1k,kp<=8k,0.1101,4
16,n<=8,sr<=40%,kvB<=1k,kp=0,0.2173,4
16,n<=8,sr<=40%,kvB<=4k,kp<=1k,0.1174,4
16,n<=8,sr<=40%,kvB<=4k,kp<=2k,0.1349,4
16,n<=8,sr<=40%,kvB<=4k,kp<=4k,0.0008,4
16,n<=8,sr<=40%,kvB<=4k,kp<=512,0.1452,4
16,n<=8,sr<=40%,kvB<=4k,kp<=8k,-0.0231,4
16,n<=8,sr<=40%,kvB<=4k,kp=0,0.277,4
16,n<=8,sr<=70%,kvB<=16k,kp<=1k,0.3994,2
16,n<=8,sr<=70%,kvB<=16k,kp<=2k,0.286,2
16,n<=8,sr<=70%,kvB<=16k,kp<=4k,0.1862,2
16,n<=8,sr<=70%,kvB<=16k,kp<=512,0.3815,2
16,n<=8,sr<=70%,kvB<=16k,kp<=8k,0.1718,2
16,n<=8,sr<=70%,kvB<=16k,kp=0,0.337,2
16,n<=8,sr<=70%,kvB<=1k,kp<=1k,0.0329,2
16,n<=8,sr<=70%,kvB<=1k,kp<=2k,-0.0269,2
16,n<=8,sr<=70%,kvB<=1k,kp<=4k,0.1154,2
16,n<=8,sr<=70%,kvB<=1k,kp<=512,0.143,2
16,n<=8,sr<=70%,kvB<=1k,kp<=8k,0.0988,2
16,n<=8,sr<=70%,kvB<=1k,kp=0,0.2008,2
16,n<=8,sr<=70%,kvB<=4k,kp<=1k,0.0953,2
16,n<=8,sr<=70%,kvB<=4k,kp<=2k,0.112,2
16,n<=8,sr<=70%,kvB<=4k,kp<=4k,0.009,2
16,n<=8,sr<=70%,kvB<=4k,kp<=512,0.1884,2
16,n<=8,sr<=70%,kvB<=4k,kp<=8k,-0.1164,2
16,n<=8,sr<=70%,kvB<=4k,kp=0,0.3528,2
16,n<=8,sr>70%,kvB<=16k,kp<=1k,0.8501,4
16,n<=8,sr>70%,kvB<=16k,kp<=2k,0.5738,4
16,n<=8,sr>70%,kvB<=16k,kp<=4k,0.1834,4
16,n<=8,sr>70%,kvB<=16k,kp<=512,1.0593,4
16,n<=8,sr>70%,kvB<=16k,kp<=8k,0.37,4
16,n<=8,sr>70%,kvB<=16k,kp=0,1.0826,4
16,n<=8,sr>70%,kvB<=1k,kp<=1k,0.2763,4
16,n<=8,sr>70%,kvB<=1k,kp<=2k,0.251,4
16,n<=8,sr>70%,kvB<=1k,kp<=4k,0.1235,4
16,n<=8,sr>70%,kvB<=1k,kp<=512,0.1926,4
16,n<=8,sr>70%,kvB<=1k,kp<=8k,0.3795,4
16,n<=8,sr>70%,kvB<=1k,kp=0,0.4131,4
16,n<=8,sr>70%,kvB<=4k,kp<=1k,0.0626,4
16,n<=8,sr>70%,kvB<=4k,kp<=2k,0.0207,4
16,n<=8,sr>70%,kvB<=4k,kp<=4k,0.1849,4
16,n<=8,sr>70%,kvB<=4k,kp<=512,0.4749,4
16,n<=8,sr>70%,kvB<=4k,kp<=8k,0.1266,4
16,n<=8,sr>70%,kvB<=4k,kp=0,0.8015,4
32,n<=128,sr<=15%,kvB<=16k,kp<=1k,0.0009,4
32,n<=128,sr<=15%,kvB<=16k,kp<=2k,0.0011,4
32,n<=128,sr<=15%,kvB<=16k,kp<=4k,0.001,4
32,n<=128,sr<=15%,kvB<=16k,kp<=512,0.0011,4
32,n<=128,sr<=15%,kvB<=16k,kp<=8k,0.0008,4
32,n<=128,sr<=15%,kvB<=16k,kp=0,0.0005,4
32,n<=128,sr<=15%,kvB<=1k,kp<=1k,0.0349,4
32,n<=128,sr<=15%,kvB<=1k,kp<=2k,0.0326,4
32,n<=128,sr<=15%,kvB<=1k,kp<=4k,0.0322,4
32,n<=128,sr<=15%,kvB<=1k,kp<=512,0.0354,4
32,n<=128,sr<=15%,kvB<=1k,kp<=8k,0.0351,4
32,n<=128,sr<=15%,kvB<=1k,kp=0,0.0364,4
32,n<=128,sr<=15%,kvB<=4k,kp<=1k,0.0014,4
32,n<=128,sr<=15%,kvB<=4k,kp<=2k,0.0013,4
32,n<=128,sr<=15%,kvB<=4k,kp<=4k,0.0006,4
32,n<=128,sr<=15%,kvB<=4k,kp<=512,0.0013,4
32,n<=128,sr<=15%,kvB<=4k,kp<=8k,-0.0006,4
32,n<=128,sr<=15%,kvB<=4k,kp=0,0.0013,4
32,n<=128,sr<=40%,kvB<=16k,kp<=1k,-0.0011,2
32,n<=128,sr<=40%,kvB<=16k,kp<=2k,-0.0007,2
32,n<=128,sr<=40%,kvB<=16k,kp<=4k,-0.001,2
32,n<=128,sr<=40%,kvB<=16k,kp<=512,-0.0004,2
32,n<=128,sr<=40%,kvB<=16k,kp<=8k,-0.0008,2
32,n<=128,sr<=40%,kvB<=16k,kp=0,-0.0011,2
32,n<=128,sr<=40%,kvB<=1k,kp<=1k,0.0644,2
32,n<=128,sr<=40%,kvB<=1k,kp<=2k,0.0603,2
32,n<=128,sr<=40%,kvB<=1k,kp<=4k,0.06,2
32,n<=128,sr<=40%,kvB<=1k,kp<=512,0.0677,2
32,n<=128,sr<=40%,kvB<=1k,kp<=8k,0.0631,2
32,n<=128,sr<=40%,kvB<=1k,kp=0,0.0661,2
32,n<=128,sr<=40%,kvB<=4k,kp<=1k,-0.0019,2
32,n<=128,sr<=40%,kvB<=4k,kp<=2k,-0.0011,2
32,n<=128,sr<=40%,kvB<=4k,kp<=4k,-0.0012,2
32,n<=128,sr<=40%,kvB<=4k,kp<=512,0.0003,2
32,n<=128,sr<=40%,kvB<=4k,kp<=8k,0.0023,2
32,n<=128,sr<=40%,kvB<=4k,kp=0,0.0003,2
32,n<=128,sr<=5%,kvB<=16k,kp<=1k,0.0025,8
32,n<=128,sr<=5%,kvB<=16k,kp<=2k,0.0023,8
32,n<=128,sr<=5%,kvB<=16k,kp<=4k,0.0024,8
32,n<=128,sr<=5%,kvB<=16k,kp<=512,0.0023,8
32,n<=128,sr<=5%,kvB<=16k,kp<=8k,0.0021,8
32,n<=128,sr<=5%,kvB<=16k,kp=0,0.0022,8
32,n<=128,sr<=5%,kvB<=1k,kp<=1k,0.012,8
32,n<=128,sr<=5%,kvB<=1k,kp<=2k,0.0091,8
32,n<=128,sr<=5%,kvB<=1k,kp<=4k,0.0123,8
32,n<=128,sr<=5%,kvB<=1k,kp<=512,0.0119,8
32,n<=128,sr<=5%,kvB<=1k,kp<=8k,0.0136,8
32,n<=128,sr<=5%,kvB<=1k,kp=0,0.017,8
32,n<=128,sr<=5%,kvB<=4k,kp<=1k,0.0025,8
32,n<=128,sr<=5%,kvB<=4k,kp<=2k,0.0024,8
32,n<=128,sr<=5%,kvB<=4k,kp<=4k,0.0016,8
32,n<=128,sr<=5%,kvB<=4k,kp<=512,0.003,8
32,n<=128,sr<=5%,kvB<=4k,kp<=8k,0.0012,8
32,n<=128,sr<=5%,kvB<=4k,kp=0,0.0028,8
32,n<=128,sr<=70%,kvB<=16k,kp<=1k,-0.0038,2
32,n<=128,sr<=70%,kvB<=16k,kp<=2k,-0.0027,2
32,n<=128,sr<=70%,kvB<=16k,kp<=4k,-0.0026,2
32,n<=128,sr<=70%,kvB<=16k,kp<=512,-0.0031,2
32,n<=128,sr<=70%,kvB<=16k,kp<=8k,-0.0003,2
32,n<=128,sr<=70%,kvB<=16k,kp=0,-0.0036,2
32,n<=128,sr<=70%,kvB<=1k,kp<=1k,0.0863,2
32,n<=128,sr<=70%,kvB<=1k,kp<=2k,0.0769,2
32,n<=128,sr<=70%,kvB<=1k,kp<=4k,0.0719,2
32,n<=128,sr<=70%,kvB<=1k,kp<=512,0.0877,2
32,n<=128,sr<=70%,kvB<=1k,kp<=8k,0.0657,2
32,n<=128,sr<=70%,kvB<=1k,kp=0,0.0875,2
32,n<=128,sr<=70%,kvB<=4k,kp<=1k,-0.0029,2
32,n<=128,sr<=70%,kvB<=4k,kp<=2k,0.0,2
32,n<=128,sr<=70%,kvB<=4k,kp<=4k,0.005,2
32,n<=128,sr<=70%,kvB<=4k,kp<=512,-0.0048,2
32,n<=128,sr<=70%,kvB<=4k,kp<=8k,0.0063,2
32,n<=128,sr<=70%,kvB<=4k,kp=0,-0.0046,2
32,n<=128,sr>70%,kvB<=16k,kp<=1k,-0.0037,4
32,n<=128,sr>70%,kvB<=16k,kp<=2k,-0.0016,4
32,n<=128,sr>70%,kvB<=16k,kp<=4k,-0.0013,4
32,n<=128,sr>70%,kvB<=16k,kp<=512,-0.0027,4
32,n<=128,sr>70%,kvB<=16k,kp<=8k,0.0011,4
32,n<=128,sr>70%,kvB<=16k,kp=0,-0.003,4
32,n<=128,sr>70%,kvB<=1k,kp<=1k,0.0546,4
32,n<=128,sr>70%,kvB<=1k,kp<=2k,0.06,4
32,n<=128,sr>70%,kvB<=1k,kp<=4k,0.0801,4
32,n<=128,sr>70%,kvB<=1k,kp<=512,0.0717,4
32,n<=128,sr>70%,kvB<=1k,kp<=8k,0.0853,4
32,n<=128,sr>70%,kvB<=1k,kp=0,0.0715,4
32,n<=128,sr>70%,kvB<=4k,kp<=1k,-0.0004,4
32,n<=128,sr>70%,kvB<=4k,kp<=2k,-0.0004,4
32,n<=128,sr>70%,kvB<=4k,kp<=4k,-0.0063,4
32,n<=128,sr>70%,kvB<=4k,kp<=512,-0.0027,4
32,n<=128,sr>70%,kvB<=4k,kp<=8k,-0.0013,4
32,n<=128,sr>70%,kvB<=4k,kp=0,-0.0047,4
32,n<=16,sr<=15%,kvB<=16k,kp<=1k,0.1096,4
32,n<=16,sr<=15%,kvB<=16k,kp<=2k,0.0969,4
32,n<=16,sr<=15%,kvB<=16k,kp<=4k,0.0541,4
32,n<=16,sr<=15%,kvB<=16k,kp<=512,0.1371,4
32,n<=16,sr<=15%,kvB<=16k,kp<=8k,0.0071,4
32,n<=16,sr<=15%,kvB<=16k,kp=0,0.1143,4
32,n<=16,sr<=15%,kvB<=1k,kp<=1k,0.0467,4
32,n<=16,sr<=15%,kvB<=1k,kp<=2k,0.0654,4
32,n<=16,sr<=15%,kvB<=1k,kp<=4k,0.0689,4
32,n<=16,sr<=15%,kvB<=1k,kp<=512,0.1197,4
32,n<=16,sr<=15%,kvB<=1k,kp<=8k,0.0609,4
32,n<=16,sr<=15%,kvB<=1k,kp=0,0.1421,4
32,n<=16,sr<=15%,kvB<=4k,kp<=1k,0.0998,4
32,n<=16,sr<=15%,kvB<=4k,kp<=2k,0.0566,4
32,n<=16,sr<=15%,kvB<=4k,kp<=4k,0.0072,4
32,n<=16,sr<=15%,kvB<=4k,kp<=512,0.1158,4
32,n<=16,sr<=15%,kvB<=4k,kp<=8k,0.0307,4
32,n<=16,sr<=15%,kvB<=4k,kp=0,0.1309,4
32,n<=16,sr<=40%,kvB<=16k,kp<=1k,0.1543,4
32,n<=16,sr<=40%,kvB<=16k,kp<=2k,0.1137,4
32,n<=16,sr<=40%,kvB<=16k,kp<=4k,0.0782,4
32,n<=16,sr<=40%,kvB<=16k,kp<=512,0.1916,4
32,n<=16,sr<=40%,kvB<=16k,kp<=8k,0.0266,4
32,n<=16,sr<=40%,kvB<=16k,kp=0,0.1718,4
32,n<=16,sr<=40%,kvB<=1k,kp<=1k,0.0749,4
32,n<=16,sr<=40%,kvB<=1k,kp<=2k,0.0647,4
32,n<=16,sr<=40%,kvB<=1k,kp<=4k,0.0556,4
32,n<=16,sr<=40%,kvB<=1k,kp<=512,0.1297,4
32,n<=16,sr<=40%,kvB<=1k,kp<=8k,0.0644,4
32,n<=16,sr<=40%,kvB<=1k,kp=0,0.1506,4
32,n<=16,sr<=40%,kvB<=4k,kp<=1k,0.1127,4
32,n<=16,sr<=40%,kvB<=4k,kp<=2k,0.0923,4
32,n<=16,sr<=40%,kvB<=4k,kp<=4k,0.0732,4
32,n<=16,sr<=40%,kvB<=4k,kp<=512,0.1283,4
32,n<=16,sr<=40%,kvB<=4k,kp<=8k,0.106,4
32,n<=16,sr<=40%,kvB<=4k,kp=0,0.1707,4
32,n<=16,sr<=70%,kvB<=16k,kp<=1k,0.3675,2
32,n<=16,sr<=70%,kvB<=16k,kp<=2k,0.3078,2
32,n<=16,sr<=70%,kvB<=16k,kp<=4k,0.227,2
32,n<=16,sr<=70%,kvB<=16k,kp<=512,0.4457,2
32,n<=16,sr<=70%,kvB<=16k,kp<=8k,0.2578,2
32,n<=16,sr<=70%,kvB<=16k,kp=0,0.4861,2
32,n<=16,sr<=70%,kvB<=1k,kp<=1k,0.0412,2
32,n<=16,sr<=70%,kvB<=1k,kp<=2k,0.0127,2
32,n<=16,sr<=70%,kvB<=1k,kp<=4k,0.0595,2
32,n<=16,sr<=70%,kvB<=1k,kp<=512,0.0971,2
32,n<=16,sr<=70%,kvB<=1k,kp<=8k,0.1592,2
32,n<=16,sr<=70%,kvB<=1k,kp=0,0.1315,2
32,n<=16,sr<=70%,kvB<=4k,kp<=1k,0.3467,2
32,n<=16,sr<=70%,kvB<=4k,kp<=2k,0.3849,2
32,n<=16,sr<=70%,kvB<=4k,kp<=4k,0.2532,2
32,n<=16,sr<=70%,kvB<=4k,kp<=512,0.3695,2
32,n<=16,sr<=70%,kvB<=4k,kp<=8k,0.4275,2
32,n<=16,sr<=70%,kvB<=4k,kp=0,0.383,2
32,n<=16,sr>70%,kvB<=16k,kp<=1k,0.974,4
32,n<=16,sr>70%,kvB<=16k,kp<=2k,0.6433,4
32,n<=16,sr>70%,kvB<=16k,kp<=4k,0.4741,4
32,n<=16,sr>70%,kvB<=16k,kp<=512,1.2647,4
32,n<=16,sr>70%,kvB<=16k,kp<=8k,0.4006,4
32,n<=16,sr>70%,kvB<=16k,kp=0,1.1882,4
32,n<=16,sr>70%,kvB<=1k,kp<=1k,0.1778,4
32,n<=16,sr>70%,kvB<=1k,kp<=2k,0.1948,4
32,n<=16,sr>70%,kvB<=1k,kp<=4k,0.2589,4
32,n<=16,sr>70%,kvB<=1k,kp<=512,0.2054,4
32,n<=16,sr>70%,kvB<=1k,kp<=8k,0.3418,4
32,n<=16,sr>70%,kvB<=1k,kp=0,0.3713,4
32,n<=16,sr>70%,kvB<=4k,kp<=1k,0.7482,4
32,n<=16,sr>70%,kvB<=4k,kp<=2k,0.8314,4
32,n<=16,sr>70%,kvB<=4k,kp<=4k,1.2151,4
32,n<=16,sr>70%,kvB<=4k,kp<=512,1.2059,4
32,n<=16,sr>70%,kvB<=4k,kp<=8k,0.8855,3
32,n<=16,sr>70%,kvB<=4k,kp=0,1.4253,4
32,n<=2,sr<=70%,kvB<=16k,kp<=1k,0.603,2
32,n<=2,sr<=70%,kvB<=16k,kp<=2k,0.142,2
32,n<=2,sr<=70%,kvB<=16k,kp<=4k,0.0764,2
32,n<=2,sr<=70%,kvB<=16k,kp<=512,0.7319,2
32,n<=2,sr<=70%,kvB<=16k,kp<=8k,0.3453,2
32,n<=2,sr<=70%,kvB<=16k,kp=0,0.9488,2
32,n<=2,sr<=70%,kvB<=1k,kp<=1k,0.7444,2
32,n<=2,sr<=70%,kvB<=1k,kp<=2k,0.624,2
32,n<=2,sr<=70%,kvB<=1k,kp<=4k,0.5509,2
32,n<=2,sr<=70%,kvB<=1k,kp<=512,0.3864,2
32,n<=2,sr<=70%,kvB<=1k,kp<=8k,0.2963,2
32,n<=2,sr<=70%,kvB<=1k,kp=0,0.0862,2
32,n<=2,sr<=70%,kvB<=4k,kp<=1k,0.086,2
32,n<=2,sr<=70%,kvB<=4k,kp<=2k,0.3468,2
32,n<=2,sr<=70%,kvB<=4k,kp<=4k,0.7277,2
32,n<=2,sr<=70%,kvB<=4k,kp<=512,-0.0037,2
32,n<=2,sr<=70%,kvB<=4k,kp<=8k,0.4284,2
32,n<=2,sr<=70%,kvB<=4k,kp=0,0.7936,2
32,n<=32,sr<=15%,kvB<=16k,kp<=1k,0.0567,6
32,n<=32,sr<=15%,kvB<=16k,kp<=2k,0.0504,6
32,n<=32,sr<=15%,kvB<=16k,kp<=4k,0.0431,6
32,n<=32,sr<=15%,kvB<=16k,kp<=512,0.0805,6
32,n<=32,sr<=15%,kvB<=16k,kp<=8k,0.0307,6
32,n<=32,sr<=15%,kvB<=16k,kp=0,0.0797,6
32,n<=32,sr<=15%,kvB<=1k,kp<=1k,0.058,6
32,n<=32,sr<=15%,kvB<=1k,kp<=2k,0.0546,6
32,n<=32,sr<=15%,kvB<=1k,kp<=4k,0.0409,6
32,n<=32,sr<=15%,kvB<=1k,kp<=512,0.0772,6
32,n<=32,sr<=15%,kvB<=1k,kp<=8k,0.0594,6
32,n<=32,sr<=15%,kvB<=1k,kp=0,0.104,6
32,n<=32,sr<=15%,kvB<=4k,kp<=1k,0.0739,6
32,n<=32,sr<=15%,kvB<=4k,kp<=2k,0.0603,6
32,n<=32,sr<=15%,kvB<=4k,kp<=4k,0.0682,6
32,n<=32,sr<=15%,kvB<=4k,kp<=512,0.0853,6
32,n<=32,sr<=15%,kvB<=4k,kp<=8k,0.0512,6
32,n<=32,sr<=15%,kvB<=4k,kp=0,0.1328,6
32,n<=32,sr<=40%,kvB<=16k,kp<=1k,0.0814,2
32,n<=32,sr<=40%,kvB<=16k,kp<=2k,0.0698,2
32,n<=32,sr<=40%,kvB<=16k,kp<=4k,0.0676,2
32,n<=32,sr<=40%,kvB<=16k,kp<=512,0.095,2
32,n<=32,sr<=40%,kvB<=16k,kp<=8k,0.0594,2
32,n<=32,sr<=40%,kvB<=16k,kp=0,0.1116,2
32,n<=32,sr<=40%,kvB<=1k,kp<=1k,0.0702,2
32,n<=32,sr<=40%,kvB<=1k,kp<=2k,0.0746,2
32,n<=32,sr<=40%,kvB<=1k,kp<=4k,0.1064,2
32,n<=32,sr<=40%,kvB<=1k,kp<=512,0.0942,2
32,n<=32,sr<=40%,kvB<=1k,kp<=8k,0.1318,2
32,n<=32,sr<=40%,kvB<=1k,kp=0,0.1526,2
32,n<=32,sr<=40%,kvB<=4k,kp<=1k,0.1144,2
32,n<=32,sr<=40%,kvB<=4k,kp<=2k,0.1403,2
32,n<=32,sr<=40%,kvB<=4k,kp<=4k,0.106,2
32,n<=32,sr<=40%,kvB<=4k,kp<=512,0.1929,2
32,n<=32,sr<=40%,kvB<=4k,kp<=8k,0.0727,2
32,n<=32,sr<=40%,kvB<=4k,kp=0,0.2188,2
32,n<=32,sr<=5%,kvB<=16k,kp<=1k,0.0493,2
32,n<=32,sr<=5%,kvB<=16k,kp<=2k,0.0433,2
32,n<=32,sr<=5%,kvB<=16k,kp<=4k,0.0423,2
32,n<=32,sr<=5%,kvB<=16k,kp<=512,0.065,2
32,n<=32,sr<=5%,kvB<=16k,kp<=8k,0.0194,2
32,n<=32,sr<=5%,kvB<=16k,kp=0,0.0626,2
32,n<=32,sr<=5%,kvB<=1k,kp<=1k,0.016,2
32,n<=32,sr<=5%,kvB<=1k,kp<=2k,0.0139,2
32,n<=32,sr<=5%,kvB<=1k,kp<=4k,-0.0004,2
32,n<=32,sr<=5%,kvB<=1k,kp<=512,0.0407,2
32,n<=32,sr<=5%,kvB<=1k,kp<=8k,0.0119,2
32,n<=32,sr<=5%,kvB<=1k,kp=0,0.0565,2
32,n<=32,sr<=5%,kvB<=4k,kp<=1k,0.0564,2
32,n<=32,sr<=5%,kvB<=4k,kp<=2k,0.04,2
32,n<=32,sr<=5%,kvB<=4k,kp<=4k,0.0226,2
32,n<=32,sr<=5%,kvB<=4k,kp<=512,0.0473,2
32,n<=32,sr<=5%,kvB<=4k,kp<=8k,0.0163,2
32,n<=32,sr<=5%,kvB<=4k,kp=0,0.0912,2
32,n<=32,sr<=70%,kvB<=16k,kp<=1k,0.1859,2
32,n<=32,sr<=70%,kvB<=16k,kp<=2k,0.1477,2
32,n<=32,sr<=70%,kvB<=16k,kp<=4k,0.1313,2
32,n<=32,sr<=70%,kvB<=16k,kp<=512,0.1885,2
32,n<=32,sr<=70%,kvB<=16k,kp<=8k,0.1185,2
32,n<=32,sr<=70%,kvB<=16k,kp=0,0.185,2
32,n<=32,sr<=70%,kvB<=1k,kp<=1k,0.1445,2
32,n<=32,sr<=70%,kvB<=1k,kp<=2k,0.2189,2
32,n<=32,sr<=70%,kvB<=1k,kp<=4k,0.2221,2
32,n<=32,sr<=70%,kvB<=1k,kp<=512,0.1717,2
32,n<=32,sr<=70%,kvB<=1k,kp<=8k,0.2126,2
32,n<=32,sr<=70%,kvB<=1k,kp=0,0.2684,2
32,n<=32,sr<=70%,kvB<=4k,kp<=1k,0.2213,2
32,n<=32,sr<=70%,kvB<=4k,kp<=2k,0.2611,2
32,n<=32,sr<=70%,kvB<=4k,kp<=4k,0.228,2
32,n<=32,sr<=70%,kvB<=4k,kp<=512,0.408,2
32,n<=32,sr<=70%,kvB<=4k,kp<=8k,0.2342,2
32,n<=32,sr<=70%,kvB<=4k,kp=0,0.4704,2
32,n<=32,sr>70%,kvB<=16k,kp<=1k,0.434,4
32,n<=32,sr>70%,kvB<=16k,kp<=2k,0.3993,4
32,n<=32,sr>70%,kvB<=16k,kp<=4k,0.3114,4
32,n<=32,sr>70%,kvB<=16k,kp<=512,0.4485,4
32,n<=32,sr>70%,kvB<=16k,kp<=8k,0.2792,4
32,n<=32,sr>70%,kvB<=16k,kp=0,0.438,4
32,n<=32,sr>70%,kvB<=1k,kp<=1k,0.5716,4
32,n<=32,sr>70%,kvB<=1k,kp<=2k,0.3778,4
32,n<=32,sr>70%,kvB<=1k,kp<=4k,0.4048,4
32,n<=32,sr>70%,kvB<=1k,kp<=512,0.5533,4
32,n<=32,sr>70%,kvB<=1k,kp<=8k,0.5776,4
32,n<=32,sr>70%,kvB<=1k,kp=0,1.0334,4
32,n<=32,sr>70%,kvB<=4k,kp<=1k,0.5211,4
32,n<=32,sr>70%,kvB<=4k,kp<=2k,0.4973,4
32,n<=32,sr>70%,kvB<=4k,kp<=4k,0.553,4
32,n<=32,sr>70%,kvB<=4k,kp<=512,1.0425,4
32,n<=32,sr>70%,kvB<=4k,kp<=8k,0.3989,4
32,n<=32,sr>70%,kvB<=4k,kp=0,1.1531,4
32,n<=4,sr<=40%,kvB<=16k,kp<=1k,0.3052,2
32,n<=4,sr<=40%,kvB<=16k,kp<=2k,0.2178,2
32,n<=4,sr<=40%,kvB<=16k,kp<=4k,0.2802,2
32,n<=4,sr<=40%,kvB<=16k,kp<=512,0.4221,2
32,n<=4,sr<=40%,kvB<=16k,kp<=8k,0.2166,2
32,n<=4,sr<=40%,kvB<=16k,kp=0,0.5174,2
32,n<=4,sr<=40%,kvB<=1k,kp<=1k,0.1639,2
32,n<=4,sr<=40%,kvB<=1k,kp<=2k,0.3141,2
32,n<=4,sr<=40%,kvB<=1k,kp<=4k,0.3205,2
32,n<=4,sr<=40%,kvB<=1k,kp<=512,0.2946,2
32,n<=4,sr<=40%,kvB<=1k,kp<=8k,0.2759,2
32,n<=4,sr<=40%,kvB<=1k,kp=0,0.2858,2
32,n<=4,sr<=40%,kvB<=4k,kp<=1k,0.2923,2
32,n<=4,sr<=40%,kvB<=4k,kp<=2k,0.2054,2
32,n<=4,sr<=40%,kvB<=4k,kp<=4k,0.0843,2
32,n<=4,sr<=40%,kvB<=4k,kp<=512,0.2239,2
32,n<=4,sr<=40%,kvB<=4k,kp<=8k,0.1662,2
32,n<=4,sr<=40%,kvB<=4k,kp=0,0.429,2
32,n<=4,sr<=70%,kvB<=16k,kp<=1k,0.6494,2
32,n<=4,sr<=70%,kvB<=16k,kp<=2k,0.3601,2
32,n<=4,sr<=70%,kvB<=16k,kp<=4k,0.1848,2
32,n<=4,sr<=70%,kvB<=16k,kp<=512,0.8135,2
32,n<=4,sr<=70%,kvB<=16k,kp<=8k,0.1247,2
32,n<=4,sr<=70%,kvB<=16k,kp=0,0.9602,2
32,n<=4,sr<=70%,kvB<=1k,kp<=1k,0.089,2
32,n<=4,sr<=70%,kvB<=1k,kp<=2k,0.5371,2
32,n<=4,sr<=70%,kvB<=1k,kp<=4k,0.4989,2
32,n<=4,sr<=70%,kvB<=1k,kp<=512,0.2853,2
32,n<=4,sr<=70%,kvB<=1k,kp<=8k,0.5335,2
32,n<=4,sr<=70%,kvB<=1k,kp=0,0.1807,2
32,n<=4,sr<=70%,kvB<=4k,kp<=1k,0.1255,2
32,n<=4,sr<=70%,kvB<=4k,kp<=2k,0.1715,2
32,n<=4,sr<=70%,kvB<=4k,kp<=4k,0.0639,2
32,n<=4,sr<=70%,kvB<=4k,kp<=512,0.2077,2
32,n<=4,sr<=70%,kvB<=4k,kp<=8k,0.3603,2
32,n<=4,sr<=70%,kvB<=4k,kp=0,0.7271,2
32,n<=4,sr>70%,kvB<=16k,kp<=1k,0.513,2
32,n<=4,sr>70%,kvB<=16k,kp<=2k,0.1959,2
32,n<=4,sr>70%,kvB<=16k,kp<=4k,-0.1265,2
32,n<=4,sr>70%,kvB<=16k,kp<=512,0.7136,2
32,n<=4,sr>70%,kvB<=16k,kp<=8k,0.191,2
32,n<=4,sr>70%,kvB<=16k,kp=0,0.9466,2
32,n<=4,sr>70%,kvB<=1k,kp<=1k,0.6633,2
32,n<=4,sr>70%,kvB<=1k,kp<=2k,0.6803,2
32,n<=4,sr>70%,kvB<=1k,kp<=4k,0.7692,2
32,n<=4,sr>70%,kvB<=1k,kp<=512,0.3803,2
32,n<=4,sr>70%,kvB<=1k,kp<=8k,0.6564,2
32,n<=4,sr>70%,kvB<=1k,kp=0,0.0594,2
32,n<=4,sr>70%,kvB<=4k,kp<=1k,-0.1311,2
32,n<=4,sr>70%,kvB<=4k,kp<=2k,0.256,2
32,n<=4,sr>70%,kvB<=4k,kp<=4k,0.5103,2
32,n<=4,sr>70%,kvB<=4k,kp<=512,0.002,2
32,n<=4,sr>70%,kvB<=4k,kp<=8k,0.7508,2
32,n<=4,sr>70%,kvB<=4k,kp=0,0.7123,2
32,n<=64,sr<=15%,kvB<=16k,kp<=1k,0.0081,4
32,n<=64,sr<=15%,kvB<=16k,kp<=2k,0.0088,4
32,n<=64,sr<=15%,kvB<=16k,kp<=4k,0.0085,4
32,n<=64,sr<=15%,kvB<=16k,kp<=512,0.0076,4
32,n<=64,sr<=15%,kvB<=16k,kp<=8k,0.0066,4
32,n<=64,sr<=15%,kvB<=16k,kp=0,0.008,4
32,n<=64,sr<=15%,kvB<=1k,kp<=1k,0.0358,4
32,n<=64,sr<=15%,kvB<=1k,kp<=2k,0.0339,4
32,n<=64,sr<=15%,kvB<=1k,kp<=4k,0.0276,4
32,n<=64,sr<=15%,kvB<=1k,kp<=512,0.0426,4
32,n<=64,sr<=15%,kvB<=1k,kp<=8k,0.0409,4
32,n<=64,sr<=15%,kvB<=1k,kp=0,0.0382,4
32,n<=64,sr<=15%,kvB<=4k,kp<=1k,0.0091,4
32,n<=64,sr<=15%,kvB<=4k,kp<=2k,0.0078,4
32,n<=64,sr<=15%,kvB<=4k,kp<=4k,0.0015,4
32,n<=64,sr<=15%,kvB<=4k,kp<=512,0.0088,4
32,n<=64,sr<=15%,kvB<=4k,kp<=8k,-0.0011,4
32,n<=64,sr<=15%,kvB<=4k,kp=0,0.0099,4
32,n<=64,sr<=40%,kvB<=16k,kp<=1k,0.0047,2
32,n<=64,sr<=40%,kvB<=16k,kp<=2k,0.0048,2
32,n<=64,sr<=40%,kvB<=16k,kp<=4k,0.0056,2
32,n<=64,sr<=40%,kvB<=16k,kp<=512,0.004,2
32,n<=64,sr<=40%,kvB<=16k,kp<=8k,0.0026,2
32,n<=64,sr<=40%,kvB<=16k,kp=0,0.0025,2
32,n<=64,sr<=40%,kvB<=1k,kp<=1k,0.0334,2
32,n<=64,sr<=40%,kvB<=1k,kp<=2k,0.0255,2
32,n<=64,sr<=40%,kvB<=1k,kp<=4k,0.031,2
32,n<=64,sr<=40%,kvB<=1k,kp<=512,0.0424,2
32,n<=64,sr<=40%,kvB<=1k,kp<=8k,0.0219,2
32,n<=64,sr<=40%,kvB<=1k,kp=0,0.0422,2
32,n<=64,sr<=40%,kvB<=4k,kp<=1k,0.0,2
32,n<=64,sr<=40%,kvB<=4k,kp<=2k,-0.0002,2
32,n<=64,sr<=40%,kvB<=4k,kp<=4k,-0.0003,2
32,n<=64,sr<=40%,kvB<=4k,kp<=512,0.001,2
32,n<=64,sr<=40%,kvB<=4k,kp<=8k,-0.0039,2
32,n<=64,sr<=40%,kvB<=4k,kp=0,-0.0005,2
32,n<=64,sr<=5%,kvB<=16k,kp<=1k,0.0111,6
32,n<=64,sr<=5%,kvB<=16k,kp<=2k,0.0104,6
32,n<=64,sr<=5%,kvB<=16k,kp<=4k,0.0111,6
32,n<=64,sr<=5%,kvB<=16k,kp<=512,0.0106,6
32,n<=64,sr<=5%,kvB<=16k,kp<=8k,0.0094,6
32,n<=64,sr<=5%,kvB<=16k,kp=0,0.0105,6
32,n<=64,sr<=5%,kvB<=1k,kp<=1k,0.0161,6
32,n<=64,sr<=5%,kvB<=1k,kp<=2k,0.0075,6
32,n<=64,sr<=5%,kvB<=1k,kp<=4k,0.0189,6
32,n<=64,sr<=5%,kvB<=1k,kp<=512,0.0195,6
32,n<=64,sr<=5%,kvB<=1k,kp<=8k,0.0112,6
32,n<=64,sr<=5%,kvB<=1k,kp=0,0.0205,6
32,n<=64,sr<=5%,kvB<=4k,kp<=1k,0.0117,6
32,n<=64,sr<=5%,kvB<=4k,kp<=2k,0.0099,6
32,n<=64,sr<=5%,kvB<=4k,kp<=4k,0.0019,6
32,n<=64,sr<=5%,kvB<=4k,kp<=512,0.0117,6
32,n<=64,sr<=5%,kvB<=4k,kp<=8k,0.0015,6
32,n<=64,sr<=5%,kvB<=4k,kp=0,0.0112,6
32,n<=64,sr<=70%,kvB<=16k,kp<=1k,-0.0012,2
32,n<=64,sr<=70%,kvB<=16k,kp<=2k,-0.0014,2
32,n<=64,sr<=70%,kvB<=16k,kp<=4k,0.0022,2
32,n<=64,sr<=70%,kvB<=16k,kp<=512,-0.0022,2
32,n<=64,sr<=70%,kvB<=16k,kp<=8k,0.0004,2
32,n<=64,sr<=70%,kvB<=16k,kp=0,-0.0012,2
32,n<=64,sr<=70%,kvB<=1k,kp<=1k,0.0049,2
32,n<=64,sr<=70%,kvB<=1k,kp<=2k,-0.0134,2
32,n<=64,sr<=70%,kvB<=1k,kp<=4k,0.0036,2
32,n<=64,sr<=70%,kvB<=1k,kp<=512,-0.0045,2
32,n<=64,sr<=70%,kvB<=1k,kp<=8k,-0.0257,2
32,n<=64,sr<=70%,kvB<=1k,kp=0,0.0084,2
32,n<=64,sr<=70%,kvB<=4k,kp<=1k,-0.0018,2
32,n<=64,sr<=70%,kvB<=4k,kp<=2k,0.0015,2
32,n<=64,sr<=70%,kvB<=4k,kp<=4k,0.0014,2
32,n<=64,sr<=70%,kvB<=4k,kp<=512,-0.0015,2
32,n<=64,sr<=70%,kvB<=4k,kp<=8k,0.0079,2
32,n<=64,sr<=70%,kvB<=4k,kp=0,-0.0022,2
32,n<=64,sr>70%,kvB<=16k,kp<=1k,-0.0106,4
32,n<=64,sr>70%,kvB<=16k,kp<=2k,-0.0068,4
32,n<=64,sr>70%,kvB<=16k,kp<=4k,0.0025,4
32,n<=64,sr>70%,kvB<=16k,kp<=512,-0.0094,4
32,n<=64,sr>70%,kvB<=16k,kp<=8k,-0.0045,4
32,n<=64,sr>70%,kvB<=16k,kp=0,-0.0109,4
32,n<=64,sr>70%,kvB<=1k,kp<=1k,0.0485,4
32,n<=64,sr>70%,kvB<=1k,kp<=2k,0.0801,4
32,n<=64,sr>70%,kvB<=1k,kp<=4k,0.1204,4
32,n<=64,sr>70%,kvB<=1k,kp<=512,0.0676,4
32,n<=64,sr>70%,kvB<=1k,kp<=8k,0.0975,4
32,n<=64,sr>70%,kvB<=1k,kp=0,0.0539,4
32,n<=64,sr>70%,kvB<=4k,kp<=1k,-0.0148,4
32,n<=64,sr>70%,kvB<=4k,kp<=2k,-0.0109,4
32,n<=64,sr>70%,kvB<=4k,kp<=4k,-0.007,4
32,n<=64,sr>70%,kvB<=4k,kp<=512,-0.0162,4
32,n<=64,sr>70%,kvB<=4k,kp<=8k,0.0062,4
32,n<=64,sr>70%,kvB<=4k,kp=0,-0.0168,4
32,n<=8,sr<=15%,kvB<=16k,kp<=1k,0.1848,2
32,n<=8,sr<=15%,kvB<=16k,kp<=2k,0.1661,2
32,n<=8,sr<=15%,kvB<=16k,kp<=4k,0.1561,2
32,n<=8,sr<=15%,kvB<=16k,kp<=512,0.1999,2
32,n<=8,sr<=15%,kvB<=16k,kp<=8k,0.0883,2
32,n<=8,sr<=15%,kvB<=16k,kp=0,0.2225,2
32,n<=8,sr<=15%,kvB<=1k,kp<=1k,0.0409,2
32,n<=8,sr<=15%,kvB<=1k,kp<=2k,0.1287,2
32,n<=8,sr<=15%,kvB<=1k,kp<=4k,0.1058,2
32,n<=8,sr<=15%,kvB<=1k,kp<=512,0.1906,2
32,n<=8,sr<=15%,kvB<=1k,kp<=8k,0.0934,2
32,n<=8,sr<=15%,kvB<=1k,kp=0,0.2228,2
32,n<=8,sr<=15%,kvB<=4k,kp<=1k,0.1878,2
32,n<=8,sr<=15%,kvB<=4k,kp<=2k,0.1008,2
32,n<=8,sr<=15%,kvB<=4k,kp<=4k,-0.0499,2
32,n<=8,sr<=15%,kvB<=4k,kp<=512,0.1779,2
32,n<=8,sr<=15%,kvB<=4k,kp<=8k,0.0081,2
32,n<=8,sr<=15%,kvB<=4k,kp=0,0.2205,2
32,n<=8,sr<=40%,kvB<=16k,kp<=1k,0.264,4
32,n<=8,sr<=40%,kvB<=16k,kp<=2k,0.1978,4
32,n<=8,sr<=40%,kvB<=16k,kp<=4k,0.114,4
32,n<=8,sr<=40%,kvB<=16k,kp<=512,0.3002,4
32,n<=8,sr<=40%,kvB<=16k,kp<=8k,0.1403,4
32,n<=8,sr<=40%,kvB<=16k,kp=0,0.3186,4
32,n<=8,sr<=40%,kvB<=1k,kp<=1k,0.0719,4
32,n<=8,sr<=40%,kvB<=1k,kp<=2k,0.049,4
32,n<=8,sr<=40%,kvB<=1k,kp<=4k,0.1067,4
32,n<=8,sr<=40%,kvB<=1k,kp<=512,0.1925,4
32,n<=8,sr<=40%,kvB<=1k,kp<=8k,0.1014,4
32,n<=8,sr<=40%,kvB<=1k,kp=0,0.2232,4
32,n<=8,sr<=40%,kvB<=4k,kp<=1k,0.1217,4
32,n<=8,sr<=40%,kvB<=4k,kp<=2k,0.1332,4
32,n<=8,sr<=40%,kvB<=4k,kp<=4k,-0.002,4
32,n<=8,sr<=40%,kvB<=4k,kp<=512,0.1369,4
32,n<=8,sr<=40%,kvB<=4k,kp<=8k,-0.0192,4
32,n<=8,sr<=40%,kvB<=4k,kp=0,0.2739,4
32,n<=8,sr<=70%,kvB<=16k,kp<=1k,0.4087,2
32,n<=8,sr<=70%,kvB<=16k,kp<=2k,0.2864,2
32,n<=8,sr<=70%,kvB<=16k,kp<=4k,0.1903,2
32,n<=8,sr<=70%,kvB<=16k,kp<=512,0.3495,2
32,n<=8,sr<=70%,kvB<=16k,kp<=8k,0.1394,2
32,n<=8,sr<=70%,kvB<=16k,kp=0,0.3384,2
32,n<=8,sr<=70%,kvB<=1k,kp<=1k,0.0298,2
32,n<=8,sr<=70%,kvB<=1k,kp<=2k,-0.0357,2
32,n<=8,sr<=70%,kvB<=1k,kp<=4k,0.1039,2
32,n<=8,sr<=70%,kvB<=1k,kp<=512,0.145,2
32,n<=8,sr<=70%,kvB<=1k,kp<=8k,0.1222,2
32,n<=8,sr<=70%,kvB<=1k,kp=0,0.196,2
32,n<=8,sr<=70%,kvB<=4k,kp<=1k,0.0968,2
32,n<=8,sr<=70%,kvB<=4k,kp<=2k,0.1232,2
32,n<=8,sr<=70%,kvB<=4k,kp<=4k,-0.0131,2
32,n<=8,sr<=70%,kvB<=4k,kp<=512,0.1905,2
32,n<=8,sr<=70%,kvB<=4k,kp<=8k,-0.1156,2
32,n<=8,sr<=70%,kvB<=4k,kp=0,0.3479,2
32,n<=8,sr>70%,kvB<=16k,kp<=1k,0.9543,4
32,n<=8,sr>70%,kvB<=16k,kp<=2k,0.5094,4
32,n<=8,sr>70%,kvB<=16k,kp<=4k,0.3582,4
32,n<=8,sr>70%,kvB<=16k,kp<=512,0.9365,4
32,n<=8,sr>70%,kvB<=16k,kp<=8k,0.2269,4
32,n<=8,sr>70%,kvB<=16k,kp=0,1.104,4
32,n<=8,sr>70%,kvB<=1k,kp<=1k,0.2586,4
32,n<=8,sr>70%,kvB<=1k,kp<=2k,0.2315,4
32,n<=8,sr>70%,kvB<=1k,kp<=4k,0.103,4
32,n<=8,sr>70%,kvB<=1k,kp<=512,0.1717,4
32,n<=8,sr>70%,kvB<=1k,kp<=8k,0.3612,4
32,n<=8,sr>70%,kvB<=1k,kp=0,0.4011,4
32,n<=8,sr>70%,kvB<=4k,kp<=1k,0.0783,4
32,n<=8,sr>70%,kvB<=4k,kp<=2k,-0.0109,4
32,n<=8,sr>70%,kvB<=4k,kp<=4k,0.1992,4
32,n<=8,sr>70%,kvB<=4k,kp<=512,0.4444,4
32,n<=8,sr>70%,kvB<=4k,kp<=8k,0.0996,4
32,n<=8,sr>70%,kvB<=4k,kp=0,0.8097,4
64,n<=128,sr<=15%,kvB<=16k,kp<=1k,0.001,4
64,n<=128,sr<=15%,kvB<=16k,kp<=2k,0.0008,4
64,n<=128,sr<=15%,kvB<=16k,kp<=4k,0.0008,4
64,n<=128,sr<=15%,kvB<=16k,kp<=512,0.0008,4
64,n<=128,sr<=15%,kvB<=16k,kp<=8k,0.001,4
64,n<=128,sr<=15%,kvB<=16k,kp=0,0.0013,4
64,n<=128,sr<=15%,kvB<=1k,kp<=1k,0.0286,4
64,n<=128,sr<=15%,kvB<=1k,kp<=2k,0.0288,4
64,n<=128,sr<=15%,kvB<=1k,kp<=4k,0.0342,4
64,n<=128,sr<=15%,kvB<=1k,kp<=512,0.0372,4
64,n<=128,sr<=15%,kvB<=1k,kp<=8k,0.0282,4
64,n<=128,sr<=15%,kvB<=1k,kp=0,0.0404,4
64,n<=128,sr<=15%,kvB<=4k,kp<=1k,0.001,4
64,n<=128,sr<=15%,kvB<=4k,kp<=2k,0.001,4
64,n<=128,sr<=15%,kvB<=4k,kp<=4k,0.001,4
64,n<=128,sr<=15%,kvB<=4k,kp<=512,0.0013,4
64,n<=128,sr<=15%,kvB<=4k,kp<=8k,0.0011,4
64,n<=128,sr<=15%,kvB<=4k,kp=0,0.0014,4
64,n<=128,sr<=40%,kvB<=16k,kp<=1k,-0.0015,2
64,n<=128,sr<=40%,kvB<=16k,kp<=2k,-0.0013,2
64,n<=128,sr<=40%,kvB<=16k,kp<=4k,-0.0008,2
64,n<=128,sr<=40%,kvB<=16k,kp<=512,-0.0008,2
64,n<=128,sr<=40%,kvB<=16k,kp<=8k,-0.001,2
64,n<=128,sr<=40%,kvB<=16k,kp=0,-0.0018,2
64,n<=128,sr<=40%,kvB<=1k,kp<=1k,0.0656,2
64,n<=128,sr<=40%,kvB<=1k,kp<=2k,0.0619,2
64,n<=128,sr<=40%,kvB<=1k,kp<=4k,0.063,2
64,n<=128,sr<=40%,kvB<=1k,kp<=512,0.0667,2
64,n<=128,sr<=40%,kvB<=1k,kp<=8k,0.0571,2
64,n<=128,sr<=40%,kvB<=1k,kp=0,0.0638,2
64,n<=128,sr<=40%,kvB<=4k,kp<=1k,-0.001,2
64,n<=128,sr<=40%,kvB<=4k,kp<=2k,-0.0018,2
64,n<=128,sr<=40%,kvB<=4k,kp<=4k,-0.0009,2
64,n<=128,sr<=40%,kvB<=4k,kp<=512,-0.0017,2
64,n<=128,sr<=40%,kvB<=4k,kp<=8k,0.0016,2
64,n<=128,sr<=40%,kvB<=4k,kp=0,-0.0003,2
64,n<=128,sr<=5%,kvB<=16k,kp<=1k,0.0022,8
64,n<=128,sr<=5%,kvB<=16k,kp<=2k,0.0023,8
64,n<=128,sr<=5%,kvB<=16k,kp<=4k,0.0023,8
64,n<=128,sr<=5%,kvB<=16k,kp<=512,0.0023,8
64,n<=128,sr<=5%,kvB<=16k,kp<=8k,0.002,8
64,n<=128,sr<=5%,kvB<=16k,kp=0,0.0022,8
64,n<=128,sr<=5%,kvB<=1k,kp<=1k,0.0085,8
64,n<=128,sr<=5%,kvB<=1k,kp<=2k,0.0101,8
64,n<=128,sr<=5%,kvB<=1k,kp<=4k,0.0118,8
64,n<=128,sr<=5%,kvB<=1k,kp<=512,0.0147,8
64,n<=128,sr<=5%,kvB<=1k,kp<=8k,0.0119,8
64,n<=128,sr<=5%,kvB<=1k,kp=0,0.0168,8
64,n<=128,sr<=5%,kvB<=4k,kp<=1k,0.0028,8
64,n<=128,sr<=5%,kvB<=4k,kp<=2k,0.0027,8
64,n<=128,sr<=5%,kvB<=4k,kp<=4k,0.0009,8
64,n<=128,sr<=5%,kvB<=4k,kp<=512,0.0029,8
64,n<=128,sr<=5%,kvB<=4k,kp<=8k,0.0011,8
64,n<=128,sr<=5%,kvB<=4k,kp=0,0.0032,8
64,n<=128,sr<=70%,kvB<=16k,kp<=1k,-0.0032,2
64,n<=128,sr<=70%,kvB<=16k,kp<=2k,-0.0027,2
64,n<=128,sr<=70%,kvB<=16k,kp<=4k,-0.0027,2
64,n<=128,sr<=70%,kvB<=16k,kp<=512,-0.0036,2
64,n<=128,sr<=70%,kvB<=16k,kp<=8k,-0.0006,2
64,n<=128,sr<=70%,kvB<=16k,kp=0,-0.0041,2
64,n<=128,sr<=70%,kvB<=1k,kp<=1k,0.0837,2
64,n<=128,sr<=70%,kvB<=1k,kp<=2k,0.0739,2
64,n<=128,sr<=70%,kvB<=1k,kp<=4k,0.0734,2
64,n<=128,sr<=70%,kvB<=1k,kp<=512,0.0837,2
64,n<=128,sr<=70%,kvB<=1k,kp<=8k,0.0685,2
64,n<=128,sr<=70%,kvB<=1k,kp=0,0.0962,2
64,n<=128,sr<=70%,kvB<=4k,kp<=1k,-0.003,2
64,n<=128,sr<=70%,kvB<=4k,kp<=2k,-0.0027,2
64,n<=128,sr<=70%,kvB<=4k,kp<=4k,0.0049,2
64,n<=128,sr<=70%,kvB<=4k,kp<=512,-0.0033,2
64,n<=128,sr<=70%,kvB<=4k,kp<=8k,0.0055,2
64,n<=128,sr<=70%,kvB<=4k,kp=0,-0.0045,2
64,n<=128,sr>70%,kvB<=16k,kp<=1k,-0.0043,4
64,n<=128,sr>70%,kvB<=16k,kp<=2k,-0.0018,4
64,n<=128,sr>70%,kvB<=16k,kp<=4k,-0.0006,4
64,n<=128,sr>70%,kvB<=16k,kp<=512,-0.0038,4
64,n<=128,sr>70%,kvB<=16k,kp<=8k,0.0031,4
64,n<=128,sr>70%,kvB<=16k,kp=0,-0.0029,4
64,n<=128,sr>70%,kvB<=1k,kp<=1k,0.0585,4
64,n<=128,sr>70%,kvB<=1k,kp<=2k,0.053,4
64,n<=128,sr>70%,kvB<=1k,kp<=4k,0.0811,4
64,n<=128,sr>70%,kvB<=1k,kp<=512,0.0791,4
64,n<=128,sr>70%,kvB<=1k,kp<=8k,0.0795,4
64,n<=128,sr>70%,kvB<=1k,kp=0,0.0726,4
64,n<=128,sr>70%,kvB<=4k,kp<=1k,-0.005,4
64,n<=128,sr>70%,kvB<=4k,kp<=2k,-0.0041,4
64,n<=128,sr>70%,kvB<=4k,kp<=4k,-0.0075,4
64,n<=128,sr>70%,kvB<=4k,kp<=512,-0.0061,4
64,n<=128,sr>70%,kvB<=4k,kp<=8k,-0.0012,4
64,n<=128,sr>70%,kvB<=4k,kp=0,-0.0071,4
64,n<=16,sr<=15%,kvB<=16k,kp<=1k,0.1171,4
64,n<=16,sr<=15%,kvB<=16k,kp<=2k,0.1008,4
64,n<=16,sr<=15%,kvB<=16k,kp<=4k,0.0515,4
64,n<=16,sr<=15%,kvB<=16k,kp<=512,0.1441,4
64,n<=16,sr<=15%,kvB<=16k,kp<=8k,0.0032,4
64,n<=16,sr<=15%,kvB<=16k,kp=0,0.1119,4
64,n<=16,sr<=15%,kvB<=1k,kp<=1k,0.0431,4
64,n<=16,sr<=15%,kvB<=1k,kp<=2k,0.0645,4
64,n<=16,sr<=15%,kvB<=1k,kp<=4k,0.0711,4
64,n<=16,sr<=15%,kvB<=1k,kp<=512,0.1194,4
64,n<=16,sr<=15%,kvB<=1k,kp<=8k,0.0589,4
64,n<=16,sr<=15%,kvB<=1k,kp=0,0.1378,4
64,n<=16,sr<=15%,kvB<=4k,kp<=1k,0.1,4
64,n<=16,sr<=15%,kvB<=4k,kp<=2k,0.0584,4
64,n<=16,sr<=15%,kvB<=4k,kp<=4k,0.0066,4
64,n<=16,sr<=15%,kvB<=4k,kp<=512,0.1137,4
64,n<=16,sr<=15%,kvB<=4k,kp<=8k,0.0297,4
64,n<=16,sr<=15%,kvB<=4k,kp=0,0.1307,4
64,n<=16,sr<=40%,kvB<=16k,kp<=1k,0.1565,4
64,n<=16,sr<=40%,kvB<=16k,kp<=2k,0.1029,4
64,n<=16,sr<=40%,kvB<=16k,kp<=4k,0.0659,4
64,n<=16,sr<=40%,kvB<=16k,kp<=512,0.215,4
64,n<=16,sr<=40%,kvB<=16k,kp<=8k,0.0239,4
64,n<=16,sr<=40%,kvB<=16k,kp=0,0.185,4
64,n<=16,sr<=40%,kvB<=1k,kp<=1k,0.0721,4
64,n<=16,sr<=40%,kvB<=1k,kp<=2k,0.0644,4
64,n<=16,sr<=40%,kvB<=1k,kp<=4k,0.0609,4
64,n<=16,sr<=40%,kvB<=1k,kp<=512,0.1265,4
64,n<=16,sr<=40%,kvB<=1k,kp<=8k,0.0518,4
64,n<=16,sr<=40%,kvB<=1k,kp=0,0.1502,4
64,n<=16,sr<=40%,kvB<=4k,kp<=1k,0.111,4
64,n<=16,sr<=40%,kvB<=4k,kp<=2k,0.0902,4
64,n<=16,sr<=40%,kvB<=4k,kp<=4k,0.0672,4
64,n<=16,sr<=40%,kvB<=4k,kp<=512,0.1245,4
64,n<=16,sr<=40%,kvB<=4k,kp<=8k,0.0972,4
64,n<=16,sr<=40%,kvB<=4k,kp=0,0.1695,4
64,n<=16,sr<=70%,kvB<=16k,kp<=1k,0.3613,2
64,n<=16,sr<=70%,kvB<=16k,kp<=2k,0.2884,2
64,n<=16,sr<=70%,kvB<=16k,kp<=4k,0.2254,2
64,n<=16,sr<=70%,kvB<=16k,kp<=512,0.5001,2
64,n<=16,sr<=70%,kvB<=16k,kp<=8k,0.2539,2
64,n<=16,sr<=70%,kvB<=16k,kp=0,0.502,2
64,n<=16,sr<=70%,kvB<=1k,kp<=1k,0.0377,2
64,n<=16,sr<=70%,kvB<=1k,kp<=2k,0.0163,2
64,n<=16,sr<=70%,kvB<=1k,kp<=4k,0.0648,2
64,n<=16,sr<=70%,kvB<=1k,kp<=512,0.0907,2
64,n<=16,sr<=70%,kvB<=1k,kp<=8k,0.1873,2
64,n<=16,sr<=70%,kvB<=1k,kp=0,0.1218,2
64,n<=16,sr<=70%,kvB<=4k,kp<=1k,0.3289,2
64,n<=16,sr<=70%,kvB<=4k,kp<=2k,0.4222,2
64,n<=16,sr<=70%,kvB<=4k,kp<=4k,0.3094,2
64,n<=16,sr<=70%,kvB<=4k,kp<=512,0.3796,2
64,n<=16,sr<=70%,kvB<=4k,kp<=8k,0.4242,2
64,n<=16,sr<=70%,kvB<=4k,kp=0,0.3635,2
64,n<=16,sr>70%,kvB<=16k,kp<=1k,0.8975,4
64,n<=16,sr>70%,kvB<=16k,kp<=2k,0.7084,4
64,n<=16,sr>70%,kvB<=16k,kp<=4k,0.4461,4
64,n<=16,sr>70%,kvB<=16k,kp<=512,1.1937,4
64,n<=16,sr>70%,kvB<=16k,kp<=8k,0.3947,4
64,n<=16,sr>70%,kvB<=16k,kp=0,1.1315,4
64,n<=16,sr>70%,kvB<=1k,kp<=1k,0.1813,4
64,n<=16,sr>70%,kvB<=1k,kp<=2k,0.1528,4
64,n<=16,sr>70%,kvB<=1k,kp<=4k,0.2501,4
64,n<=16,sr>70%,kvB<=1k,kp<=512,0.2023,4
64,n<=16,sr>70%,kvB<=1k,kp<=8k,0.2992,4
64,n<=16,sr>70%,kvB<=1k,kp=0,0.3576,4
64,n<=16,sr>70%,kvB<=4k,kp<=1k,0.679,4
64,n<=16,sr>70%,kvB<=4k,kp<=2k,0.8317,4
64,n<=16,sr>70%,kvB<=4k,kp<=4k,1.2576,4
64,n<=16,sr>70%,kvB<=4k,kp<=512,1.1397,4
64,n<=16,sr>70%,kvB<=4k,kp<=8k,0.8394,3
64,n<=16,sr>70%,kvB<=4k,kp=0,1.4772,4
64,n<=2,sr<=70%,kvB<=16k,kp<=1k,0.6002,2
64,n<=2,sr<=70%,kvB<=16k,kp<=2k,0.1249,2
64,n<=2,sr<=70%,kvB<=16k,kp<=4k,0.0777,2
64,n<=2,sr<=70%,kvB<=16k,kp<=512,0.7332,2
64,n<=2,sr<=70%,kvB<=16k,kp<=8k,0.3454,2
64,n<=2,sr<=70%,kvB<=16k,kp=0,0.9534,2
64,n<=2,sr<=70%,kvB<=1k,kp<=1k,0.7298,2
64,n<=2,sr<=70%,kvB<=1k,kp<=2k,0.6533,2
64,n<=2,sr<=70%,kvB<=1k,kp<=4k,0.6237,2
64,n<=2,sr<=70%,kvB<=1k,kp<=512,0.3898,2
64,n<=2,sr<=70%,kvB<=1k,kp<=8k,0.3952,2
64,n<=2,sr<=70%,kvB<=1k,kp=0,0.0861,2
64,n<=2,sr<=70%,kvB<=4k,kp<=1k,0.0839,2
64,n<=2,sr<=70%,kvB<=4k,kp<=2k,0.3472,2
64,n<=2,sr<=70%,kvB<=4k,kp<=4k,0.7083,2
64,n<=2,sr<=70%,kvB<=4k,kp<=512,-0.0166,2
64,n<=2,sr<=70%,kvB<=4k,kp<=8k,0.4119,2
64,n<=2,sr<=70%,kvB<=4k,kp=0,0.7554,2
64,n<=32,sr<=15%,kvB<=16k,kp<=1k,0.0573,6
64,n<=32,sr<=15%,kvB<=16k,kp<=2k,0.0476,6
64,n<=32,sr<=15%,kvB<=16k,kp<=4k,0.0373,6
64,n<=32,sr<=15%,kvB<=16k,kp<=512,0.0818,6
64,n<=32,sr<=15%,kvB<=16k,kp<=8k,0.0352,6
64,n<=32,sr<=15%,kvB<=16k,kp=0,0.082,6
64,n<=32,sr<=15%,kvB<=1k,kp<=1k,0.0587,6
64,n<=32,sr<=15%,kvB<=1k,kp<=2k,0.0545,6
64,n<=32,sr<=15%,kvB<=1k,kp<=4k,0.0433,6
64,n<=32,sr<=15%,kvB<=1k,kp<=512,0.0771,6
64,n<=32,sr<=15%,kvB<=1k,kp<=8k,0.0614,6
64,n<=32,sr<=15%,kvB<=1k,kp=0,0.104,6
64,n<=32,sr<=15%,kvB<=4k,kp<=1k,0.0721,6
64,n<=32,sr<=15%,kvB<=4k,kp<=2k,0.0493,6
64,n<=32,sr<=15%,kvB<=4k,kp<=4k,0.0655,6
64,n<=32,sr<=15%,kvB<=4k,kp<=512,0.0737,6
64,n<=32,sr<=15%,kvB<=4k,kp<=8k,0.0481,6
64,n<=32,sr<=15%,kvB<=4k,kp=0,0.1365,6
64,n<=32,sr<=40%,kvB<=16k,kp<=1k,0.0797,2
64,n<=32,sr<=40%,kvB<=16k,kp<=2k,0.0735,2
64,n<=32,sr<=40%,kvB<=16k,kp<=4k,0.0725,2
64,n<=32,sr<=40%,kvB<=16k,kp<=512,0.1032,2
64,n<=32,sr<=40%,kvB<=16k,kp<=8k,0.0587,2
64,n<=32,sr<=40%,kvB<=16k,kp=0,0.1092,2
64,n<=32,sr<=40%,kvB<=1k,kp<=1k,0.0708,2
64,n<=32,sr<=40%,kvB<=1k,kp<=2k,0.0761,2
64,n<=32,sr<=40%,kvB<=1k,kp<=4k,0.1244,2
64,n<=32,sr<=40%,kvB<=1k,kp<=512,0.0881,2
64,n<=32,sr<=40%,kvB<=1k,kp<=8k,0.1418,2
64,n<=32,sr<=40%,kvB<=1k,kp=0,0.1523,2
64,n<=32,sr<=40%,kvB<=4k,kp<=1k,0.1097,2
64,n<=32,sr<=40%,kvB<=4k,kp<=2k,0.1404,2
64,n<=32,sr<=40%,kvB<=4k,kp<=4k,0.1031,2
64,n<=32,sr<=40%,kvB<=4k,kp<=512,0.1963,2
64,n<=32,sr<=40%,kvB<=4k,kp<=8k,0.0783,2
64,n<=32,sr<=40%,kvB<=4k,kp=0,0.2325,2
64,n<=32,sr<=5%,kvB<=16k,kp<=1k,0.048,2
64,n<=32,sr<=5%,kvB<=16k,kp<=2k,0.0441,2
64,n<=32,sr<=5%,kvB<=16k,kp<=4k,0.0418,2
64,n<=32,sr<=5%,kvB<=16k,kp<=512,0.0667,2
64,n<=32,sr<=5%,kvB<=16k,kp<=8k,0.0229,2
64,n<=32,sr<=5%,kvB<=16k,kp=0,0.0687,2
64,n<=32,sr<=5%,kvB<=1k,kp<=1k,0.0143,2
64,n<=32,sr<=5%,kvB<=1k,kp<=2k,0.0134,2
64,n<=32,sr<=5%,kvB<=1k,kp<=4k,0.0037,2
64,n<=32,sr<=5%,kvB<=1k,kp<=512,0.0413,2
64,n<=32,sr<=5%,kvB<=1k,kp<=8k,0.0118,2
64,n<=32,sr<=5%,kvB<=1k,kp=0,0.0538,2
64,n<=32,sr<=5%,kvB<=4k,kp<=1k,0.0583,2
64,n<=32,sr<=5%,kvB<=4k,kp<=2k,0.0325,2
64,n<=32,sr<=5%,kvB<=4k,kp<=4k,0.0207,2
64,n<=32,sr<=5%,kvB<=4k,kp<=512,0.0453,2
64,n<=32,sr<=5%,kvB<=4k,kp<=8k,0.0256,2
64,n<=32,sr<=5%,kvB<=4k,kp=0,0.0907,2
64,n<=32,sr<=70%,kvB<=16k,kp<=1k,0.1623,2
64,n<=32,sr<=70%,kvB<=16k,kp<=2k,0.1496,2
64,n<=32,sr<=70%,kvB<=16k,kp<=4k,0.1343,2
64,n<=32,sr<=70%,kvB<=16k,kp<=512,0.1829,2
64,n<=32,sr<=70%,kvB<=16k,kp<=8k,0.1225,2
64,n<=32,sr<=70%,kvB<=16k,kp=0,0.1963,2
64,n<=32,sr<=70%,kvB<=1k,kp<=1k,0.1884,2
64,n<=32,sr<=70%,kvB<=1k,kp<=2k,0.2423,2
64,n<=32,sr<=70%,kvB<=1k,kp<=4k,0.2394,2
64,n<=32,sr<=70%,kvB<=1k,kp<=512,0.1969,2
64,n<=32,sr<=70%,kvB<=1k,kp<=8k,0.2262,2
64,n<=32,sr<=70%,kvB<=1k,kp=0,0.3374,2
64,n<=32,sr<=70%,kvB<=4k,kp<=1k,0.2147,2
64,n<=32,sr<=70%,kvB<=4k,kp<=2k,0.283,2
64,n<=32,sr<=70%,kvB<=4k,kp<=4k,0.2254,2
64,n<=32,sr<=70%,kvB<=4k,kp<=512,0.3709,2
64,n<=32,sr<=70%,kvB<=4k,kp<=8k,0.2261,2
64,n<=32,sr<=70%,kvB<=4k,kp=0,0.5007,2
64,n<=32,sr>70%,kvB<=16k,kp<=1k,0.3998,4
64,n<=32,sr>70%,kvB<=16k,kp<=2k,0.3518,4
64,n<=32,sr>70%,kvB<=16k,kp<=4k,0.3161,4
64,n<=32,sr>70%,kvB<=16k,kp<=512,0.378,4
64,n<=32,sr>70%,kvB<=16k,kp<=8k,0.2683,4
64,n<=32,sr>70%,kvB<=16k,kp=0,0.4548,4
64,n<=32,sr>70%,kvB<=1k,kp<=1k,0.5349,4
64,n<=32,sr>70%,kvB<=1k,kp<=2k,0.3693,4
64,n<=32,sr>70%,kvB<=1k,kp<=4k,0.4691,4
64,n<=32,sr>70%,kvB<=1k,kp<=512,0.5379,4
64,n<=32,sr>70%,kvB<=1k,kp<=8k,0.5165,4
64,n<=32,sr>70%,kvB<=1k,kp=0,1.076,4
64,n<=32,sr>70%,kvB<=4k,kp<=1k,0.477,4
64,n<=32,sr>70%,kvB<=4k,kp<=2k,0.484,4
64,n<=32,sr>70%,kvB<=4k,kp<=4k,0.5439,4
64,n<=32,sr>70%,kvB<=4k,kp<=512,0.9275,4
64,n<=32,sr>70%,kvB<=4k,kp<=8k,0.4122,4
64,n<=32,sr>70%,kvB<=4k,kp=0,1.3288,4
64,n<=4,sr<=40%,kvB<=16k,kp<=1k,0.2985,2
64,n<=4,sr<=40%,kvB<=16k,kp<=2k,0.2129,2
64,n<=4,sr<=40%,kvB<=16k,kp<=4k,0.2797,2
64,n<=4,sr<=40%,kvB<=16k,kp<=512,0.4068,2
64,n<=4,sr<=40%,kvB<=16k,kp<=8k,0.2136,2
64,n<=4,sr<=40%,kvB<=16k,kp=0,0.5121,2
64,n<=4,sr<=40%,kvB<=1k,kp<=1k,0.1645,2
64,n<=4,sr<=40%,kvB<=1k,kp<=2k,0.3206,2
64,n<=4,sr<=40%,kvB<=1k,kp<=4k,0.2895,2
64,n<=4,sr<=40%,kvB<=1k,kp<=512,0.2802,2
64,n<=4,sr<=40%,kvB<=1k,kp<=8k,0.2867,2
64,n<=4,sr<=40%,kvB<=1k,kp=0,0.2866,2
64,n<=4,sr<=40%,kvB<=4k,kp<=1k,0.2901,2
64,n<=4,sr<=40%,kvB<=4k,kp<=2k,0.2077,2
64,n<=4,sr<=40%,kvB<=4k,kp<=4k,0.083,2
64,n<=4,sr<=40%,kvB<=4k,kp<=512,0.2159,2
64,n<=4,sr<=40%,kvB<=4k,kp<=8k,0.1599,2
64,n<=4,sr<=40%,kvB<=4k,kp=0,0.4013,2
64,n<=4,sr<=70%,kvB<=16k,kp<=1k,0.6163,2
64,n<=4,sr<=70%,kvB<=16k,kp<=2k,0.3476,2
64,n<=4,sr<=70%,kvB<=16k,kp<=4k,0.1907,2
64,n<=4,sr<=70%,kvB<=16k,kp<=512,0.8067,2
64,n<=4,sr<=70%,kvB<=16k,kp<=8k,0.1163,2
64,n<=4,sr<=70%,kvB<=16k,kp=0,0.9527,2
64,n<=4,sr<=70%,kvB<=1k,kp<=1k,0.0936,2
64,n<=4,sr<=70%,kvB<=1k,kp<=2k,0.5268,2
64,n<=4,sr<=70%,kvB<=1k,kp<=4k,0.487,2
64,n<=4,sr<=70%,kvB<=1k,kp<=512,0.2753,2
64,n<=4,sr<=70%,kvB<=1k,kp<=8k,0.4414,2
64,n<=4,sr<=70%,kvB<=1k,kp=0,0.1409,2
64,n<=4,sr<=70%,kvB<=4k,kp<=1k,0.1241,2
64,n<=4,sr<=70%,kvB<=4k,kp<=2k,0.1601,2
64,n<=4,sr<=70%,kvB<=4k,kp<=4k,0.0717,2
64,n<=4,sr<=70%,kvB<=4k,kp<=512,0.1838,2
64,n<=4,sr<=70%,kvB<=4k,kp<=8k,0.3662,2
64,n<=4,sr<=70%,kvB<=4k,kp=0,0.6809,2
64,n<=4,sr>70%,kvB<=16k,kp<=1k,0.5155,2
64,n<=4,sr>70%,kvB<=16k,kp<=2k,0.1526,2
64,n<=4,sr>70%,kvB<=16k,kp<=4k,-0.1142,2
64,n<=4,sr>70%,kvB<=16k,kp<=512,0.7188,2
64,n<=4,sr>70%,kvB<=16k,kp<=8k,0.2077,2
64,n<=4,sr>70%,kvB<=16k,kp=0,0.9489,2
64,n<=4,sr>70%,kvB<=1k,kp<=1k,0.6405,2
64,n<=4,sr>70%,kvB<=1k,kp<=2k,0.6338,2
64,n<=4,sr>70%,kvB<=1k,kp<=4k,0.7272,2
64,n<=4,sr>70%,kvB<=1k,kp<=512,0.3832,2
64,n<=4,sr>70%,kvB<=1k,kp<=8k,0.7622,2
64,n<=4,sr>70%,kvB<=1k,kp=0,-0.0085,2
64,n<=4,sr>70%,kvB<=4k,kp<=1k,-0.104,2
64,n<=4,sr>70%,kvB<=4k,kp<=2k,0.2602,2
64,n<=4,sr>70%,kvB<=4k,kp<=4k,0.5494,2
64,n<=4,sr>70%,kvB<=4k,kp<=512,-0.0235,2
64,n<=4,sr>70%,kvB<=4k,kp<=8k,0.7437,2
64,n<=4,sr>70%,kvB<=4k,kp=0,0.6463,2
64,n<=64,sr<=15%,kvB<=16k,kp<=1k,0.0099,4
64,n<=64,sr<=15%,kvB<=16k,kp<=2k,0.0084,4
64,n<=64,sr<=15%,kvB<=16k,kp<=4k,0.0081,4
64,n<=64,sr<=15%,kvB<=16k,kp<=512,0.0096,4
64,n<=64,sr<=15%,kvB<=16k,kp<=8k,0.0066,4
64,n<=64,sr<=15%,kvB<=16k,kp=0,0.0094,4
64,n<=64,sr<=15%,kvB<=1k,kp<=1k,0.0298,4
64,n<=64,sr<=15%,kvB<=1k,kp<=2k,0.029,4
64,n<=64,sr<=15%,kvB<=1k,kp<=4k,0.034,4
64,n<=64,sr<=15%,kvB<=1k,kp<=512,0.041,4
64,n<=64,sr<=15%,kvB<=1k,kp<=8k,0.0379,4
64,n<=64,sr<=15%,kvB<=1k,kp=0,0.0475,4
64,n<=64,sr<=15%,kvB<=4k,kp<=1k,0.0103,4
64,n<=64,sr<=15%,kvB<=4k,kp<=2k,0.0077,4
64,n<=64,sr<=15%,kvB<=4k,kp<=4k,0.0004,4
64,n<=64,sr<=15%,kvB<=4k,kp<=512,0.0103,4
64,n<=64,sr<=15%,kvB<=4k,kp<=8k,-0.0001,4
64,n<=64,sr<=15%,kvB<=4k,kp=0,0.0093,4
64,n<=64,sr<=40%,kvB<=16k,kp<=1k,0.0031,2
64,n<=64,sr<=40%,kvB<=16k,kp<=2k,0.0047,2
64,n<=64,sr<=40%,kvB<=16k,kp<=4k,0.0041,2
64,n<=64,sr<=40%,kvB<=16k,kp<=512,0.0037,2
64,n<=64,sr<=40%,kvB<=16k,kp<=8k,0.0028,2
64,n<=64,sr<=40%,kvB<=16k,kp=0,0.0028,2
64,n<=64,sr<=40%,kvB<=1k,kp<=1k,0.0403,2
64,n<=64,sr<=40%,kvB<=1k,kp<=2k,0.0348,2
64,n<=64,sr<=40%,kvB<=1k,kp<=4k,0.021,2
64,n<=64,sr<=40%,kvB<=1k,kp<=512,0.0451,2
64,n<=64,sr<=40%,kvB<=1k,kp<=8k,0.0303,2
64,n<=64,sr<=40%,kvB<=1k,kp=0,0.0466,2
64,n<=64,sr<=40%,kvB<=4k,kp<=1k,0.0014,2
64,n<=64,sr<=40%,kvB<=4k,kp<=2k,-0.0012,2
64,n<=64,sr<=40%,kvB<=4k,kp<=4k,-0.0024,2
64,n<=64,sr<=40%,kvB<=4k,kp<=512,0.0023,2
64,n<=64,sr<=40%,kvB<=4k,kp<=8k,-0.0046,2
64,n<=64,sr<=40%,kvB<=4k,kp=0,0.0008,2
64,n<=64,sr<=5%,kvB<=16k,kp<=1k,0.0114,6
64,n<=64,sr<=5%,kvB<=16k,kp<=2k,0.0112,6
64,n<=64,sr<=5%,kvB<=16k,kp<=4k,0.0101,6
64,n<=64,sr<=5%,kvB<=16k,kp<=512,0.0105,6
64,n<=64,sr<=5%,kvB<=16k,kp<=8k,0.0083,6
64,n<=64,sr<=5%,kvB<=16k,kp=0,0.01,6
64,n<=64,sr<=5%,kvB<=1k,kp<=1k,0.0183,6
64,n<=64,sr<=5%,kvB<=1k,kp<=2k,0.0095,6
64,n<=64,sr<=5%,kvB<=1k,kp<=4k,0.0151,6
64,n<=64,sr<=5%,kvB<=1k,kp<=512,0.0265,6
64,n<=64,sr<=5%,kvB<=1k,kp<=8k,0.0138,6
64,n<=64,sr<=5%,kvB<=1k,kp=0,0.0157,6
64,n<=64,sr<=5%,kvB<=4k,kp<=1k,0.0126,6
64,n<=64,sr<=5%,kvB<=4k,kp<=2k,0.0095,6
64,n<=64,sr<=5%,kvB<=4k,kp<=4k,0.0009,6
64,n<=64,sr<=5%,kvB<=4k,kp<=512,0.0124,6
64,n<=64,sr<=5%,kvB<=4k,kp<=8k,0.0011,6
64,n<=64,sr<=5%,kvB<=4k,kp=0,0.0118,6
64,n<=64,sr<=70%,kvB<=16k,kp<=1k,-0.0023,2
64,n<=64,sr<=70%,kvB<=16k,kp<=2k,-0.0014,2
64,n<=64,sr<=70%,kvB<=16k,kp<=4k,0.0011,2
64,n<=64,sr<=70%,kvB<=16k,kp<=512,-0.0023,2
64,n<=64,sr<=70%,kvB<=16k,kp<=8k,0.0044,2
64,n<=64,sr<=70%,kvB<=16k,kp=0,-0.0024,2
64,n<=64,sr<=70%,kvB<=1k,kp<=1k,0.0016,2
64,n<=64,sr<=70%,kvB<=1k,kp<=2k,0.0092,2
64,n<=64,sr<=70%,kvB<=1k,kp<=4k,-0.0128,2
64,n<=64,sr<=70%,kvB<=1k,kp<=512,0.0024,2
64,n<=64,sr<=70%,kvB<=1k,kp<=8k,0.0127,2
64,n<=64,sr<=70%,kvB<=1k,kp=0,0.0113,2
64,n<=64,sr<=70%,kvB<=4k,kp<=1k,-0.0002,2
64,n<=64,sr<=70%,kvB<=4k,kp<=2k,0.0009,2
64,n<=64,sr<=70%,kvB<=4k,kp<=4k,-0.0004,2
64,n<=64,sr<=70%,kvB<=4k,kp<=512,-0.0013,2
64,n<=64,sr<=70%,kvB<=4k,kp<=8k,-0.001,2
64,n<=64,sr<=70%,kvB<=4k,kp=0,-0.0035,2
64,n<=64,sr>70%,kvB<=16k,kp<=1k,-0.0079,4
64,n<=64,sr>70%,kvB<=16k,kp<=2k,-0.0066,4
64,n<=64,sr>70%,kvB<=16k,kp<=4k,0.0017,4
64,n<=64,sr>70%,kvB<=16k,kp<=512,-0.011,4
64,n<=64,sr>70%,kvB<=16k,kp<=8k,0.0074,4
64,n<=64,sr>70%,kvB<=16k,kp=0,-0.0097,4
64,n<=64,sr>70%,kvB<=1k,kp<=1k,0.0242,4
64,n<=64,sr>70%,kvB<=1k,kp<=2k,0.068,4
64,n<=64,sr>70%,kvB<=1k,kp<=4k,0.0878,4
64,n<=64,sr>70%,kvB<=1k,kp<=512,0.0594,4
64,n<=64,sr>70%,kvB<=1k,kp<=8k,0.0636,4
64,n<=64,sr>70%,kvB<=1k,kp=0,0.0382,4
64,n<=64,sr>70%,kvB<=4k,kp<=1k,0.0006,4
64,n<=64,sr>70%,kvB<=4k,kp<=2k,-0.003,4
64,n<=64,sr>70%,kvB<=4k,kp<=4k,-0.0142,4
64,n<=64,sr>70%,kvB<=4k,kp<=512,-0.0141,4
64,n<=64,sr>70%,kvB<=4k,kp<=8k,0.0014,4
64,n<=64,sr>70%,kvB<=4k,kp=0,-0.0063,4
64,n<=8,sr<=15%,kvB<=16k,kp<=1k,0.1781,2
64,n<=8,sr<=15%,kvB<=16k,kp<=2k,0.1658,2
64,n<=8,sr<=15%,kvB<=16k,kp<=4k,0.1534,2
64,n<=8,sr<=15%,kvB<=16k,kp<=512,0.2003,2
64,n<=8,sr<=15%,kvB<=16k,kp<=8k,0.0906,2
64,n<=8,sr<=15%,kvB<=16k,kp=0,0.2221,2
64,n<=8,sr<=15%,kvB<=1k,kp<=1k,0.0364,2
64,n<=8,sr<=15%,kvB<=1k,kp<=2k,0.1269,2
64,n<=8,sr<=15%,kvB<=1k,kp<=4k,0.099,2
64,n<=8,sr<=15%,kvB<=1k,kp<=512,0.1875,2
64,n<=8,sr<=15%,kvB<=1k,kp<=8k,0.0963,2
64,n<=8,sr<=15%,kvB<=1k,kp=0,0.2168,2
64,n<=8,sr<=15%,kvB<=4k,kp<=1k,0.1867,2
64,n<=8,sr<=15%,kvB<=4k,kp<=2k,0.0976,2
64,n<=8,sr<=15%,kvB<=4k,kp<=4k,-0.0478,2
64,n<=8,sr<=15%,kvB<=4k,kp<=512,0.1757,2
64,n<=8,sr<=15%,kvB<=4k,kp<=8k,0.0129,2
64,n<=8,sr<=15%,kvB<=4k,kp=0,0.2158,2
64,n<=8,sr<=40%,kvB<=16k,kp<=1k,0.2569,4
64,n<=8,sr<=40%,kvB<=16k,kp<=2k,0.1981,4
64,n<=8,sr<=40%,kvB<=16k,kp<=4k,0.1094,4
64,n<=8,sr<=40%,kvB<=16k,kp<=512,0.2946,4
64,n<=8,sr<=40%,kvB<=16k,kp<=8k,0.1457,4
64,n<=8,sr<=40%,kvB<=16k,kp=0,0.3235,4
64,n<=8,sr<=40%,kvB<=1k,kp<=1k,0.0612,4
64,n<=8,sr<=40%,kvB<=1k,kp<=2k,0.0477,4
64,n<=8,sr<=40%,kvB<=1k,kp<=4k,0.1023,4
64,n<=8,sr<=40%,kvB<=1k,kp<=512,0.1882,4
64,n<=8,sr<=40%,kvB<=1k,kp<=8k,0.1061,4
64,n<=8,sr<=40%,kvB<=1k,kp=0,0.2113,4
64,n<=8,sr<=40%,kvB<=4k,kp<=1k,0.1195,4
64,n<=8,sr<=40%,kvB<=4k,kp<=2k,0.1371,4
64,n<=8,sr<=40%,kvB<=4k,kp<=4k,-0.0025,4
64,n<=8,sr<=40%,kvB<=4k,kp<=512,0.1298,4
64,n<=8,sr<=40%,kvB<=4k,kp<=8k,-0.0165,4
64,n<=8,sr<=40%,kvB<=4k,kp=0,0.2592,4
64,n<=8,sr<=70%,kvB<=16k,kp<=1k,0.3748,2
64,n<=8,sr<=70%,kvB<=16k,kp<=2k,0.2822,2
64,n<=8,sr<=70%,kvB<=16k,kp<=4k,0.1762,2
64,n<=8,sr<=70%,kvB<=16k,kp<=512,0.3211,2
64,n<=8,sr<=70%,kvB<=16k,kp<=8k,0.1397,2
64,n<=8,sr<=70%,kvB<=16k,kp=0,0.3354,2
64,n<=8,sr<=70%,kvB<=1k,kp<=1k,0.0261,2
64,n<=8,sr<=70%,kvB<=1k,kp<=2k,-0.0527,2
64,n<=8,sr<=70%,kvB<=1k,kp<=4k,0.1117,2
64,n<=8,sr<=70%,kvB<=1k,kp<=512,0.1518,2
64,n<=8,sr<=70%,kvB<=1k,kp<=8k,0.0954,2
64,n<=8,sr<=70%,kvB<=1k,kp=0,0.1763,2
64,n<=8,sr<=70%,kvB<=4k,kp<=1k,0.1067,2
64,n<=8,sr<=70%,kvB<=4k,kp<=2k,0.119,2
64,n<=8,sr<=70%,kvB<=4k,kp<=4k,0.0047,2
64,n<=8,sr<=70%,kvB<=4k,kp<=512,0.1724,2
64,n<=8,sr<=70%,kvB<=4k,kp<=8k,-0.1357,2
64,n<=8,sr<=70%,kvB<=4k,kp=0,0.3181,2
64,n<=8,sr>70%,kvB<=16k,kp<=1k,0.829,4
64,n<=8,sr>70%,kvB<=16k,kp<=2k,0.5929,4
64,n<=8,sr>70%,kvB<=16k,kp<=4k,0.2426,4
64,n<=8,sr>70%,kvB<=16k,kp<=512,1.0214,4
64,n<=8,sr>70%,kvB<=16k,kp<=8k,0.2315,4
64,n<=8,sr>70%,kvB<=16k,kp=0,1.1227,4
64,n<=8,sr>70%,kvB<=1k,kp<=1k,0.245,4
64,n<=8,sr>70%,kvB<=1k,kp<=2k,0.2233,4
64,n<=8,sr>70%,kvB<=1k,kp<=4k,0.0685,4
64,n<=8,sr>70%,kvB<=1k,kp<=512,0.1767,4
64,n<=8,sr>70%,kvB<=1k,kp<=8k,0.3656,4
64,n<=8,sr>70%,kvB<=1k,kp=0,0.3841,4
64,n<=8,sr>70%,kvB<=4k,kp<=1k,0.0311,4
64,n<=8,sr>70%,kvB<=4k,kp<=2k,-0.0108,4
64,n<=8,sr>70%,kvB<=4k,kp<=4k,0.1773,4
64,n<=8,sr>70%,kvB<=4k,kp<=512,0.3444,4
64,n<=8,sr>70%,kvB<=4k,kp<=8k,0.0401,4
64,n<=8,sr>70%,kvB<=4k,kp=0,0.7666,4
128,n<=128,sr<=15%,kvB<=16k,kp<=1k,0.0004,4
128,n<=128,sr<=15%,kvB<=16k,kp<=2k,0.0007,4
128,n<=128,sr<=15%,kvB<=16k,kp<=4k,0.0011,4
128,n<=128,sr<=15%,kvB<=16k,kp<=512,0.0001,4
128,n<=128,sr<=15%,kvB<=16k,kp<=8k,0.0005,4
128,n<=128,sr<=15%,kvB<=16k,kp=0,0.0007,4
128,n<=128,sr<=15%,kvB<=1k,kp<=1k,0.0404,4
128,n<=128,sr<=15%,kvB<=1k,kp<=2k,0.0405,4
128,n<=128,sr<=15%,kvB<=1k,kp<=4k,0.0482,4
128,n<=128,sr<=15%,kvB<=1k,kp<=512,0.045,4
128,n<=128,sr<=15%,kvB<=1k,kp<=8k,0.0541,4
128,n<=128,sr<=15%,kvB<=1k,kp=0,0.0455,4
128,n<=128,sr<=15%,kvB<=4k,kp<=1k,0.001,4
128,n<=128,sr<=15%,kvB<=4k,kp<=2k,0.0012,4
128,n<=128,sr<=15%,kvB<=4k,kp<=4k,0.0006,4
128,n<=128,sr<=15%,kvB<=4k,kp<=512,0.0012,4
128,n<=128,sr<=15%,kvB<=4k,kp<=8k,0.0007,4
128,n<=128,sr<=15%,kvB<=4k,kp=0,0.0007,4
128,n<=128,sr<=40%,kvB<=16k,kp<=1k,-0.0019,2
128,n<=128,sr<=40%,kvB<=16k,kp<=2k,-0.001,2
128,n<=128,sr<=40%,kvB<=16k,kp<=4k,-0.0006,2
128,n<=128,sr<=40%,kvB<=16k,kp<=512,-0.0019,2
128,n<=128,sr<=40%,kvB<=16k,kp<=8k,-0.0018,2
128,n<=128,sr<=40%,kvB<=16k,kp=0,-0.0023,2
128,n<=128,sr<=40%,kvB<=1k,kp<=1k,0.0751,2
128,n<=128,sr<=40%,kvB<=1k,kp<=2k,0.0878,2
128,n<=128,sr<=40%,kvB<=1k,kp<=4k,0.0919,2
128,n<=128,sr<=40%,kvB<=1k,kp<=512,0.0763,2
128,n<=128,sr<=40%,kvB<=1k,kp<=8k,0.1044,2
128,n<=128,sr<=40%,kvB<=1k,kp=0,0.0777,2
128,n<=128,sr<=40%,kvB<=4k,kp<=1k,-0.001,2
128,n<=128,sr<=40%,kvB<=4k,kp<=2k,-0.0013,2
128,n<=128,sr<=40%,kvB<=4k,kp<=4k,-0.0008,2
128,n<=128,sr<=40%,kvB<=4k,kp<=512,0.0005,2
128,n<=128,sr<=40%,kvB<=4k,kp<=8k,0.0016,2
128,n<=128,sr<=40%,kvB<=4k,kp=0,-0.0017,2
128,n<=128,sr<=5%,kvB<=16k,kp<=1k,0.0021,8
128,n<=128,sr<=5%,kvB<=16k,kp<=2k,0.0024,8
128,n<=128,sr<=5%,kvB<=16k,kp<=4k,0.0025,8
128,n<=128,sr<=5%,kvB<=16k,kp<=512,0.0022,8
128,n<=128,sr<=5%,kvB<=16k,kp<=8k,0.0019,8
128,n<=128,sr<=5%,kvB<=16k,kp=0,0.0021,8
128,n<=128,sr<=5%,kvB<=1k,kp<=1k,0.0151,8
128,n<=128,sr<=5%,kvB<=1k,kp<=2k,0.0113,8
128,n<=128,sr<=5%,kvB<=1k,kp<=4k,0.0134,8
128,n<=128,sr<=5%,kvB<=1k,kp<=512,0.0135,8
128,n<=128,sr<=5%,kvB<=1k,kp<=8k,0.0112,8
128,n<=128,sr<=5%,kvB<=1k,kp=0,0.0155,8
128,n<=128,sr<=5%,kvB<=4k,kp<=1k,0.0028,8
128,n<=128,sr<=5%,kvB<=4k,kp<=2k,0.0029,8
128,n<=128,sr<=5%,kvB<=4k,kp<=4k,0.0021,8
128,n<=128,sr<=5%,kvB<=4k,kp<=512,0.0033,8
128,n<=128,sr<=5%,kvB<=4k,kp<=8k,0.0004,8
128,n<=128,sr<=5%,kvB<=4k,kp=0,0.0027,8
128,n<=128,sr<=70%,kvB<=16k,kp<=1k,-0.0051,2
128,n<=128,sr<=70%,kvB<=16k,kp<=2k,-0.0042,2
128,n<=128,sr<=70%,kvB<=16k,kp<=4k,-0.0045,2
128,n<=128,sr<=70%,kvB<=16k,kp<=512,-0.0045,2
128,n<=128,sr<=70%,kvB<=16k,kp<=8k,-0.0026,2
128,n<=128,sr<=70%,kvB<=16k,kp=0,-0.0046,2
128,n<=128,sr<=70%,kvB<=1k,kp<=1k,0.0958,2
128,n<=128,sr<=70%,kvB<=1k,kp<=2k,0.107,2
128,n<=128,sr<=70%,kvB<=1k,kp<=4k,0.1099,2
128,n<=128,sr<=70%,kvB<=1k,kp<=512,0.1088,2
128,n<=128,sr<=70%,kvB<=1k,kp<=8k,0.1113,2
128,n<=128,sr<=70%,kvB<=1k,kp=0,0.1169,2
128,n<=128,sr<=70%,kvB<=4k,kp<=1k,-0.0045,2
128,n<=128,sr<=70%,kvB<=4k,kp<=2k,-0.0033,2
128,n<=128,sr<=70%,kvB<=4k,kp<=4k,0.0034,2
128,n<=128,sr<=70%,kvB<=4k,kp<=512,-0.0038,2
128,n<=128,sr<=70%,kvB<=4k,kp<=8k,0.0011,2
128,n<=128,sr<=70%,kvB<=4k,kp=0,-0.0043,2
128,n<=128,sr>70%,kvB<=16k,kp<=1k,-0.0074,4
128,n<=128,sr>70%,kvB<=16k,kp<=2k,-0.0062,4
128,n<=128,sr>70%,kvB<=16k,kp<=4k,-0.0085,4
128,n<=128,sr>70%,kvB<=16k,kp<=512,-0.0046,4
128,n<=128,sr>70%,kvB<=16k,kp<=8k,-0.0091,4
128,n<=128,sr>70%,kvB<=16k,kp=0,-0.0071,4
128,n<=128,sr>70%,kvB<=1k,kp<=1k,0.0844,4
128,n<=128,sr>70%,kvB<=1k,kp<=2k,0.1035,4
128,n<=128,sr>70%,kvB<=1k,kp<=4k,0.157,4
128,n<=128,sr>70%,kvB<=1k,kp<=512,0.0963,4
128,n<=128,sr>70%,kvB<=1k,kp<=8k,0.2116,4
128,n<=128,sr>70%,kvB<=1k,kp=0,0.0727,4
128,n<=128,sr>70%,kvB<=4k,kp<=1k,-0.0089,4
128,n<=128,sr>70%,kvB<=4k,kp<=2k,-0.0068,4
128,n<=128,sr>70%,kvB<=4k,kp<=4k,-0.01,4
128,n<=128,sr>70%,kvB<=4k,kp<=512,-0.0054,4
128,n<=128,sr>70%,kvB<=4k,kp<=8k,-0.0032,4
128,n<=128,sr>70%,kvB<=4k,kp=0,-0.0109,4
128,n<=16,sr<=15%,kvB<=16k,kp<=1k,0.0964,4
128,n<=16,sr<=15%,kvB<=16k,kp<=2k,0.0795,4
128,n<=16,sr<=15%,kvB<=16k,kp<=4k,0.0242,4
128,n<=16,sr<=15%,kvB<=16k,kp<=512,0.1497,4
128,n<=16,sr<=15%,kvB<=16k,kp<=8k,-0.0051,4
128,n<=16,sr<=15%,kvB<=16k,kp=0,0.1304,4
128,n<=16,sr<=15%,kvB<=1k,kp<=1k,0.0698,4
128,n<=16,sr<=15%,kvB<=1k,kp<=2k,0.0679,4
128,n<=16,sr<=15%,kvB<=1k,kp<=4k,0.0728,4
128,n<=16,sr<=15%,kvB<=1k,kp<=512,0.1203,4
128,n<=16,sr<=15%,kvB<=1k,kp<=8k,0.0086,4
128,n<=16,sr<=15%,kvB<=1k,kp=0,0.1528,4
128,n<=16,sr<=15%,kvB<=4k,kp<=1k,0.1005,4
128,n<=16,sr<=15%,kvB<=4k,kp<=2k,0.0566,4
128,n<=16,sr<=15%,kvB<=4k,kp<=4k,0.0338,4
128,n<=16,sr<=15%,kvB<=4k,kp<=512,0.1086,4
128,n<=16,sr<=15%,kvB<=4k,kp<=8k,0.0318,4
128,n<=16,sr<=15%,kvB<=4k,kp=0,0.1392,4
128,n<=16,sr<=40%,kvB<=16k,kp<=1k,0.1422,4
128,n<=16,sr<=40%,kvB<=16k,kp<=2k,0.0792,4
128,n<=16,sr<=40%,kvB<=16k,kp<=4k,0.0071,4
128,n<=16,sr<=40%,kvB<=16k,kp<=512,0.1857,4
128,n<=16,sr<=40%,kvB<=16k,kp<=8k,0.007,4
128,n<=16,sr<=40%,kvB<=16k,kp=0,0.1901,4
128,n<=16,sr<=40%,kvB<=1k,kp<=1k,0.0816,4
128,n<=16,sr<=40%,kvB<=1k,kp<=2k,0.063,4
128,n<=16,sr<=40%,kvB<=1k,kp<=4k,0.0534,4
128,n<=16,sr<=40%,kvB<=1k,kp<=512,0.1268,4
128,n<=16,sr<=40%,kvB<=1k,kp<=8k,0.0786,4
128,n<=16,sr<=40%,kvB<=1k,kp=0,0.1564,4
128,n<=16,sr<=40%,kvB<=4k,kp<=1k,0.1044,4
128,n<=16,sr<=40%,kvB<=4k,kp<=2k,0.0857,4
128,n<=16,sr<=40%,kvB<=4k,kp<=4k,0.0475,4
128,n<=16,sr<=40%,kvB<=4k,kp<=512,0.1196,4
128,n<=16,sr<=40%,kvB<=4k,kp<=8k,0.0554,4
128,n<=16,sr<=40%,kvB<=4k,kp=0,0.1694,4
128,n<=16,sr<=70%,kvB<=16k,kp<=1k,0.3107,2
128,n<=16,sr<=70%,kvB<=16k,kp<=2k,0.2062,2
128,n<=16,sr<=70%,kvB<=16k,kp<=4k,0.1741,2
128,n<=16,sr<=70%,kvB<=16k,kp<=512,0.4473,2
128,n<=16,sr<=70%,kvB<=16k,kp<=8k,0.2067,2
128,n<=16,sr<=70%,kvB<=16k,kp=0,0.5793,2
128,n<=16,sr<=70%,kvB<=1k,kp<=1k,0.0635,2
128,n<=16,sr<=70%,kvB<=1k,kp<=2k,0.0215,2
128,n<=16,sr<=70%,kvB<=1k,kp<=4k,0.1026,2
128,n<=16,sr<=70%,kvB<=1k,kp<=512,0.1314,2
128,n<=16,sr<=70%,kvB<=1k,kp<=8k,-0.0346,2
128,n<=16,sr<=70%,kvB<=1k,kp=0,0.1157,2
128,n<=16,sr<=70%,kvB<=4k,kp<=1k,0.2297,2
128,n<=16,sr<=70%,kvB<=4k,kp<=2k,0.313,2
128,n<=16,sr<=70%,kvB<=4k,kp<=4k,0.2283,2
128,n<=16,sr<=70%,kvB<=4k,kp<=512,0.3426,2
128,n<=16,sr<=70%,kvB<=4k,kp<=8k,0.2562,2
128,n<=16,sr<=70%,kvB<=4k,kp=0,0.4627,2
128,n<=16,sr>70%,kvB<=16k,kp<=1k,0.6701,4
128,n<=16,sr>70%,kvB<=16k,kp<=2k,0.4883,4
128,n<=16,sr>70%,kvB<=16k,kp<=4k,0.2361,4
128,n<=16,sr>70%,kvB<=16k,kp<=512,1.1132,4
128,n<=16,sr>70%,kvB<=16k,kp<=8k,0.277,3
128,n<=16,sr>70%,kvB<=16k,kp=0,1.3386,4
128,n<=16,sr>70%,kvB<=1k,kp<=1k,0.3156,4
128,n<=16,sr>70%,kvB<=1k,kp<=2k,0.2381,4
128,n<=16,sr>70%,kvB<=1k,kp<=4k,0.1634,4
128,n<=16,sr>70%,kvB<=1k,kp<=512,0.3276,4
128,n<=16,sr>70%,kvB<=1k,kp<=8k,0.2477,4
128,n<=16,sr>70%,kvB<=1k,kp=0,0.3127,4
128,n<=16,sr>70%,kvB<=4k,kp<=1k,0.4783,4
128,n<=16,sr>70%,kvB<=4k,kp<=2k,0.5605,4
128,n<=16,sr>70%,kvB<=4k,kp<=4k,1.5758,3
128,n<=16,sr>70%,kvB<=4k,kp<=512,0.9961,4
128,n<=16,sr>70%,kvB<=4k,kp<=8k,0.3982,3
128,n<=16,sr>70%,kvB<=4k,kp=0,1.488,4
128,n<=2,sr<=70%,kvB<=16k,kp<=1k,0.2514,2
128,n<=2,sr<=70%,kvB<=16k,kp<=2k,0.1107,2
128,n<=2,sr<=70%,kvB<=16k,kp<=4k,0.3956,2
128,n<=2,sr<=70%,kvB<=16k,kp<=512,0.728,2
128,n<=2,sr<=70%,kvB<=16k,kp<=8k,0.6847,2
128,n<=2,sr<=70%,kvB<=16k,kp=0,0.9686,2
128,n<=2,sr<=70%,kvB<=1k,kp<=1k,0.1944,2
128,n<=2,sr<=70%,kvB<=1k,kp<=2k,-0.2599,2
128,n<=2,sr<=70%,kvB<=1k,kp<=4k,0.294,2
128,n<=2,sr<=70%,kvB<=1k,kp<=512,0.8586,2
128,n<=2,sr<=70%,kvB<=1k,kp<=8k,0.2956,2
128,n<=2,sr<=70%,kvB<=1k,kp=0,0.2272,2
128,n<=2,sr<=70%,kvB<=4k,kp<=1k,0.4714,2
128,n<=2,sr<=70%,kvB<=4k,kp<=2k,0.7164,2
128,n<=2,sr<=70%,kvB<=4k,kp<=4k,0.5735,1
128,n<=2,sr<=70%,kvB<=4k,kp<=512,0.1653,2
128,n<=2,sr<=70%,kvB<=4k,kp<=8k,0.8392,2
128,n<=2,sr<=70%,kvB<=4k,kp=0,0.6104,2
128,n<=32,sr<=15%,kvB<=16k,kp<=1k,0.0528,6
128,n<=32,sr<=15%,kvB<=16k,kp<=2k,0.0393,6
128,n<=32,sr<=15%,kvB<=16k,kp<=4k,0.0295,6
128,n<=32,sr<=15%,kvB<=16k,kp<=512,0.0789,6
128,n<=32,sr<=15%,kvB<=16k,kp<=8k,0.0256,6
128,n<=32,sr<=15%,kvB<=16k,kp=0,0.087,6
128,n<=32,sr<=15%,kvB<=1k,kp<=1k,0.0566,6
128,n<=32,sr<=15%,kvB<=1k,kp<=2k,0.0609,6
128,n<=32,sr<=15%,kvB<=1k,kp<=4k,0.0603,6
128,n<=32,sr<=15%,kvB<=1k,kp<=512,0.0755,6
128,n<=32,sr<=15%,kvB<=1k,kp<=8k,0.0585,6
128,n<=32,sr<=15%,kvB<=1k,kp=0,0.1026,6
128,n<=32,sr<=15%,kvB<=4k,kp<=1k,0.0633,6
128,n<=32,sr<=15%,kvB<=4k,kp<=2k,0.0424,6
128,n<=32,sr<=15%,kvB<=4k,kp<=4k,0.052,6
128,n<=32,sr<=15%,kvB<=4k,kp<=512,0.0517,6
128,n<=32,sr<=15%,kvB<=4k,kp<=8k,0.0251,6
128,n<=32,sr<=15%,kvB<=4k,kp=0,0.1401,6
128,n<=32,sr<=40%,kvB<=16k,kp<=1k,0.0717,2
128,n<=32,sr<=40%,kvB<=16k,kp<=2k,0.0485,2
128,n<=32,sr<=40%,kvB<=16k,kp<=4k,0.0492,2
128,n<=32,sr<=40%,kvB<=16k,kp<=512,0.0981,2
128,n<=32,sr<=40%,kvB<=16k,kp<=8k,0.037,2
128,n<=32,sr<=40%,kvB<=16k,kp=0,0.1062,2
128,n<=32,sr<=40%,kvB<=1k,kp<=1k,0.0763,2
128,n<=32,sr<=40%,kvB<=1k,kp<=2k,0.0798,2
128,n<=32,sr<=40%,kvB<=1k,kp<=4k,0.099,2
128,n<=32,sr<=40%,kvB<=1k,kp<=512,0.0828,2
128,n<=32,sr<=40%,kvB<=1k,kp<=8k,0.085,2
128,n<=32,sr<=40%,kvB<=1k,kp=0,0.1385,2
128,n<=32,sr<=40%,kvB<=4k,kp<=1k,0.0668,2
128,n<=32,sr<=40%,kvB<=4k,kp<=2k,0.1101,2
128,n<=32,sr<=40%,kvB<=4k,kp<=4k,0.0798,2
128,n<=32,sr<=40%,kvB<=4k,kp<=512,0.1107,2
128,n<=32,sr<=40%,kvB<=4k,kp<=8k,0.0298,2
128,n<=32,sr<=40%,kvB<=4k,kp=0,0.2328,2
128,n<=32,sr<=5%,kvB<=16k,kp<=1k,0.0411,2
128,n<=32,sr<=5%,kvB<=16k,kp<=2k,0.0284,2
128,n<=32,sr<=5%,kvB<=16k,kp<=4k,0.0275,2
128,n<=32,sr<=5%,kvB<=16k,kp<=512,0.0575,2
128,n<=32,sr<=5%,kvB<=16k,kp<=8k,0.0183,2
128,n<=32,sr<=5%,kvB<=16k,kp=0,0.0691,2
128,n<=32,sr<=5%,kvB<=1k,kp<=1k,0.0141,2
128,n<=32,sr<=5%,kvB<=1k,kp<=2k,0.0153,2
128,n<=32,sr<=5%,kvB<=1k,kp<=4k,0.016,2
128,n<=32,sr<=5%,kvB<=1k,kp<=512,0.0373,2
128,n<=32,sr<=5%,kvB<=1k,kp<=8k,0.024,2
128,n<=32,sr<=5%,kvB<=1k,kp=0,0.0551,2
128,n<=32,sr<=5%,kvB<=4k,kp<=1k,0.0527,2
128,n<=32,sr<=5%,kvB<=4k,kp<=2k,0.0427,2
128,n<=32,sr<=5%,kvB<=4k,kp<=4k,0.0151,2
128,n<=32,sr<=5%,kvB<=4k,kp<=512,0.0342,2
128,n<=32,sr<=5%,kvB<=4k,kp<=8k,0.02,2
128,n<=32,sr<=5%,kvB<=4k,kp=0,0.1009,2
128,n<=32,sr<=70%,kvB<=16k,kp<=1k,0.1577,2
128,n<=32,sr<=70%,kvB<=16k,kp<=2k,0.1153,2
128,n<=32,sr<=70%,kvB<=16k,kp<=4k,0.0913,2
128,n<=32,sr<=70%,kvB<=16k,kp<=512,0.1736,2
128,n<=32,sr<=70%,kvB<=16k,kp<=8k,0.0824,2
128,n<=32,sr<=70%,kvB<=16k,kp=0,0.1956,2
128,n<=32,sr<=70%,kvB<=1k,kp<=1k,0.1442,2
128,n<=32,sr<=70%,kvB<=1k,kp<=2k,0.1377,2
128,n<=32,sr<=70%,kvB<=1k,kp<=4k,0.1512,2
128,n<=32,sr<=70%,kvB<=1k,kp<=512,0.1473,2
128,n<=32,sr<=70%,kvB<=1k,kp<=8k,0.0231,2
128,n<=32,sr<=70%,kvB<=1k,kp=0,0.2478,2
128,n<=32,sr<=70%,kvB<=4k,kp<=1k,0.1413,2
128,n<=32,sr<=70%,kvB<=4k,kp<=2k,0.1735,2
128,n<=32,sr<=70%,kvB<=4k,kp<=4k,0.1116,2
128,n<=32,sr<=70%,kvB<=4k,kp<=512,0.3025,2
128,n<=32,sr<=70%,kvB<=4k,kp<=8k,0.1507,2
128,n<=32,sr<=70%,kvB<=4k,kp=0,0.5507,2
128,n<=32,sr>70%,kvB<=16k,kp<=1k,0.3316,4
128,n<=32,sr>70%,kvB<=16k,kp<=2k,0.3195,4
128,n<=32,sr>70%,kvB<=16k,kp<=4k,0.2009,4
128,n<=32,sr>70%,kvB<=16k,kp<=512,0.4115,4
128,n<=32,sr>70%,kvB<=16k,kp<=8k,0.133,4
128,n<=32,sr>70%,kvB<=16k,kp=0,0.4518,4
128,n<=32,sr>70%,kvB<=1k,kp<=1k,0.2975,4
128,n<=32,sr>70%,kvB<=1k,kp<=2k,0.4128,4
128,n<=32,sr>70%,kvB<=1k,kp<=4k,0.2988,4
128,n<=32,sr>70%,kvB<=1k,kp<=512,0.3218,4
128,n<=32,sr>70%,kvB<=1k,kp<=8k,0.1297,4
128,n<=32,sr>70%,kvB<=1k,kp=0,1.0636,4
128,n<=32,sr>70%,kvB<=4k,kp<=1k,0.2035,4
128,n<=32,sr>70%,kvB<=4k,kp<=2k,0.2012,4
128,n<=32,sr>70%,kvB<=4k,kp<=4k,0.1584,4
128,n<=32,sr>70%,kvB<=4k,kp<=512,0.7745,4
128,n<=32,sr>70%,kvB<=4k,kp<=8k,0.1444,4
128,n<=32,sr>70%,kvB<=4k,kp=0,1.3021,4
128,n<=4,sr<=40%,kvB<=16k,kp<=1k,0.2883,2
128,n<=4,sr<=40%,kvB<=16k,kp<=2k,0.2596,2
128,n<=4,sr<=40%,kvB<=16k,kp<=4k,0.2805,2
128,n<=4,sr<=40%,kvB<=16k,kp<=512,0.3625,2
128,n<=4,sr<=40%,kvB<=16k,kp<=8k,0.3127,2
128,n<=4,sr<=40%,kvB<=16k,kp=0,0.4943,2
128,n<=4,sr<=40%,kvB<=1k,kp<=1k,0.1976,2
128,n<=4,sr<=40%,kvB<=1k,kp<=2k,-0.0649,2
128,n<=4,sr<=40%,kvB<=1k,kp<=4k,0.2481,2
128,n<=4,sr<=40%,kvB<=1k,kp<=512,0.441,2
128,n<=4,sr<=40%,kvB<=1k,kp<=8k,0.2053,2
128,n<=4,sr<=40%,kvB<=1k,kp=0,0.3771,2
128,n<=4,sr<=40%,kvB<=4k,kp<=1k,0.3107,2
128,n<=4,sr<=40%,kvB<=4k,kp<=2k,0.3492,2
128,n<=4,sr<=40%,kvB<=4k,kp<=4k,-0.1166,2
128,n<=4,sr<=40%,kvB<=4k,kp<=512,0.2742,2
128,n<=4,sr<=40%,kvB<=4k,kp<=8k,-0.0748,2
128,n<=4,sr<=40%,kvB<=4k,kp=0,0.3775,2
128,n<=4,sr<=70%,kvB<=16k,kp<=1k,0.4802,2
128,n<=4,sr<=70%,kvB<=16k,kp<=2k,0.2873,2
128,n<=4,sr<=70%,kvB<=16k,kp<=4k,0.3596,2
128,n<=4,sr<=70%,kvB<=16k,kp<=512,0.6734,2
128,n<=4,sr<=70%,kvB<=16k,kp<=8k,0.3224,2
128,n<=4,sr<=70%,kvB<=16k,kp=0,0.9217,2
128,n<=4,sr<=70%,kvB<=1k,kp<=1k,0.1478,2
128,n<=4,sr<=70%,kvB<=1k,kp<=2k,-0.0688,2
128,n<=4,sr<=70%,kvB<=1k,kp<=4k,-0.0002,2
128,n<=4,sr<=70%,kvB<=1k,kp<=512,0.4931,2
128,n<=4,sr<=70%,kvB<=1k,kp<=8k,0.1067,2
128,n<=4,sr<=70%,kvB<=1k,kp=0,0.2464,2
128,n<=4,sr<=70%,kvB<=4k,kp<=1k,0.3741,2
128,n<=4,sr<=70%,kvB<=4k,kp<=2k,0.4089,2
128,n<=4,sr<=70%,kvB<=4k,kp<=4k,-0.4521,2
128,n<=4,sr<=70%,kvB<=4k,kp<=512,0.1913,2
128,n<=4,sr<=70%,kvB<=4k,kp<=8k,-0.2968,2
128,n<=4,sr<=70%,kvB<=4k,kp=0,0.573,2
128,n<=4,sr>70%,kvB<=16k,kp<=1k,0.4963,2
128,n<=4,sr>70%,kvB<=16k,kp<=2k,0.2325,2
128,n<=4,sr>70%,kvB<=16k,kp<=4k,0.2801,2
128,n<=4,sr>70%,kvB<=16k,kp<=512,0.6206,2
128,n<=4,sr>70%,kvB<=16k,kp<=8k,0.5702,2
128,n<=4,sr>70%,kvB<=16k,kp=0,0.8874,2
128,n<=4,sr>70%,kvB<=1k,kp<=1k,0.1797,2
128,n<=4,sr>70%,kvB<=1k,kp<=2k,0.3081,2
128,n<=4,sr>70%,kvB<=1k,kp<=4k,-0.1119,2
128,n<=4,sr>70%,kvB<=1k,kp<=512,0.8225,2
128,n<=4,sr>70%,kvB<=1k,kp<=8k,-0.068,2
128,n<=4,sr>70%,kvB<=1k,kp=0,0.0974,2
128,n<=4,sr>70%,kvB<=4k,kp<=1k,0.3672,2
128,n<=4,sr>70%,kvB<=4k,kp<=2k,0.6625,2
128,n<=4,sr>70%,kvB<=4k,kp<=4k,0.7085,2
128,n<=4,sr>70%,kvB<=4k,kp<=512,-0.069,2
128,n<=4,sr>70%,kvB<=4k,kp<=8k,0.1513,2
128,n<=4,sr>70%,kvB<=4k,kp=0,0.5892,2
128,n<=64,sr<=15%,kvB<=16k,kp<=1k,0.0091,4
128,n<=64,sr<=15%,kvB<=16k,kp<=2k,0.0081,4
128,n<=64,sr<=15%,kvB<=16k,kp<=4k,0.0104,4
128,n<=64,sr<=15%,kvB<=16k,kp<=512,0.0082,4
128,n<=64,sr<=15%,kvB<=16k,kp<=8k,0.0054,4
128,n<=64,sr<=15%,kvB<=16k,kp=0,0.0087,4
128,n<=64,sr<=15%,kvB<=1k,kp<=1k,0.032,4
128,n<=64,sr<=15%,kvB<=1k,kp<=2k,0.0352,4
128,n<=64,sr<=15%,kvB<=1k,kp<=4k,0.0461,4
128,n<=64,sr<=15%,kvB<=1k,kp<=512,0.0432,4
128,n<=64,sr<=15%,kvB<=1k,kp<=8k,0.0489,4
128,n<=64,sr<=15%,kvB<=1k,kp=0,0.034,4
128,n<=64,sr<=15%,kvB<=4k,kp<=1k,0.011,4
128,n<=64,sr<=15%,kvB<=4k,kp<=2k,0.0079,4
128,n<=64,sr<=15%,kvB<=4k,kp<=4k,0.0004,4
128,n<=64,sr<=15%,kvB<=4k,kp<=512,0.0107,4
128,n<=64,sr<=15%,kvB<=4k,kp<=8k,-0.0002,4
128,n<=64,sr<=15%,kvB<=4k,kp=0,0.0087,4
128,n<=64,sr<=40%,kvB<=16k,kp<=1k,0.0018,2
128,n<=64,sr<=40%,kvB<=16k,kp<=2k,0.0029,2
128,n<=64,sr<=40%,kvB<=16k,kp<=4k,0.0053,2
128,n<=64,sr<=40%,kvB<=16k,kp<=512,0.0026,2
128,n<=64,sr<=40%,kvB<=16k,kp<=8k,0.0044,2
128,n<=64,sr<=40%,kvB<=16k,kp=0,0.0022,2
128,n<=64,sr<=40%,kvB<=1k,kp<=1k,0.0479,2
128,n<=64,sr<=40%,kvB<=1k,kp<=2k,0.0378,2
128,n<=64,sr<=40%,kvB<=1k,kp<=4k,0.0557,2
128,n<=64,sr<=40%,kvB<=1k,kp<=512,0.0486,2
128,n<=64,sr<=40%,kvB<=1k,kp<=8k,0.0631,2
128,n<=64,sr<=40%,kvB<=1k,kp=0,0.0422,2
128,n<=64,sr<=40%,kvB<=4k,kp<=1k,0.0031,2
128,n<=64,sr<=40%,kvB<=4k,kp<=2k,0.0004,2
128,n<=64,sr<=40%,kvB<=4k,kp<=4k,-0.0009,2
128,n<=64,sr<=40%,kvB<=4k,kp<=512,0.0023,2
128,n<=64,sr<=40%,kvB<=4k,kp<=8k,-0.0095,2
128,n<=64,sr<=40%,kvB<=4k,kp=0,0.0013,2
128,n<=64,sr<=5%,kvB<=16k,kp<=1k,0.0109,6
128,n<=64,sr<=5%,kvB<=16k,kp<=2k,0.0118,6
128,n<=64,sr<=5%,kvB<=16k,kp<=4k,0.0109,6
128,n<=64,sr<=5%,kvB<=16k,kp<=512,0.0114,6
128,n<=64,sr<=5%,kvB<=16k,kp<=8k,0.0086,6
128,n<=64,sr<=5%,kvB<=16k,kp=0,0.0101,6
128,n<=64,sr<=5%,kvB<=1k,kp<=1k,0.0115,6
128,n<=64,sr<=5%,kvB<=1k,kp<=2k,0.0131,6
128,n<=64,sr<=5%,kvB<=1k,kp<=4k,0.0113,6
128,n<=64,sr<=5%,kvB<=1k,kp<=512,0.025,6
128,n<=64,sr<=5%,kvB<=1k,kp<=8k,0.0187,6
128,n<=64,sr<=5%,kvB<=1k,kp=0,0.0221,6
128,n<=64,sr<=5%,kvB<=4k,kp<=1k,0.0115,6
128,n<=64,sr<=5%,kvB<=4k,kp<=2k,0.0096,6
128,n<=64,sr<=5%,kvB<=4k,kp<=4k,0.0014,6
128,n<=64,sr<=5%,kvB<=4k,kp<=512,0.0118,6
128,n<=64,sr<=5%,kvB<=4k,kp<=8k,0.0011,6
128,n<=64,sr<=5%,kvB<=4k,kp=0,0.0124,6
128,n<=64,sr<=70%,kvB<=16k,kp<=1k,-0.0024,2
128,n<=64,sr<=70%,kvB<=16k,kp<=2k,-0.0017,2
128,n<=64,sr<=70%,kvB<=16k,kp<=4k,-0.0001,2
128,n<=64,sr<=70%,kvB<=16k,kp<=512,-0.0014,2
128,n<=64,sr<=70%,kvB<=16k,kp<=8k,0.0019,2
128,n<=64,sr<=70%,kvB<=16k,kp=0,-0.0026,2
128,n<=64,sr<=70%,kvB<=1k,kp<=1k,0.0064,2
128,n<=64,sr<=70%,kvB<=1k,kp<=2k,0.0283,2
128,n<=64,sr<=70%,kvB<=1k,kp<=4k,0.0323,2
128,n<=64,sr<=70%,kvB<=1k,kp<=512,0.0128,2
128,n<=64,sr<=70%,kvB<=1k,kp<=8k,0.0829,2
128,n<=64,sr<=70%,kvB<=1k,kp=0,0.0067,2
128,n<=64,sr<=70%,kvB<=4k,kp<=1k,0.0009,2
128,n<=64,sr<=70%,kvB<=4k,kp<=2k,-0.0005,2
128,n<=64,sr<=70%,kvB<=4k,kp<=4k,-0.0028,2
128,n<=64,sr<=70%,kvB<=4k,kp<=512,-0.0018,2
128,n<=64,sr<=70%,kvB<=4k,kp<=8k,-0.0155,2
128,n<=64,sr<=70%,kvB<=4k,kp=0,-0.0023,2
128,n<=64,sr>70%,kvB<=16k,kp<=1k,-0.0115,4
128,n<=64,sr>70%,kvB<=16k,kp<=2k,-0.0017,4
128,n<=64,sr>70%,kvB<=16k,kp<=4k,-0.0009,4
128,n<=64,sr>70%,kvB<=16k,kp<=512,-0.0033,4
128,n<=64,sr>70%,kvB<=16k,kp<=8k,-0.0055,4
128,n<=64,sr>70%,kvB<=16k,kp=0,-0.0086,4
128,n<=64,sr>70%,kvB<=1k,kp<=1k,0.0774,4
128,n<=64,sr>70%,kvB<=1k,kp<=2k,0.1178,4
128,n<=64,sr>70%,kvB<=1k,kp<=4k,0.1933,4
128,n<=64,sr>70%,kvB<=1k,kp<=512,0.1126,4
128,n<=64,sr>70%,kvB<=1k,kp<=8k,0.252,4
128,n<=64,sr>70%,kvB<=1k,kp=0,0.0685,4
128,n<=64,sr>70%,kvB<=4k,kp<=1k,-0.0033,4
128,n<=64,sr>70%,kvB<=4k,kp<=2k,-0.0008,4
128,n<=64,sr>70%,kvB<=4k,kp<=4k,-0.0004,4
128,n<=64,sr>70%,kvB<=4k,kp<=512,-0.0162,4
128,n<=64,sr>70%,kvB<=4k,kp<=8k,0.0051,4
128,n<=64,sr>70%,kvB<=4k,kp=0,-0.0076,4
128,n<=8,sr<=15%,kvB<=16k,kp<=1k,0.1974,2
128,n<=8,sr<=15%,kvB<=16k,kp<=2k,0.1579,2
128,n<=8,sr<=15%,kvB<=16k,kp<=4k,0.1282,2
128,n<=8,sr<=15%,kvB<=16k,kp<=512,0.1965,2
128,n<=8,sr<=15%,kvB<=16k,kp<=8k,0.0869,2
128,n<=8,sr<=15%,kvB<=16k,kp=0,0.2229,2
128,n<=8,sr<=15%,kvB<=1k,kp<=1k,0.1053,2
128,n<=8,sr<=15%,kvB<=1k,kp<=2k,0.0837,2
128,n<=8,sr<=15%,kvB<=1k,kp<=4k,0.1116,2
128,n<=8,sr<=15%,kvB<=1k,kp<=512,0.2075,2
128,n<=8,sr<=15%,kvB<=1k,kp<=8k,0.0817,2
128,n<=8,sr<=15%,kvB<=1k,kp=0,0.2584,2
128,n<=8,sr<=15%,kvB<=4k,kp<=1k,0.1717,2
128,n<=8,sr<=15%,kvB<=4k,kp<=2k,0.1173,2
128,n<=8,sr<=15%,kvB<=4k,kp<=4k,0.0266,2
128,n<=8,sr<=15%,kvB<=4k,kp<=512,0.1875,2
128,n<=8,sr<=15%,kvB<=4k,kp<=8k,0.0479,2
128,n<=8,sr<=15%,kvB<=4k,kp=0,0.2125,2
128,n<=8,sr<=40%,kvB<=16k,kp<=1k,0.2119,4
128,n<=8,sr<=40%,kvB<=16k,kp<=2k,0.1188,4
128,n<=8,sr<=40%,kvB<=16k,kp<=4k,0.1618,4
128,n<=8,sr<=40%,kvB<=16k,kp<=512,0.2837,4
128,n<=8,sr<=40%,kvB<=16k,kp<=8k,0.2058,4
128,n<=8,sr<=40%,kvB<=16k,kp=0,0.3287,4
128,n<=8,sr<=40%,kvB<=1k,kp<=1k,0.1095,4
128,n<=8,sr<=40%,kvB<=1k,kp<=2k,0.0503,4
128,n<=8,sr<=40%,kvB<=1k,kp<=4k,0.0053,4
128,n<=8,sr<=40%,kvB<=1k,kp<=512,0.2356,4
128,n<=8,sr<=40%,kvB<=1k,kp<=8k,0.1914,3
128,n<=8,sr<=40%,kvB<=1k,kp=0,0.2162,4
128,n<=8,sr<=40%,kvB<=4k,kp<=1k,0.1875,4
128,n<=8,sr<=40%,kvB<=4k,kp<=2k,0.2088,4
128,n<=8,sr<=40%,kvB<=4k,kp<=4k,0.0188,4
128,n<=8,sr<=40%,kvB<=4k,kp<=512,0.1585,4
128,n<=8,sr<=40%,kvB<=4k,kp<=8k,-0.0799,4
128,n<=8,sr<=40%,kvB<=4k,kp=0,0.2259,4
128,n<=8,sr<=70%,kvB<=16k,kp<=1k,0.4226,2
128,n<=8,sr<=70%,kvB<=16k,kp<=2k,0.2471,2
128,n<=8,sr<=70%,kvB<=16k,kp<=4k,0.095,2
128,n<=8,sr<=70%,kvB<=16k,kp<=512,0.421,2
128,n<=8,sr<=70%,kvB<=16k,kp<=8k,0.1335,2
128,n<=8,sr<=70%,kvB<=16k,kp=0,0.359,2
128,n<=8,sr<=70%,kvB<=1k,kp<=1k,0.019,2
128,n<=8,sr<=70%,kvB<=1k,kp<=2k,0.0586,2
128,n<=8,sr<=70%,kvB<=1k,kp<=4k,0.0406,2
128,n<=8,sr<=70%,kvB<=1k,kp<=512,0.2612,2
128,n<=8,sr<=70%,kvB<=1k,kp<=8k,-0.2971,2
128,n<=8,sr<=70%,kvB<=1k,kp=0,0.1737,2
128,n<=8,sr<=70%,kvB<=4k,kp<=1k,0.1692,2
128,n<=8,sr<=70%,kvB<=4k,kp<=2k,0.2518,2
128,n<=8,sr<=70%,kvB<=4k,kp<=4k,-0.0308,2
128,n<=8,sr<=70%,kvB<=4k,kp<=512,0.1503,2
128,n<=8,sr<=70%,kvB<=4k,kp<=8k,-0.043,2
128,n<=8,sr<=70%,kvB<=4k,kp=0,0.3012,2
128,n<=8,sr>70%,kvB<=16k,kp<=1k,1.0916,4
128,n<=8,sr>70%,kvB<=16k,kp<=2k,0.6048,4
128,n<=8,sr>70%,kvB<=16k,kp<=4k,0.1289,4
128,n<=8,sr>70%,kvB<=16k,kp<=512,0.9927,4
128,n<=8,sr>70%,kvB<=16k,kp<=8k,0.6336,4
128,n<=8,sr>70%,kvB<=16k,kp=0,1.1113,4
128,n<=8,sr>70%,kvB<=1k,kp<=1k,0.4404,4
128,n<=8,sr>70%,kvB<=1k,kp<=2k,0.2864,4
128,n<=8,sr>70%,kvB<=1k,kp<=4k,-0.1031,4
128,n<=8,sr>70%,kvB<=1k,kp<=512,0.4958,4
128,n<=8,sr>70%,kvB<=1k,kp<=8k,0.0542,4
128,n<=8,sr>70%,kvB<=1k,kp=0,0.2668,4
128,n<=8,sr>70%,kvB<=4k,kp<=1k,0.1506,4
128,n<=8,sr>70%,kvB<=4k,kp<=2k,0.3623,4
128,n<=8,sr>70%,kvB<=4k,kp<=4k,0.4922,4
128,n<=8,sr>70%,kvB<=4k,kp<=512,0.3291,4
128,n<=8,sr>70%,kvB<=4k,kp<=8k,0.0565,4
128,n<=8,sr>70%,kvB<=4k,kp=0,0.7038,4
256,n<=128,sr<=15%,kvB<=16k,kp<=1k,-0.0,4
256,n<=128,sr<=15%,kvB<=16k,kp<=2k,-0.0001,4
256,n<=128,sr<=15%,kvB<=16k,kp<=4k,0.0,4
256,n<=128,sr<=15%,kvB<=16k,kp<=512,0.0001,4
256,n<=128,sr<=15%,kvB<=16k,kp<=8k,0.0002,4
256,n<=128,sr<=15%,kvB<=16k,kp=0,0.0007,4
256,n<=128,sr<=15%,kvB<=1k,kp<=1k,0.0549,4
256,n<=128,sr<=15%,kvB<=1k,kp<=2k,0.0569,4
256,n<=128,sr<=15%,kvB<=1k,kp<=4k,0.0658,4
256,n<=128,sr<=15%,kvB<=1k,kp<=512,0.0527,4
256,n<=128,sr<=15%,kvB<=1k,kp<=8k,0.0792,4
256,n<=128,sr<=15%,kvB<=1k,kp=0,0.0565,4
256,n<=128,sr<=15%,kvB<=4k,kp<=1k,0.0014,4
256,n<=128,sr<=15%,kvB<=4k,kp<=2k,0.0012,4
256,n<=128,sr<=15%,kvB<=4k,kp<=4k,0.0021,4
256,n<=128,sr<=15%,kvB<=4k,kp<=512,0.0009,4
256,n<=128,sr<=15%,kvB<=4k,kp<=8k,0.0056,4
256,n<=128,sr<=15%,kvB<=4k,kp=0,0.0006,4
256,n<=128,sr<=40%,kvB<=16k,kp<=1k,-0.0013,2
256,n<=128,sr<=40%,kvB<=16k,kp<=2k,-0.0026,2
256,n<=128,sr<=40%,kvB<=16k,kp<=4k,-0.002,2
256,n<=128,sr<=40%,kvB<=16k,kp<=512,-0.0013,2
256,n<=128,sr<=40%,kvB<=16k,kp<=8k,-0.0011,2
256,n<=128,sr<=40%,kvB<=16k,kp=0,-0.0012,2
256,n<=128,sr<=40%,kvB<=1k,kp<=1k,0.0965,2
256,n<=128,sr<=40%,kvB<=1k,kp<=2k,0.1166,2
256,n<=128,sr<=40%,kvB<=1k,kp<=4k,0.1291,2
256,n<=128,sr<=40%,kvB<=1k,kp<=512,0.1062,2
256,n<=128,sr<=40%,kvB<=1k,kp<=8k,0.1462,2
256,n<=128,sr<=40%,kvB<=1k,kp=0,0.0939,2
256,n<=128,sr<=40%,kvB<=4k,kp<=1k,0.001,2
256,n<=128,sr<=40%,kvB<=4k,kp<=2k,0.0012,2
256,n<=128,sr<=40%,kvB<=4k,kp<=4k,0.0012,2
256,n<=128,sr<=40%,kvB<=4k,kp<=512,0.0008,2
256,n<=128,sr<=40%,kvB<=4k,kp<=8k,0.0024,2
256,n<=128,sr<=40%,kvB<=4k,kp=0,-0.0002,2
256,n<=128,sr<=5%,kvB<=16k,kp<=1k,0.002,8
256,n<=128,sr<=5%,kvB<=16k,kp<=2k,0.0018,8
256,n<=128,sr<=5%,kvB<=16k,kp<=4k,0.0022,8
256,n<=128,sr<=5%,kvB<=16k,kp<=512,0.0021,8
256,n<=128,sr<=5%,kvB<=16k,kp<=8k,0.0018,8
256,n<=128,sr<=5%,kvB<=16k,kp=0,0.0023,8
256,n<=128,sr<=5%,kvB<=1k,kp<=1k,0.0119,8
256,n<=128,sr<=5%,kvB<=1k,kp<=2k,0.0134,8
256,n<=128,sr<=5%,kvB<=1k,kp<=4k,0.0095,8
256,n<=128,sr<=5%,kvB<=1k,kp<=512,0.0118,8
256,n<=128,sr<=5%,kvB<=1k,kp<=8k,0.0272,8
256,n<=128,sr<=5%,kvB<=1k,kp=0,0.0119,8
256,n<=128,sr<=5%,kvB<=4k,kp<=1k,0.002,8
256,n<=128,sr<=5%,kvB<=4k,kp<=2k,0.0022,8
256,n<=128,sr<=5%,kvB<=4k,kp<=4k,0.0026,8
256,n<=128,sr<=5%,kvB<=4k,kp<=512,0.0024,8
256,n<=128,sr<=5%,kvB<=4k,kp<=8k,0.002,8
256,n<=128,sr<=5%,kvB<=4k,kp=0,0.0022,8
256,n<=128,sr<=70%,kvB<=16k,kp<=1k,-0.0051,2
256,n<=128,sr<=70%,kvB<=16k,kp<=2k,-0.0061,2
256,n<=128,sr<=70%,kvB<=16k,kp<=4k,-0.0079,2
256,n<=128,sr<=70%,kvB<=16k,kp<=512,-0.0053,2
256,n<=128,sr<=70%,kvB<=16k,kp<=8k,-0.008,2
256,n<=128,sr<=70%,kvB<=16k,kp=0,-0.0041,2
256,n<=128,sr<=70%,kvB<=1k,kp<=1k,0.1359,2
256,n<=128,sr<=70%,kvB<=1k,kp<=2k,0.1642,2
256,n<=128,sr<=70%,kvB<=1k,kp<=4k,0.1664,2
256,n<=128,sr<=70%,kvB<=1k,kp<=512,0.152,2
256,n<=128,sr<=70%,kvB<=1k,kp<=8k,0.1624,2
256,n<=128,sr<=70%,kvB<=1k,kp=0,0.1569,2
256,n<=128,sr<=70%,kvB<=4k,kp<=1k,-0.0033,2
256,n<=128,sr<=70%,kvB<=4k,kp<=2k,-0.0017,2
256,n<=128,sr<=70%,kvB<=4k,kp<=4k,0.006,2
256,n<=128,sr<=70%,kvB<=4k,kp<=512,-0.0067,2
256,n<=128,sr<=70%,kvB<=4k,kp<=8k,0.0065,2
256,n<=128,sr<=70%,kvB<=4k,kp=0,-0.004,2
256,n<=128,sr>70%,kvB<=16k,kp<=1k,-0.007,4
256,n<=128,sr>70%,kvB<=16k,kp<=2k,-0.0056,4
256,n<=128,sr>70%,kvB<=16k,kp<=4k,-0.0086,4
256,n<=128,sr>70%,kvB<=16k,kp<=512,-0.0059,4
256,n<=128,sr>70%,kvB<=16k,kp<=8k,-0.0146,4
256,n<=128,sr>70%,kvB<=16k,kp=0,-0.0058,4
256,n<=128,sr>70%,kvB<=1k,kp<=1k,0.176,4
256,n<=128,sr>70%,kvB<=1k,kp<=2k,0.2277,4
256,n<=128,sr>70%,kvB<=1k,kp<=4k,0.3654,4
256,n<=128,sr>70%,kvB<=1k,kp<=512,0.1511,4
256,n<=128,sr>70%,kvB<=1k,kp<=8k,0.4202,4
256,n<=128,sr>70%,kvB<=1k,kp=0,0.1365,4
256,n<=128,sr>70%,kvB<=4k,kp<=1k,-0.0135,4
256,n<=128,sr>70%,kvB<=4k,kp<=2k,-0.0115,4
256,n<=128,sr>70%,kvB<=4k,kp<=4k,-0.0003,4
256,n<=128,sr>70%,kvB<=4k,kp<=512,-0.0064,4
256,n<=128,sr>70%,kvB<=4k,kp<=8k,0.0092,4
256,n<=128,sr>70%,kvB<=4k,kp=0,-0.0035,4
256,n<=16,sr<=15%,kvB<=16k,kp<=1k,0.085,4
256,n<=16,sr<=15%,kvB<=16k,kp<=2k,0.0595,4
256,n<=16,sr<=15%,kvB<=16k,kp<=4k,0.0162,4
256,n<=16,sr<=15%,kvB<=16k,kp<=512,0.1069,4
256,n<=16,sr<=15%,kvB<=16k,kp<=8k,-0.0003,4
256,n<=16,sr<=15%,kvB<=16k,kp=0,0.1585,4
256,n<=16,sr<=15%,kvB<=1k,kp<=1k,0.0732,4
256,n<=16,sr<=15%,kvB<=1k,kp<=2k,0.0707,4
256,n<=16,sr<=15%,kvB<=1k,kp<=4k,0.0672,4
256,n<=16,sr<=15%,kvB<=1k,kp<=512,0.1038,4
256,n<=16,sr<=15%,kvB<=1k,kp<=8k,0.0837,4
256,n<=16,sr<=15%,kvB<=1k,kp=0,0.1484,4
256,n<=16,sr<=15%,kvB<=4k,kp<=1k,0.0878,4
256,n<=16,sr<=15%,kvB<=4k,kp<=2k,0.056,4
256,n<=16,sr<=15%,kvB<=4k,kp<=4k,0.0154,4
256,n<=16,sr<=15%,kvB<=4k,kp<=512,0.0831,4
256,n<=16,sr<=15%,kvB<=4k,kp<=8k,0.0141,4
256,n<=16,sr<=15%,kvB<=4k,kp=0,0.1646,4
256,n<=16,sr<=40%,kvB<=16k,kp<=1k,0.1094,4
256,n<=16,sr<=40%,kvB<=16k,kp<=2k,0.0566,4
256,n<=16,sr<=40%,kvB<=16k,kp<=4k,0.006,4
256,n<=16,sr<=40%,kvB<=16k,kp<=512,0.1645,4
256,n<=16,sr<=40%,kvB<=16k,kp<=8k,0.0725,4
256,n<=16,sr<=40%,kvB<=16k,kp=0,0.2463,4
256,n<=16,sr<=40%,kvB<=1k,kp<=1k,0.0721,4
256,n<=16,sr<=40%,kvB<=1k,kp<=2k,0.086,4
256,n<=16,sr<=40%,kvB<=1k,kp<=4k,0.0755,4
256,n<=16,sr<=40%,kvB<=1k,kp<=512,0.1148,4
256,n<=16,sr<=40%,kvB<=1k,kp<=8k,0.0708,4
256,n<=16,sr<=40%,kvB<=1k,kp=0,0.1486,4
256,n<=16,sr<=40%,kvB<=4k,kp<=1k,0.0743,4
256,n<=16,sr<=40%,kvB<=4k,kp<=2k,0.0856,4
256,n<=16,sr<=40%,kvB<=4k,kp<=4k,0.0212,4
256,n<=16,sr<=40%,kvB<=4k,kp<=512,0.0797,4
256,n<=16,sr<=40%,kvB<=4k,kp<=8k,0.0341,4
256,n<=16,sr<=40%,kvB<=4k,kp=0,0.1757,4
256,n<=16,sr<=70%,kvB<=16k,kp<=1k,0.2299,2
256,n<=16,sr<=70%,kvB<=16k,kp<=2k,0.1363,2
256,n<=16,sr<=70%,kvB<=16k,kp<=4k,0.0707,2
256,n<=16,sr<=70%,kvB<=16k,kp<=512,0.3406,2
256,n<=16,sr<=70%,kvB<=16k,kp<=8k,0.0862,2
256,n<=16,sr<=70%,kvB<=16k,kp=0,0.6276,2
256,n<=16,sr<=70%,kvB<=1k,kp<=1k,0.0495,2
256,n<=16,sr<=70%,kvB<=1k,kp<=2k,0.0291,2
256,n<=16,sr<=70%,kvB<=1k,kp<=4k,0.0253,2
256,n<=16,sr<=70%,kvB<=1k,kp<=512,0.063,2
256,n<=16,sr<=70%,kvB<=1k,kp<=8k,0.0683,2
256,n<=16,sr<=70%,kvB<=1k,kp=0,0.1077,2
256,n<=16,sr<=70%,kvB<=4k,kp<=1k,0.0945,2
256,n<=16,sr<=70%,kvB<=4k,kp<=2k,0.2289,2
256,n<=16,sr<=70%,kvB<=4k,kp<=4k,0.1758,2
256,n<=16,sr<=70%,kvB<=4k,kp<=512,0.1202,2
256,n<=16,sr<=70%,kvB<=4k,kp<=8k,0.0521,2
256,n<=16,sr<=70%,kvB<=4k,kp=0,0.5221,2
256,n<=16,sr>70%,kvB<=16k,kp<=1k,0.542,4
256,n<=16,sr>70%,kvB<=16k,kp<=2k,0.4254,4
256,n<=16,sr>70%,kvB<=16k,kp<=4k,0.1927,4
256,n<=16,sr>70%,kvB<=16k,kp<=512,0.8187,4
256,n<=16,sr>70%,kvB<=16k,kp<=8k,0.2311,4
256,n<=16,sr>70%,kvB<=16k,kp=0,1.6994,4
256,n<=16,sr>70%,kvB<=1k,kp<=1k,0.2743,4
256,n<=16,sr>70%,kvB<=1k,kp<=2k,0.2276,4
256,n<=16,sr>70%,kvB<=1k,kp<=4k,0.2229,4
256,n<=16,sr>70%,kvB<=1k,kp<=512,0.2383,4
256,n<=16,sr>70%,kvB<=1k,kp<=8k,0.1454,4
256,n<=16,sr>70%,kvB<=1k,kp=0,0.2457,4
256,n<=16,sr>70%,kvB<=4k,kp<=1k,0.2374,4
256,n<=16,sr>70%,kvB<=4k,kp<=2k,0.2414,4
256,n<=16,sr>70%,kvB<=4k,kp<=4k,0.9429,4
256,n<=16,sr>70%,kvB<=4k,kp<=512,0.3739,4
256,n<=16,sr>70%,kvB<=4k,kp<=8k,0.3848,4
256,n<=16,sr>70%,kvB<=4k,kp=0,1.3622,4
256,n<=2,sr<=70%,kvB<=16k,kp<=1k,0.1439,2
256,n<=2,sr<=70%,kvB<=16k,kp<=2k,0.3281,2
256,n<=2,sr<=70%,kvB<=16k,kp<=4k,0.3565,2
256,n<=2,sr<=70%,kvB<=16k,kp<=512,0.2805,2
256,n<=2,sr<=70%,kvB<=16k,kp<=8k,0.5911,2
256,n<=2,sr<=70%,kvB<=16k,kp=0,0.8177,2
256,n<=2,sr<=70%,kvB<=1k,kp<=1k,0.0897,2
256,n<=2,sr<=70%,kvB<=1k,kp<=2k,0.5692,2
256,n<=2,sr<=70%,kvB<=1k,kp<=4k,0.5029,2
256,n<=2,sr<=70%,kvB<=1k,kp<=512,0.5929,2
256,n<=2,sr<=70%,kvB<=1k,kp<=8k,0.3113,2
256,n<=2,sr<=70%,kvB<=1k,kp=0,0.5367,2
256,n<=2,sr<=70%,kvB<=4k,kp<=1k,0.5061,2
256,n<=2,sr<=70%,kvB<=4k,kp<=2k,0.6418,2
256,n<=2,sr<=70%,kvB<=4k,kp<=4k,0.108,2
256,n<=2,sr<=70%,kvB<=4k,kp<=512,0.4048,2
256,n<=2,sr<=70%,kvB<=4k,kp<=8k,0.298,2
256,n<=2,sr<=70%,kvB<=4k,kp=0,0.2128,2
256,n<=32,sr<=15%,kvB<=16k,kp<=1k,0.0333,6
256,n<=32,sr<=15%,kvB<=16k,kp<=2k,0.0262,6
256,n<=32,sr<=15%,kvB<=16k,kp<=4k,0.022,6
256,n<=32,sr<=15%,kvB<=16k,kp<=512,0.041,6
256,n<=32,sr<=15%,kvB<=16k,kp<=8k,0.0211,6
256,n<=32,sr<=15%,kvB<=16k,kp=0,0.1146,6
256,n<=32,sr<=15%,kvB<=1k,kp<=1k,0.0604,6
256,n<=32,sr<=15%,kvB<=1k,kp<=2k,0.0622,6
256,n<=32,sr<=15%,kvB<=1k,kp<=4k,0.0645,6
256,n<=32,sr<=15%,kvB<=1k,kp<=512,0.0703,6
256,n<=32,sr<=15%,kvB<=1k,kp<=8k,0.0652,6
256,n<=32,sr<=15%,kvB<=1k,kp=0,0.0921,6
256,n<=32,sr<=15%,kvB<=4k,kp<=1k,0.0545,6
256,n<=32,sr<=15%,kvB<=4k,kp<=2k,0.0261,6
256,n<=32,sr<=15%,kvB<=4k,kp<=4k,0.0157,6
256,n<=32,sr<=15%,kvB<=4k,kp<=512,0.0283,6
256,n<=32,sr<=15%,kvB<=4k,kp<=8k,0.0144,6
256,n<=32,sr<=15%,kvB<=4k,kp=0,0.1235,6
256,n<=32,sr<=40%,kvB<=16k,kp<=1k,0.049,2
256,n<=32,sr<=40%,kvB<=16k,kp<=2k,0.0354,2
256,n<=32,sr<=40%,kvB<=16k,kp<=4k,0.0343,2
256,n<=32,sr<=40%,kvB<=16k,kp<=512,0.0558,2
256,n<=32,sr<=40%,kvB<=16k,kp<=8k,0.034,2
256,n<=32,sr<=40%,kvB<=16k,kp=0,0.1382,2
256,n<=32,sr<=40%,kvB<=1k,kp<=1k,0.0873,2
256,n<=32,sr<=40%,kvB<=1k,kp<=2k,0.0884,2
256,n<=32,sr<=40%,kvB<=1k,kp<=4k,0.1007,2
256,n<=32,sr<=40%,kvB<=1k,kp<=512,0.089,2
256,n<=32,sr<=40%,kvB<=1k,kp<=8k,0.1039,2
256,n<=32,sr<=40%,kvB<=1k,kp=0,0.114,2
256,n<=32,sr<=40%,kvB<=4k,kp<=1k,0.0334,2
256,n<=32,sr<=40%,kvB<=4k,kp<=2k,0.0815,2
256,n<=32,sr<=40%,kvB<=4k,kp<=4k,0.0565,2
256,n<=32,sr<=40%,kvB<=4k,kp<=512,0.0362,2
256,n<=32,sr<=40%,kvB<=4k,kp<=8k,0.0091,2
256,n<=32,sr<=40%,kvB<=4k,kp=0,0.2146,2
256,n<=32,sr<=5%,kvB<=16k,kp<=1k,0.0328,2
256,n<=32,sr<=5%,kvB<=16k,kp<=2k,0.0264,2
256,n<=32,sr<=5%,kvB<=16k,kp<=4k,0.026,2
256,n<=32,sr<=5%,kvB<=16k,kp<=512,0.0384,2
256,n<=32,sr<=5%,kvB<=16k,kp<=8k,0.0158,2
256,n<=32,sr<=5%,kvB<=16k,kp=0,0.0881,2
256,n<=32,sr<=5%,kvB<=1k,kp<=1k,0.0166,2
256,n<=32,sr<=5%,kvB<=1k,kp<=2k,0.0173,2
256,n<=32,sr<=5%,kvB<=1k,kp<=4k,0.0172,2
256,n<=32,sr<=5%,kvB<=1k,kp<=512,0.03,2
256,n<=32,sr<=5%,kvB<=1k,kp<=8k,0.0098,2
256,n<=32,sr<=5%,kvB<=1k,kp=0,0.0462,2
256,n<=32,sr<=5%,kvB<=4k,kp<=1k,0.0516,2
256,n<=32,sr<=5%,kvB<=4k,kp<=2k,0.0341,2
256,n<=32,sr<=5%,kvB<=4k,kp<=4k,0.011,2
256,n<=32,sr<=5%,kvB<=4k,kp<=512,0.0354,2
256,n<=32,sr<=5%,kvB<=4k,kp<=8k,0.0155,2
256,n<=32,sr<=5%,kvB<=4k,kp=0,0.0939,2
256,n<=32,sr<=70%,kvB<=16k,kp<=1k,0.0568,2
256,n<=32,sr<=70%,kvB<=16k,kp<=2k,0.0584,2
256,n<=32,sr<=70%,kvB<=16k,kp<=4k,0.0381,2
256,n<=32,sr<=70%,kvB<=16k,kp<=512,0.0965,2
256,n<=32,sr<=70%,kvB<=16k,kp<=8k,0.0379,2
256,n<=32,sr<=70%,kvB<=16k,kp=0,0.2236,2
256,n<=32,sr<=70%,kvB<=1k,kp<=1k,0.0793,2
256,n<=32,sr<=70%,kvB<=1k,kp<=2k,0.1002,2
256,n<=32,sr<=70%,kvB<=1k,kp<=4k,0.0276,2
256,n<=32,sr<=70%,kvB<=1k,kp<=512,0.0925,2
256,n<=32,sr<=70%,kvB<=1k,kp<=8k,0.0411,2
256,n<=32,sr<=70%,kvB<=1k,kp=0,0.1145,2
256,n<=32,sr<=70%,kvB<=4k,kp<=1k,0.0699,2
256,n<=32,sr<=70%,kvB<=4k,kp<=2k,0.0622,2
256,n<=32,sr<=70%,kvB<=4k,kp<=4k,0.0395,2
256,n<=32,sr<=70%,kvB<=4k,kp<=512,0.0675,2
256,n<=32,sr<=70%,kvB<=4k,kp<=8k,0.0538,2
256,n<=32,sr<=70%,kvB<=4k,kp=0,0.5269,2
256,n<=32,sr>70%,kvB<=16k,kp<=1k,0.1362,4
256,n<=32,sr>70%,kvB<=16k,kp<=2k,0.0909,4
256,n<=32,sr>70%,kvB<=16k,kp<=4k,0.0264,4
256,n<=32,sr>70%,kvB<=16k,kp<=512,0.2082,4
256,n<=32,sr>70%,kvB<=16k,kp<=8k,0.0239,4
256,n<=32,sr>70%,kvB<=16k,kp=0,0.5048,4
256,n<=32,sr>70%,kvB<=1k,kp<=1k,0.0858,4
256,n<=32,sr>70%,kvB<=1k,kp<=2k,0.3219,4
256,n<=32,sr>70%,kvB<=1k,kp<=4k,0.1949,4
256,n<=32,sr>70%,kvB<=1k,kp<=512,0.2308,4
256,n<=32,sr>70%,kvB<=1k,kp<=8k,0.2497,4
256,n<=32,sr>70%,kvB<=1k,kp=0,0.5363,4
256,n<=32,sr>70%,kvB<=4k,kp<=1k,0.0079,4
256,n<=32,sr>70%,kvB<=4k,kp<=2k,0.0459,4
256,n<=32,sr>70%,kvB<=4k,kp<=4k,0.107,4
256,n<=32,sr>70%,kvB<=4k,kp<=512,0.1298,4
256,n<=32,sr>70%,kvB<=4k,kp<=8k,0.0688,4
256,n<=32,sr>70%,kvB<=4k,kp=0,1.8155,4
256,n<=4,sr<=40%,kvB<=16k,kp<=1k,0.25,2
256,n<=4,sr<=40%,kvB<=16k,kp<=2k,0.231,2
256,n<=4,sr<=40%,kvB<=16k,kp<=4k,0.2765,2
256,n<=4,sr<=40%,kvB<=16k,kp<=512,0.2965,2
256,n<=4,sr<=40%,kvB<=16k,kp<=8k,0.3101,2
256,n<=4,sr<=40%,kvB<=16k,kp=0,0.4266,2
256,n<=4,sr<=40%,kvB<=1k,kp<=1k,0.082,2
256,n<=4,sr<=40%,kvB<=1k,kp<=2k,0.1347,2
256,n<=4,sr<=40%,kvB<=1k,kp<=4k,0.2626,2
256,n<=4,sr<=40%,kvB<=1k,kp<=512,0.2672,2
256,n<=4,sr<=40%,kvB<=1k,kp<=8k,0.1954,2
256,n<=4,sr<=40%,kvB<=1k,kp=0,0.3868,2
256,n<=4,sr<=40%,kvB<=4k,kp<=1k,0.2696,2
256,n<=4,sr<=40%,kvB<=4k,kp<=2k,0.3075,2
256,n<=4,sr<=40%,kvB<=4k,kp<=4k,-0.06,2
256,n<=4,sr<=40%,kvB<=4k,kp<=512,0.2802,2
256,n<=4,sr<=40%,kvB<=4k,kp<=8k,0.1735,2
256,n<=4,sr<=40%,kvB<=4k,kp=0,0.2859,2
256,n<=4,sr<=70%,kvB<=16k,kp<=1k,0.3064,2
256,n<=4,sr<=70%,kvB<=16k,kp<=2k,0.246,2
256,n<=4,sr<=70%,kvB<=16k,kp<=4k,0.399,2
256,n<=4,sr<=70%,kvB<=16k,kp<=512,0.4583,2
256,n<=4,sr<=70%,kvB<=16k,kp<=8k,0.4944,2
256,n<=4,sr<=70%,kvB<=16k,kp=0,0.7629,2
256,n<=4,sr<=70%,kvB<=1k,kp<=1k,0.0614,2
256,n<=4,sr<=70%,kvB<=1k,kp<=2k,-0.065,2
256,n<=4,sr<=70%,kvB<=1k,kp<=4k,0.2361,2
256,n<=4,sr<=70%,kvB<=1k,kp<=512,0.403,2
256,n<=4,sr<=70%,kvB<=1k,kp<=8k,0.1386,2
256,n<=4,sr<=70%,kvB<=1k,kp=0,0.3169,2
256,n<=4,sr<=70%,kvB<=4k,kp<=1k,0.3325,2
256,n<=4,sr<=70%,kvB<=4k,kp<=2k,0.3694,2
256,n<=4,sr<=70%,kvB<=4k,kp<=4k,0.3405,2
256,n<=4,sr<=70%,kvB<=4k,kp<=512,0.2334,2
256,n<=4,sr<=70%,kvB<=4k,kp<=8k,-0.5101,2
256,n<=4,sr<=70%,kvB<=4k,kp=0,0.3222,2
256,n<=4,sr>70%,kvB<=16k,kp<=1k,0.0954,2
256,n<=4,sr>70%,kvB<=16k,kp<=2k,-0.0122,2
256,n<=4,sr>70%,kvB<=16k,kp<=4k,0.3446,2
256,n<=4,sr>70%,kvB<=16k,kp<=512,0.4978,2
256,n<=4,sr>70%,kvB<=16k,kp<=8k,0.3921,2
256,n<=4,sr>70%,kvB<=16k,kp=0,0.7055,2
256,n<=4,sr>70%,kvB<=1k,kp<=1k,0.3148,2
256,n<=4,sr>70%,kvB<=1k,kp<=2k,0.2449,2
256,n<=4,sr>70%,kvB<=1k,kp<=4k,0.2608,2
256,n<=4,sr>70%,kvB<=1k,kp<=512,0.522,2
256,n<=4,sr>70%,kvB<=1k,kp<=8k,0.3264,2
256,n<=4,sr>70%,kvB<=1k,kp=0,0.3772,2
256,n<=4,sr>70%,kvB<=4k,kp<=1k,0.2737,2
256,n<=4,sr>70%,kvB<=4k,kp<=2k,0.3331,2
256,n<=4,sr>70%,kvB<=4k,kp<=4k,0.492,2
256,n<=4,sr>70%,kvB<=4k,kp<=512,0.1588,2
256,n<=4,sr>70%,kvB<=4k,kp<=8k,0.4491,2
256,n<=4,sr>70%,kvB<=4k,kp=0,0.2209,2
256,n<=64,sr<=15%,kvB<=16k,kp<=1k,0.0075,4
256,n<=64,sr<=15%,kvB<=16k,kp<=2k,0.0077,4
256,n<=64,sr<=15%,kvB<=16k,kp<=4k,0.0074,4
256,n<=64,sr<=15%,kvB<=16k,kp<=512,0.0085,4
256,n<=64,sr<=15%,kvB<=16k,kp<=8k,0.0063,4
256,n<=64,sr<=15%,kvB<=16k,kp=0,0.008,4
256,n<=64,sr<=15%,kvB<=1k,kp<=1k,0.0534,4
256,n<=64,sr<=15%,kvB<=1k,kp<=2k,0.0658,4
256,n<=64,sr<=15%,kvB<=1k,kp<=4k,0.075,4
256,n<=64,sr<=15%,kvB<=1k,kp<=512,0.0547,4
256,n<=64,sr<=15%,kvB<=1k,kp<=8k,0.0818,4
256,n<=64,sr<=15%,kvB<=1k,kp=0,0.0524,4
256,n<=64,sr<=15%,kvB<=4k,kp<=1k,0.0103,4
256,n<=64,sr<=15%,kvB<=4k,kp<=2k,0.0076,4
256,n<=64,sr<=15%,kvB<=4k,kp<=4k,0.0048,4
256,n<=64,sr<=15%,kvB<=4k,kp<=512,0.0097,4
256,n<=64,sr<=15%,kvB<=4k,kp<=8k,0.0037,4
256,n<=64,sr<=15%,kvB<=4k,kp=0,0.0091,4
256,n<=64,sr<=40%,kvB<=16k,kp<=1k,0.004,2
256,n<=64,sr<=40%,kvB<=16k,kp<=2k,0.0022,2
256,n<=64,sr<=40%,kvB<=16k,kp<=4k,0.0026,2
256,n<=64,sr<=40%,kvB<=16k,kp<=512,0.0025,2
256,n<=64,sr<=40%,kvB<=16k,kp<=8k,0.0031,2
256,n<=64,sr<=40%,kvB<=16k,kp=0,0.0035,2
256,n<=64,sr<=40%,kvB<=1k,kp<=1k,0.0725,2
256,n<=64,sr<=40%,kvB<=1k,kp<=2k,0.0892,2
256,n<=64,sr<=40%,kvB<=1k,kp<=4k,0.1087,2
256,n<=64,sr<=40%,kvB<=1k,kp<=512,0.0516,2
256,n<=64,sr<=40%,kvB<=1k,kp<=8k,0.1232,2
256,n<=64,sr<=40%,kvB<=1k,kp=0,0.0553,2
256,n<=64,sr<=40%,kvB<=4k,kp<=1k,0.0022,2
256,n<=64,sr<=40%,kvB<=4k,kp<=2k,-0.0,2
256,n<=64,sr<=40%,kvB<=4k,kp<=4k,0.0019,2
256,n<=64,sr<=40%,kvB<=4k,kp<=512,0.0029,2
256,n<=64,sr<=40%,kvB<=4k,kp<=8k,-0.0057,2
256,n<=64,sr<=40%,kvB<=4k,kp=0,-0.0013,2
256,n<=64,sr<=5%,kvB<=16k,kp<=1k,0.011,6
256,n<=64,sr<=5%,kvB<=16k,kp<=2k,0.0103,6
256,n<=64,sr<=5%,kvB<=16k,kp<=4k,0.0098,6
256,n<=64,sr<=5%,kvB<=16k,kp<=512,0.0115,6
256,n<=64,sr<=5%,kvB<=16k,kp<=8k,0.0093,6
256,n<=64,sr<=5%,kvB<=16k,kp=0,0.0099,6
256,n<=64,sr<=5%,kvB<=1k,kp<=1k,0.0124,6
256,n<=64,sr<=5%,kvB<=1k,kp<=2k,0.0246,6
256,n<=64,sr<=5%,kvB<=1k,kp<=4k,0.0312,6
256,n<=64,sr<=5%,kvB<=1k,kp<=512,0.0304,6
256,n<=64,sr<=5%,kvB<=1k,kp<=8k,0.0263,6
256,n<=64,sr<=5%,kvB<=1k,kp=0,0.0209,6
256,n<=64,sr<=5%,kvB<=4k,kp<=1k,0.0125,6
256,n<=64,sr<=5%,kvB<=4k,kp<=2k,0.0101,6
256,n<=64,sr<=5%,kvB<=4k,kp<=4k,0.0031,6
256,n<=64,sr<=5%,kvB<=4k,kp<=512,0.0122,6
256,n<=64,sr<=5%,kvB<=4k,kp<=8k,0.0108,6
256,n<=64,sr<=5%,kvB<=4k,kp=0,0.0121,6
256,n<=64,sr<=70%,kvB<=16k,kp<=1k,-0.0003,2
256,n<=64,sr<=70%,kvB<=16k,kp<=2k,-0.0005,2
256,n<=64,sr<=70%,kvB<=16k,kp<=4k,-0.0004,2
256,n<=64,sr<=70%,kvB<=16k,kp<=512,-0.0019,2
256,n<=64,sr<=70%,kvB<=16k,kp<=8k,-0.0061,2
256,n<=64,sr<=70%,kvB<=16k,kp=0,-0.0013,2
256,n<=64,sr<=70%,kvB<=1k,kp<=1k,0.0293,2
256,n<=64,sr<=70%,kvB<=1k,kp<=2k,0.0783,2
256,n<=64,sr<=70%,kvB<=1k,kp<=4k,0.0842,2
256,n<=64,sr<=70%,kvB<=1k,kp<=512,0.0451,2
256,n<=64,sr<=70%,kvB<=1k,kp<=8k,0.0684,2
256,n<=64,sr<=70%,kvB<=1k,kp=0,0.0053,2
256,n<=64,sr<=70%,kvB<=4k,kp<=1k,-0.0039,2
256,n<=64,sr<=70%,kvB<=4k,kp<=2k,-0.001,2
256,n<=64,sr<=70%,kvB<=4k,kp<=4k,-0.004,2
256,n<=64,sr<=70%,kvB<=4k,kp<=512,-0.0017,2
256,n<=64,sr<=70%,kvB<=4k,kp<=8k,0.001,2
256,n<=64,sr<=70%,kvB<=4k,kp=0,-0.0073,2
256,n<=64,sr>70%,kvB<=16k,kp<=1k,-0.0018,4
256,n<=64,sr>70%,kvB<=16k,kp<=2k,-0.0056,4
256,n<=64,sr>70%,kvB<=16k,kp<=4k,-0.0023,4
256,n<=64,sr>70%,kvB<=16k,kp<=512,-0.0054,4
256,n<=64,sr>70%,kvB<=16k,kp<=8k,-0.0185,4
256,n<=64,sr>70%,kvB<=16k,kp=0,-0.0018,4
256,n<=64,sr>70%,kvB<=1k,kp<=1k,0.1767,4
256,n<=64,sr>70%,kvB<=1k,kp<=2k,0.2718,4
256,n<=64,sr>70%,kvB<=1k,kp<=4k,0.3842,4
256,n<=64,sr>70%,kvB<=1k,kp<=512,0.1639,4
256,n<=64,sr>70%,kvB<=1k,kp<=8k,0.3588,4
256,n<=64,sr>70%,kvB<=1k,kp=0,0.1255,4
256,n<=64,sr>70%,kvB<=4k,kp<=1k,-0.0031,4
256,n<=64,sr>70%,kvB<=4k,kp<=2k,-0.0074,4
256,n<=64,sr>70%,kvB<=4k,kp<=4k,0.0039,4
256,n<=64,sr>70%,kvB<=4k,kp<=512,-0.0158,4
256,n<=64,sr>70%,kvB<=4k,kp<=8k,0.0356,4
256,n<=64,sr>70%,kvB<=4k,kp=0,-0.0227,4
256,n<=8,sr<=15%,kvB<=16k,kp<=1k,0.1465,2
256,n<=8,sr<=15%,kvB<=16k,kp<=2k,0.1182,2
256,n<=8,sr<=15%,kvB<=16k,kp<=4k,0.0988,2
256,n<=8,sr<=15%,kvB<=16k,kp<=512,0.206,2
256,n<=8,sr<=15%,kvB<=16k,kp<=8k,0.0933,2
256,n<=8,sr<=15%,kvB<=16k,kp=0,0.2169,2
256,n<=8,sr<=15%,kvB<=1k,kp<=1k,0.0945,2
256,n<=8,sr<=15%,kvB<=1k,kp<=2k,0.0838,2
256,n<=8,sr<=15%,kvB<=1k,kp<=4k,0.0836,2
256,n<=8,sr<=15%,kvB<=1k,kp<=512,0.1594,2
256,n<=8,sr<=15%,kvB<=1k,kp<=8k,0.1962,2
256,n<=8,sr<=15%,kvB<=1k,kp=0,0.2562,2
256,n<=8,sr<=15%,kvB<=4k,kp<=1k,0.1719,2
256,n<=8,sr<=15%,kvB<=4k,kp<=2k,0.1259,2
256,n<=8,sr<=15%,kvB<=4k,kp<=4k,-0.0243,2
256,n<=8,sr<=15%,kvB<=4k,kp<=512,0.1675,2
256,n<=8,sr<=15%,kvB<=4k,kp<=8k,-0.0267,2
256,n<=8,sr<=15%,kvB<=4k,kp=0,0.1808,2
256,n<=8,sr<=40%,kvB<=16k,kp<=1k,0.1656,4
256,n<=8,sr<=40%,kvB<=16k,kp<=2k,0.1034,4
256,n<=8,sr<=40%,kvB<=16k,kp<=4k,0.1318,4
256,n<=8,sr<=40%,kvB<=16k,kp<=512,0.2587,4
256,n<=8,sr<=40%,kvB<=16k,kp<=8k,0.19,4
256,n<=8,sr<=40%,kvB<=16k,kp=0,0.3286,4
256,n<=8,sr<=40%,kvB<=1k,kp<=1k,0.0807,4
256,n<=8,sr<=40%,kvB<=1k,kp<=2k,0.0775,4
256,n<=8,sr<=40%,kvB<=1k,kp<=4k,0.0988,4
256,n<=8,sr<=40%,kvB<=1k,kp<=512,0.1711,4
256,n<=8,sr<=40%,kvB<=1k,kp<=8k,0.1967,4
256,n<=8,sr<=40%,kvB<=1k,kp=0,0.2321,4
256,n<=8,sr<=40%,kvB<=4k,kp<=1k,0.178,4
256,n<=8,sr<=40%,kvB<=4k,kp<=2k,0.1828,4
256,n<=8,sr<=40%,kvB<=4k,kp<=4k,-0.0076,4
256,n<=8,sr<=40%,kvB<=4k,kp<=512,0.1509,4
256,n<=8,sr<=40%,kvB<=4k,kp<=8k,-0.0098,4
256,n<=8,sr<=40%,kvB<=4k,kp=0,0.1796,4
256,n<=8,sr<=70%,kvB<=16k,kp<=1k,0.2528,2
256,n<=8,sr<=70%,kvB<=16k,kp<=2k,0.0957,2
256,n<=8,sr<=70%,kvB<=16k,kp<=4k,-0.0362,2
256,n<=8,sr<=70%,kvB<=16k,kp<=512,0.4953,2
256,n<=8,sr<=70%,kvB<=16k,kp<=8k,0.0774,2
256,n<=8,sr<=70%,kvB<=16k,kp=0,0.4137,2
256,n<=8,sr<=70%,kvB<=1k,kp<=1k,0.0446,2
256,n<=8,sr<=70%,kvB<=1k,kp<=2k,0.0076,2
256,n<=8,sr<=70%,kvB<=1k,kp<=4k,-0.0039,2
256,n<=8,sr<=70%,kvB<=1k,kp<=512,0.1881,2
256,n<=8,sr<=70%,kvB<=1k,kp<=8k,0.1662,2
256,n<=8,sr<=70%,kvB<=1k,kp=0,0.1892,2
256,n<=8,sr<=70%,kvB<=4k,kp<=1k,0.1938,2
256,n<=8,sr<=70%,kvB<=4k,kp<=2k,0.1816,2
256,n<=8,sr<=70%,kvB<=4k,kp<=4k,-0.0235,2
256,n<=8,sr<=70%,kvB<=4k,kp<=512,0.2021,2
256,n<=8,sr<=70%,kvB<=4k,kp<=8k,-0.1746,2
256,n<=8,sr<=70%,kvB<=4k,kp=0,0.2855,2
256,n<=8,sr>70%,kvB<=16k,kp<=1k,0.4755,4
256,n<=8,sr>70%,kvB<=16k,kp<=2k,0.2121,4
256,n<=8,sr>70%,kvB<=16k,kp<=4k,-0.2378,4
256,n<=8,sr>70%,kvB<=16k,kp<=512,1.0937,4
256,n<=8,sr>70%,kvB<=16k,kp<=8k,0.3466,4
256,n<=8,sr>70%,kvB<=16k,kp=0,0.9976,4
256,n<=8,sr>70%,kvB<=1k,kp<=1k,0.3381,4
256,n<=8,sr>70%,kvB<=1k,kp<=2k,0.2034,4
256,n<=8,sr>70%,kvB<=1k,kp<=4k,0.2779,4
256,n<=8,sr>70%,kvB<=1k,kp<=512,0.3212,4
256,n<=8,sr>70%,kvB<=1k,kp<=8k,0.3648,4
256,n<=8,sr>70%,kvB<=1k,kp=0,0.341,4
256,n<=8,sr>70%,kvB<=4k,kp<=1k,0.0896,4
256,n<=8,sr>70%,kvB<=4k,kp<=2k,0.3314,4
256,n<=8,sr>70%,kvB<=4k,kp<=4k,0.4687,4
256,n<=8,sr>70%,kvB<=4k,kp<=512,0.0923,4
256,n<=8,sr>70%,kvB<=4k,kp<=8k,0.1783,4
256,n<=8,sr>70%,kvB<=4k,kp=0,0.4282,4
512,n<=128,sr<=15%,kvB<=16k,kp<=1k,0.0001,4
512,n<=128,sr<=15%,kvB<=16k,kp<=2k,-0.0005,4
512,n<=128,sr<=15%,kvB<=16k,kp<=4k,-0.0013,4
512,n<=128,sr<=15%,kvB<=16k,kp<=512,0.0005,4
512,n<=128,sr<=15%,kvB<=16k,kp<=8k,0.0004,4
512,n<=128,sr<=15%,kvB<=16k,kp=0,0.0004,4
512,n<=128,sr<=15%,kvB<=1k,kp<=1k,0.0736,4
512,n<=128,sr<=15%,kvB<=1k,kp<=2k,0.0701,4
512,n<=128,sr<=15%,kvB<=1k,kp<=4k,0.088,4
512,n<=128,sr<=15%,kvB<=1k,kp<=512,0.0847,4
512,n<=128,sr<=15%,kvB<=1k,kp<=8k,0.1,4
512,n<=128,sr<=15%,kvB<=1k,kp=0,0.0672,4
512,n<=128,sr<=15%,kvB<=4k,kp<=1k,0.0048,4
512,n<=128,sr<=15%,kvB<=4k,kp<=2k,0.0059,4
512,n<=128,sr<=15%,kvB<=4k,kp<=4k,0.0087,4
512,n<=128,sr<=15%,kvB<=4k,kp<=512,0.002,4
512,n<=128,sr<=15%,kvB<=4k,kp<=8k,0.0177,4
512,n<=128,sr<=15%,kvB<=4k,kp=0,0.003,4
512,n<=128,sr<=40%,kvB<=16k,kp<=1k,-0.0015,2
512,n<=128,sr<=40%,kvB<=16k,kp<=2k,-0.0014,2
512,n<=128,sr<=40%,kvB<=16k,kp<=4k,-0.0028,2
512,n<=128,sr<=40%,kvB<=16k,kp<=512,-0.0018,2
512,n<=128,sr<=40%,kvB<=16k,kp<=8k,-0.0055,2
512,n<=128,sr<=40%,kvB<=16k,kp=0,-0.0018,2
512,n<=128,sr<=40%,kvB<=1k,kp<=1k,0.1188,2
512,n<=128,sr<=40%,kvB<=1k,kp<=2k,0.126,2
512,n<=128,sr<=40%,kvB<=1k,kp<=4k,0.1496,2
512,n<=128,sr<=40%,kvB<=1k,kp<=512,0.1208,2
512,n<=128,sr<=40%,kvB<=1k,kp<=8k,0.1395,2
512,n<=128,sr<=40%,kvB<=1k,kp=0,0.1136,2
512,n<=128,sr<=40%,kvB<=4k,kp<=1k,0.009,2
512,n<=128,sr<=40%,kvB<=4k,kp<=2k,0.007,2
512,n<=128,sr<=40%,kvB<=4k,kp<=4k,0.0028,2
512,n<=128,sr<=40%,kvB<=4k,kp<=512,0.0095,2
512,n<=128,sr<=40%,kvB<=4k,kp<=8k,0.0088,2
512,n<=128,sr<=40%,kvB<=4k,kp=0,0.0081,2
512,n<=128,sr<=5%,kvB<=16k,kp<=1k,0.0018,8
512,n<=128,sr<=5%,kvB<=16k,kp<=2k,0.0017,8
512,n<=128,sr<=5%,kvB<=16k,kp<=4k,0.0014,8
512,n<=128,sr<=5%,kvB<=16k,kp<=512,0.002,8
512,n<=128,sr<=5%,kvB<=16k,kp<=8k,0.0014,8
512,n<=128,sr<=5%,kvB<=16k,kp=0,0.002,8
512,n<=128,sr<=5%,kvB<=1k,kp<=1k,0.0243,8
512,n<=128,sr<=5%,kvB<=1k,kp<=2k,0.0208,8
512,n<=128,sr<=5%,kvB<=1k,kp<=4k,0.0351,8
512,n<=128,sr<=5%,kvB<=1k,kp<=512,0.0215,8
512,n<=128,sr<=5%,kvB<=1k,kp<=8k,0.0365,8
512,n<=128,sr<=5%,kvB<=1k,kp=0,0.0206,8
512,n<=128,sr<=5%,kvB<=4k,kp<=1k,0.0014,8
512,n<=128,sr<=5%,kvB<=4k,kp<=2k,0.0035,8
512,n<=128,sr<=5%,kvB<=4k,kp<=4k,0.0048,8
512,n<=128,sr<=5%,kvB<=4k,kp<=512,0.0032,8
512,n<=128,sr<=5%,kvB<=4k,kp<=8k,0.0103,8
512,n<=128,sr<=5%,kvB<=4k,kp=0,0.0036,8
512,n<=128,sr<=70%,kvB<=16k,kp<=1k,-0.0035,2
512,n<=128,sr<=70%,kvB<=16k,kp<=2k,-0.0024,2
512,n<=128,sr<=70%,kvB<=16k,kp<=4k,-0.0079,2
512,n<=128,sr<=70%,kvB<=16k,kp<=512,-0.0036,2
512,n<=128,sr<=70%,kvB<=16k,kp<=8k,-0.013,2
512,n<=128,sr<=70%,kvB<=16k,kp=0,-0.0046,2
512,n<=128,sr<=70%,kvB<=1k,kp<=1k,0.1405,2
512,n<=128,sr<=70%,kvB<=1k,kp<=2k,0.174,2
512,n<=128,sr<=70%,kvB<=1k,kp<=4k,0.1488,2
512,n<=128,sr<=70%,kvB<=1k,kp<=512,0.1657,2
512,n<=128,sr<=70%,kvB<=1k,kp<=8k,0.128,2
512,n<=128,sr<=70%,kvB<=1k,kp=0,0.1766,2
512,n<=128,sr<=70%,kvB<=4k,kp<=1k,0.0017,2
512,n<=128,sr<=70%,kvB<=4k,kp<=2k,-0.0012,2
512,n<=128,sr<=70%,kvB<=4k,kp<=4k,0.0096,2
512,n<=128,sr<=70%,kvB<=4k,kp<=512,0.0023,2
512,n<=128,sr<=70%,kvB<=4k,kp<=8k,0.0162,2
512,n<=128,sr<=70%,kvB<=4k,kp=0,0.0028,2
512,n<=128,sr>70%,kvB<=16k,kp<=1k,0.0017,4
512,n<=128,sr>70%,kvB<=16k,kp<=2k,0.0026,4
512,n<=128,sr>70%,kvB<=16k,kp<=4k,-0.0048,4
512,n<=128,sr>70%,kvB<=16k,kp<=512,0.0003,4
512,n<=128,sr>70%,kvB<=16k,kp<=8k,-0.0113,4
512,n<=128,sr>70%,kvB<=16k,kp=0,-0.0049,4
512,n<=128,sr>70%,kvB<=1k,kp<=1k,0.3588,4
512,n<=128,sr>70%,kvB<=1k,kp<=2k,0.4199,4
512,n<=128,sr>70%,kvB<=1k,kp<=4k,0.431,4
512,n<=128,sr>70%,kvB<=1k,kp<=512,0.295,4
512,n<=128,sr>70%,kvB<=1k,kp<=8k,0.4437,4
512,n<=128,sr>70%,kvB<=1k,kp=0,0.2886,4
512,n<=128,sr>70%,kvB<=4k,kp<=1k,-0.0138,4
512,n<=128,sr>70%,kvB<=4k,kp<=2k,-0.0123,4
512,n<=128,sr>70%,kvB<=4k,kp<=4k,-0.0049,4
512,n<=128,sr>70%,kvB<=4k,kp<=512,-0.0168,4
512,n<=128,sr>70%,kvB<=4k,kp<=8k,0.0261,4
512,n<=128,sr>70%,kvB<=4k,kp=0,-0.0081,4
512,n<=16,sr<=15%,kvB<=16k,kp<=1k,0.0704,4
512,n<=16,sr<=15%,kvB<=16k,kp<=2k,0.0584,4
512,n<=16,sr<=15%,kvB<=16k,kp<=4k,0.0272,4
512,n<=16,sr<=15%,kvB<=16k,kp<=512,0.0654,4
512,n<=16,sr<=15%,kvB<=16k,kp<=8k,0.0491,4
512,n<=16,sr<=15%,kvB<=16k,kp=0,0.1178,4
512,n<=16,sr<=15%,kvB<=1k,kp<=1k,0.0687,4
512,n<=16,sr<=15%,kvB<=1k,kp<=2k,0.0725,4
512,n<=16,sr<=15%,kvB<=1k,kp<=4k,0.0701,4
512,n<=16,sr<=15%,kvB<=1k,kp<=512,0.0802,4
512,n<=16,sr<=15%,kvB<=1k,kp<=8k,0.0993,4
512,n<=16,sr<=15%,kvB<=1k,kp=0,0.1279,4
512,n<=16,sr<=15%,kvB<=4k,kp<=1k,0.0622,4
512,n<=16,sr<=15%,kvB<=4k,kp<=2k,0.0565,4
512,n<=16,sr<=15%,kvB<=4k,kp<=4k,0.0117,4
512,n<=16,sr<=15%,kvB<=4k,kp<=512,0.0634,4
512,n<=16,sr<=15%,kvB<=4k,kp<=8k,0.0205,4
512,n<=16,sr<=15%,kvB<=4k,kp=0,0.0784,4
512,n<=16,sr<=40%,kvB<=16k,kp<=1k,0.0617,4
512,n<=16,sr<=40%,kvB<=16k,kp<=2k,0.0481,4
512,n<=16,sr<=40%,kvB<=16k,kp<=4k,-0.0091,4
512,n<=16,sr<=40%,kvB<=16k,kp<=512,0.0692,4
512,n<=16,sr<=40%,kvB<=16k,kp<=8k,0.0724,4
512,n<=16,sr<=40%,kvB<=16k,kp=0,0.1497,4
512,n<=16,sr<=40%,kvB<=1k,kp<=1k,0.0817,4
512,n<=16,sr<=40%,kvB<=1k,kp<=2k,0.0751,4
512,n<=16,sr<=40%,kvB<=1k,kp<=4k,0.0708,4
512,n<=16,sr<=40%,kvB<=1k,kp<=512,0.0937,4
512,n<=16,sr<=40%,kvB<=1k,kp<=8k,0.1078,4
512,n<=16,sr<=40%,kvB<=1k,kp=0,0.1261,4
512,n<=16,sr<=40%,kvB<=4k,kp<=1k,0.0574,4
512,n<=16,sr<=40%,kvB<=4k,kp<=2k,0.0614,4
512,n<=16,sr<=40%,kvB<=4k,kp<=4k,-0.0039,4
512,n<=16,sr<=40%,kvB<=4k,kp<=512,0.0535,4
512,n<=16,sr<=40%,kvB<=4k,kp<=8k,0.0101,4
512,n<=16,sr<=40%,kvB<=4k,kp=0,0.0522,4
512,n<=16,sr<=70%,kvB<=16k,kp<=1k,0.0796,2
512,n<=16,sr<=70%,kvB<=16k,kp<=2k,0.0485,2
512,n<=16,sr<=70%,kvB<=16k,kp<=4k,-0.0166,2
512,n<=16,sr<=70%,kvB<=16k,kp<=512,0.1121,2
512,n<=16,sr<=70%,kvB<=16k,kp<=8k,-0.0009,2
512,n<=16,sr<=70%,kvB<=16k,kp=0,0.3514,2
512,n<=16,sr<=70%,kvB<=1k,kp<=1k,0.0335,2
512,n<=16,sr<=70%,kvB<=1k,kp<=2k,0.0343,2
512,n<=16,sr<=70%,kvB<=1k,kp<=4k,0.0615,2
512,n<=16,sr<=70%,kvB<=1k,kp<=512,0.0972,2
512,n<=16,sr<=70%,kvB<=1k,kp<=8k,0.0717,2
512,n<=16,sr<=70%,kvB<=1k,kp=0,0.0992,2
512,n<=16,sr<=70%,kvB<=4k,kp<=1k,0.0981,2
512,n<=16,sr<=70%,kvB<=4k,kp<=2k,0.1156,2
512,n<=16,sr<=70%,kvB<=4k,kp<=4k,0.0158,2
512,n<=16,sr<=70%,kvB<=4k,kp<=512,-0.0242,2
512,n<=16,sr<=70%,kvB<=4k,kp<=8k,0.0393,2
512,n<=16,sr<=70%,kvB<=4k,kp=0,0.1313,2
512,n<=16,sr>70%,kvB<=16k,kp<=1k,0.1733,4
512,n<=16,sr>70%,kvB<=16k,kp<=2k,0.0614,4
512,n<=16,sr>70%,kvB<=16k,kp<=4k,0.0103,4
512,n<=16,sr>70%,kvB<=16k,kp<=512,0.231,4
512,n<=16,sr>70%,kvB<=16k,kp<=8k,0.0756,4
512,n<=16,sr>70%,kvB<=16k,kp=0,0.8184,4
512,n<=16,sr>70%,kvB<=1k,kp<=1k,0.2287,4
512,n<=16,sr>70%,kvB<=1k,kp<=2k,0.1921,4
512,n<=16,sr>70%,kvB<=1k,kp<=4k,0.2726,4
512,n<=16,sr>70%,kvB<=1k,kp<=512,0.2567,4
512,n<=16,sr>70%,kvB<=1k,kp<=8k,0.2194,4
512,n<=16,sr>70%,kvB<=1k,kp=0,0.2037,4
512,n<=16,sr>70%,kvB<=4k,kp<=1k,-0.1662,4
512,n<=16,sr>70%,kvB<=4k,kp<=2k,0.0158,4
512,n<=16,sr>70%,kvB<=4k,kp<=4k,0.1066,4
512,n<=16,sr>70%,kvB<=4k,kp<=512,0.0099,4
512,n<=16,sr>70%,kvB<=4k,kp<=8k,0.0068,4
512,n<=16,sr>70%,kvB<=4k,kp=0,0.3637,4
512,n<=2,sr<=70%,kvB<=16k,kp<=1k,0.2802,2
512,n<=2,sr<=70%,kvB<=16k,kp<=2k,0.4644,2
512,n<=2,sr<=70%,kvB<=16k,kp<=4k,0.5921,2
512,n<=2,sr<=70%,kvB<=16k,kp<=512,0.2024,2
512,n<=2,sr<=70%,kvB<=16k,kp<=8k,0.5766,2
512,n<=2,sr<=70%,kvB<=16k,kp=0,0.2866,2
512,n<=2,sr<=70%,kvB<=1k,kp<=1k,-0.0308,2
512,n<=2,sr<=70%,kvB<=1k,kp<=2k,0.4127,2
512,n<=2,sr<=70%,kvB<=1k,kp<=4k,0.2022,2
512,n<=2,sr<=70%,kvB<=1k,kp<=512,0.0588,2
512,n<=2,sr<=70%,kvB<=1k,kp<=8k,0.2377,2
512,n<=2,sr<=70%,kvB<=1k,kp=0,0.4645,2
512,n<=2,sr<=70%,kvB<=4k,kp<=1k,0.4771,2
512,n<=2,sr<=70%,kvB<=4k,kp<=2k,0.6288,2
512,n<=2,sr<=70%,kvB<=4k,kp<=4k,-0.115,2
512,n<=2,sr<=70%,kvB<=4k,kp<=512,0.4833,2
512,n<=2,sr<=70%,kvB<=4k,kp<=8k,0.3307,2
512,n<=2,sr<=70%,kvB<=4k,kp=0,0.4173,2
512,n<=32,sr<=15%,kvB<=16k,kp<=1k,0.0252,6
512,n<=32,sr<=15%,kvB<=16k,kp<=2k,0.0229,6
512,n<=32,sr<=15%,kvB<=16k,kp<=4k,0.0238,6
512,n<=32,sr<=15%,kvB<=16k,kp<=512,0.0266,6
512,n<=32,sr<=15%,kvB<=16k,kp<=8k,0.0232,6
512,n<=32,sr<=15%,kvB<=16k,kp=0,0.0928,6
512,n<=32,sr<=15%,kvB<=1k,kp<=1k,0.0592,6
512,n<=32,sr<=15%,kvB<=1k,kp<=2k,0.0677,6
512,n<=32,sr<=15%,kvB<=1k,kp<=4k,0.069,6
512,n<=32,sr<=15%,kvB<=1k,kp<=512,0.0636,6
512,n<=32,sr<=15%,kvB<=1k,kp<=8k,0.0688,6
512,n<=32,sr<=15%,kvB<=1k,kp=0,0.0759,6
512,n<=32,sr<=15%,kvB<=4k,kp<=1k,0.0291,6
512,n<=32,sr<=15%,kvB<=4k,kp<=2k,0.0261,6
512,n<=32,sr<=15%,kvB<=4k,kp<=4k,0.0134,6
512,n<=32,sr<=15%,kvB<=4k,kp<=512,0.0261,6
512,n<=32,sr<=15%,kvB<=4k,kp<=8k,0.0072,6
512,n<=32,sr<=15%,kvB<=4k,kp=0,0.029,6
512,n<=32,sr<=40%,kvB<=16k,kp<=1k,0.0206,2
512,n<=32,sr<=40%,kvB<=16k,kp<=2k,0.0163,2
512,n<=32,sr<=40%,kvB<=16k,kp<=4k,0.0209,2
512,n<=32,sr<=40%,kvB<=16k,kp<=512,0.0209,2
512,n<=32,sr<=40%,kvB<=16k,kp<=8k,0.0449,2
512,n<=32,sr<=40%,kvB<=16k,kp=0,0.116,2
512,n<=32,sr<=40%,kvB<=1k,kp<=1k,0.0881,2
512,n<=32,sr<=40%,kvB<=1k,kp<=2k,0.1099,2
512,n<=32,sr<=40%,kvB<=1k,kp<=4k,0.1128,2
512,n<=32,sr<=40%,kvB<=1k,kp<=512,0.0995,2
512,n<=32,sr<=40%,kvB<=1k,kp<=8k,0.1095,2
512,n<=32,sr<=40%,kvB<=1k,kp=0,0.0977,2
512,n<=32,sr<=40%,kvB<=4k,kp<=1k,0.0182,2
512,n<=32,sr<=40%,kvB<=4k,kp<=2k,0.0179,2
512,n<=32,sr<=40%,kvB<=4k,kp<=4k,0.0139,2
512,n<=32,sr<=40%,kvB<=4k,kp<=512,0.0127,2
512,n<=32,sr<=40%,kvB<=4k,kp<=8k,0.0144,2
512,n<=32,sr<=40%,kvB<=4k,kp=0,0.0252,2
512,n<=32,sr<=5%,kvB<=16k,kp<=1k,0.0282,2
512,n<=32,sr<=5%,kvB<=16k,kp<=2k,0.0275,2
512,n<=32,sr<=5%,kvB<=16k,kp<=4k,0.0302,2
512,n<=32,sr<=5%,kvB<=16k,kp<=512,0.0296,2
512,n<=32,sr<=5%,kvB<=16k,kp<=8k,0.0228,2
512,n<=32,sr<=5%,kvB<=16k,kp=0,0.0733,2
512,n<=32,sr<=5%,kvB<=1k,kp<=1k,0.0168,2
512,n<=32,sr<=5%,kvB<=1k,kp<=2k,0.0193,2
512,n<=32,sr<=5%,kvB<=1k,kp<=4k,0.0195,2
512,n<=32,sr<=5%,kvB<=1k,kp<=512,0.0194,2
512,n<=32,sr<=5%,kvB<=1k,kp<=8k,0.0137,2
512,n<=32,sr<=5%,kvB<=1k,kp=0,0.0356,2
512,n<=32,sr<=5%,kvB<=4k,kp<=1k,0.0357,2
512,n<=32,sr<=5%,kvB<=4k,kp<=2k,0.0324,2
512,n<=32,sr<=5%,kvB<=4k,kp<=4k,0.0234,2
512,n<=32,sr<=5%,kvB<=4k,kp<=512,0.0316,2
512,n<=32,sr<=5%,kvB<=4k,kp<=8k,0.0234,2
512,n<=32,sr<=5%,kvB<=4k,kp=0,0.0343,2
512,n<=32,sr<=70%,kvB<=16k,kp<=1k,0.0092,2
512,n<=32,sr<=70%,kvB<=16k,kp<=2k,0.0068,2
512,n<=32,sr<=70%,kvB<=16k,kp<=4k,0.0124,2
512,n<=32,sr<=70%,kvB<=16k,kp<=512,0.0098,2
512,n<=32,sr<=70%,kvB<=16k,kp<=8k,0.0078,2
512,n<=32,sr<=70%,kvB<=16k,kp=0,0.243,2
512,n<=32,sr<=70%,kvB<=1k,kp<=1k,0.0319,2
512,n<=32,sr<=70%,kvB<=1k,kp<=2k,0.0391,2
512,n<=32,sr<=70%,kvB<=1k,kp<=4k,0.0594,2
512,n<=32,sr<=70%,kvB<=1k,kp<=512,0.0933,2
512,n<=32,sr<=70%,kvB<=1k,kp<=8k,0.0506,2
512,n<=32,sr<=70%,kvB<=1k,kp=0,0.0801,2
512,n<=32,sr<=70%,kvB<=4k,kp<=1k,0.0129,2
512,n<=32,sr<=70%,kvB<=4k,kp<=2k,0.0375,2
512,n<=32,sr<=70%,kvB<=4k,kp<=4k,0.0112,2
512,n<=32,sr<=70%,kvB<=4k,kp<=512,0.0118,2
512,n<=32,sr<=70%,kvB<=4k,kp<=8k,-0.0024,2
512,n<=32,sr<=70%,kvB<=4k,kp=0,0.1656,2
512,n<=32,sr>70%,kvB<=16k,kp<=1k,0.0443,4
512,n<=32,sr>70%,kvB<=16k,kp<=2k,0.0428,4
512,n<=32,sr>70%,kvB<=16k,kp<=4k,0.0242,4
512,n<=32,sr>70%,kvB<=16k,kp<=512,0.0474,4
512,n<=32,sr>70%,kvB<=16k,kp<=8k,0.04,4
512,n<=32,sr>70%,kvB<=16k,kp=0,0.5524,4
512,n<=32,sr>70%,kvB<=1k,kp<=1k,0.1352,4
512,n<=32,sr>70%,kvB<=1k,kp<=2k,0.2182,4
512,n<=32,sr>70%,kvB<=1k,kp<=4k,0.3117,4
512,n<=32,sr>70%,kvB<=1k,kp<=512,0.1594,4
512,n<=32,sr>70%,kvB<=1k,kp<=8k,0.2893,4
512,n<=32,sr>70%,kvB<=1k,kp=0,0.1367,4
512,n<=32,sr>70%,kvB<=4k,kp<=1k,0.0064,4
512,n<=32,sr>70%,kvB<=4k,kp<=2k,0.0284,4
512,n<=32,sr>70%,kvB<=4k,kp<=4k,0.0929,4
512,n<=32,sr>70%,kvB<=4k,kp<=512,0.0162,4
512,n<=32,sr>70%,kvB<=4k,kp<=8k,0.0279,4
512,n<=32,sr>70%,kvB<=4k,kp=0,0.69,4
512,n<=4,sr<=40%,kvB<=16k,kp<=1k,0.2625,2
512,n<=4,sr<=40%,kvB<=16k,kp<=2k,0.3037,2
512,n<=4,sr<=40%,kvB<=16k,kp<=4k,0.3643,2
512,n<=4,sr<=40%,kvB<=16k,kp<=512,0.2695,2
512,n<=4,sr<=40%,kvB<=16k,kp<=8k,0.2991,2
512,n<=4,sr<=40%,kvB<=16k,kp=0,0.3063,2
512,n<=4,sr<=40%,kvB<=1k,kp<=1k,0.1491,2
512,n<=4,sr<=40%,kvB<=1k,kp<=2k,0.1343,2
512,n<=4,sr<=40%,kvB<=1k,kp<=4k,0.3209,2
512,n<=4,sr<=40%,kvB<=1k,kp<=512,0.17,2
512,n<=4,sr<=40%,kvB<=1k,kp<=8k,0.1763,2
512,n<=4,sr<=40%,kvB<=1k,kp=0,0.3434,2
512,n<=4,sr<=40%,kvB<=4k,kp<=1k,0.2776,2
512,n<=4,sr<=40%,kvB<=4k,kp<=2k,0.2645,2
512,n<=4,sr<=40%,kvB<=4k,kp<=4k,-0.0639,2
512,n<=4,sr<=40%,kvB<=4k,kp<=512,0.3178,2
512,n<=4,sr<=40%,kvB<=4k,kp<=8k,0.1044,2
512,n<=4,sr<=40%,kvB<=4k,kp=0,0.3028,2
512,n<=4,sr<=70%,kvB<=16k,kp<=1k,0.2407,2
512,n<=4,sr<=70%,kvB<=16k,kp<=2k,0.3301,2
512,n<=4,sr<=70%,kvB<=16k,kp<=4k,0.375,2
512,n<=4,sr<=70%,kvB<=16k,kp<=512,0.2272,2
512,n<=4,sr<=70%,kvB<=16k,kp<=8k,0.4327,2
512,n<=4,sr<=70%,kvB<=16k,kp=0,0.4646,2
512,n<=4,sr<=70%,kvB<=1k,kp<=1k,0.1122,2
512,n<=4,sr<=70%,kvB<=1k,kp<=2k,0.0407,2
512,n<=4,sr<=70%,kvB<=1k,kp<=4k,0.2304,2
512,n<=4,sr<=70%,kvB<=1k,kp<=512,0.1745,2
512,n<=4,sr<=70%,kvB<=1k,kp<=8k,0.1217,2
512,n<=4,sr<=70%,kvB<=1k,kp=0,0.3035,2
512,n<=4,sr<=70%,kvB<=4k,kp<=1k,0.2847,2
512,n<=4,sr<=70%,kvB<=4k,kp<=2k,0.356,2
512,n<=4,sr<=70%,kvB<=4k,kp<=4k,0.1757,2
512,n<=4,sr<=70%,kvB<=4k,kp<=512,0.2894,2
512,n<=4,sr<=70%,kvB<=4k,kp<=8k,0.1565,2
512,n<=4,sr<=70%,kvB<=4k,kp=0,0.2663,2
512,n<=4,sr>70%,kvB<=16k,kp<=1k,0.0687,2
512,n<=4,sr>70%,kvB<=16k,kp<=2k,0.2436,2
512,n<=4,sr>70%,kvB<=16k,kp<=4k,0.2782,2
512,n<=4,sr>70%,kvB<=16k,kp<=512,0.043,2
512,n<=4,sr>70%,kvB<=16k,kp<=8k,0.4177,2
512,n<=4,sr>70%,kvB<=16k,kp=0,0.4798,2
512,n<=4,sr>70%,kvB<=1k,kp<=1k,0.2355,2
512,n<=4,sr>70%,kvB<=1k,kp<=2k,0.1933,2
512,n<=4,sr>70%,kvB<=1k,kp<=4k,0.0552,2
512,n<=4,sr>70%,kvB<=1k,kp<=512,0.3636,2
512,n<=4,sr>70%,kvB<=1k,kp<=8k,0.3195,2
512,n<=4,sr>70%,kvB<=1k,kp=0,0.4133,2
512,n<=4,sr>70%,kvB<=4k,kp<=1k,0.2858,2
512,n<=4,sr>70%,kvB<=4k,kp<=2k,0.3312,2
512,n<=4,sr>70%,kvB<=4k,kp<=4k,0.2058,2
512,n<=4,sr>70%,kvB<=4k,kp<=512,0.3103,2
512,n<=4,sr>70%,kvB<=4k,kp<=8k,0.4553,2
512,n<=4,sr>70%,kvB<=4k,kp=0,0.1127,2
512,n<=64,sr<=15%,kvB<=16k,kp<=1k,0.0094,4
512,n<=64,sr<=15%,kvB<=16k,kp<=2k,0.0088,4
512,n<=64,sr<=15%,kvB<=16k,kp<=4k,0.0074,4
512,n<=64,sr<=15%,kvB<=16k,kp<=512,0.0091,4
512,n<=64,sr<=15%,kvB<=16k,kp<=8k,0.0083,4
512,n<=64,sr<=15%,kvB<=16k,kp=0,0.0099,4
512,n<=64,sr<=15%,kvB<=1k,kp<=1k,0.0741,4
512,n<=64,sr<=15%,kvB<=1k,kp<=2k,0.0897,4
512,n<=64,sr<=15%,kvB<=1k,kp<=4k,0.089,4
512,n<=64,sr<=15%,kvB<=1k,kp<=512,0.0638,4
512,n<=64,sr<=15%,kvB<=1k,kp<=8k,0.0976,4
512,n<=64,sr<=15%,kvB<=1k,kp=0,0.066,4
512,n<=64,sr<=15%,kvB<=4k,kp<=1k,0.0119,4
512,n<=64,sr<=15%,kvB<=4k,kp<=2k,0.0117,4
512,n<=64,sr<=15%,kvB<=4k,kp<=4k,0.0084,4
512,n<=64,sr<=15%,kvB<=4k,kp<=512,0.0082,4
512,n<=64,sr<=15%,kvB<=4k,kp<=8k,0.0115,4
512,n<=64,sr<=15%,kvB<=4k,kp=0,0.0081,4
512,n<=64,sr<=40%,kvB<=16k,kp<=1k,0.0061,2
512,n<=64,sr<=40%,kvB<=16k,kp<=2k,0.0049,2
512,n<=64,sr<=40%,kvB<=16k,kp<=4k,-0.0008,2
512,n<=64,sr<=40%,kvB<=16k,kp<=512,0.0054,2
512,n<=64,sr<=40%,kvB<=16k,kp<=8k,-0.0013,2
512,n<=64,sr<=40%,kvB<=16k,kp=0,0.0041,2
512,n<=64,sr<=40%,kvB<=1k,kp<=1k,0.0798,2
512,n<=64,sr<=40%,kvB<=1k,kp<=2k,0.1239,2
512,n<=64,sr<=40%,kvB<=1k,kp<=4k,0.147,2
512,n<=64,sr<=40%,kvB<=1k,kp<=512,0.095,2
512,n<=64,sr<=40%,kvB<=1k,kp<=8k,0.1731,2
512,n<=64,sr<=40%,kvB<=1k,kp=0,0.0891,2
512,n<=64,sr<=40%,kvB<=4k,kp<=1k,-0.0018,2
512,n<=64,sr<=40%,kvB<=4k,kp<=2k,-0.0038,2
512,n<=64,sr<=40%,kvB<=4k,kp<=4k,-0.0055,2
512,n<=64,sr<=40%,kvB<=4k,kp<=512,-0.0072,2
512,n<=64,sr<=40%,kvB<=4k,kp<=8k,-0.0055,2
512,n<=64,sr<=40%,kvB<=4k,kp=0,-0.005,2
512,n<=64,sr<=5%,kvB<=16k,kp<=1k,0.0111,6
512,n<=64,sr<=5%,kvB<=16k,kp<=2k,0.0105,6
512,n<=64,sr<=5%,kvB<=16k,kp<=4k,0.0089,6
512,n<=64,sr<=5%,kvB<=16k,kp<=512,0.0124,6
512,n<=64,sr<=5%,kvB<=16k,kp<=8k,0.0087,6
512,n<=64,sr<=5%,kvB<=16k,kp=0,0.0119,6
512,n<=64,sr<=5%,kvB<=1k,kp<=1k,0.0215,6
512,n<=64,sr<=5%,kvB<=1k,kp<=2k,0.0342,6
512,n<=64,sr<=5%,kvB<=1k,kp<=4k,0.0536,6
512,n<=64,sr<=5%,kvB<=1k,kp<=512,0.0274,6
512,n<=64,sr<=5%,kvB<=1k,kp<=8k,0.0707,6
512,n<=64,sr<=5%,kvB<=1k,kp=0,0.0159,6
512,n<=64,sr<=5%,kvB<=4k,kp<=1k,0.0131,6
512,n<=64,sr<=5%,kvB<=4k,kp<=2k,0.012,6
512,n<=64,sr<=5%,kvB<=4k,kp<=4k,0.0054,6
512,n<=64,sr<=5%,kvB<=4k,kp<=512,0.0126,6
512,n<=64,sr<=5%,kvB<=4k,kp<=8k,0.0103,6
512,n<=64,sr<=5%,kvB<=4k,kp=0,0.0128,6
512,n<=64,sr<=70%,kvB<=16k,kp<=1k,0.001,2
512,n<=64,sr<=70%,kvB<=16k,kp<=2k,0.0041,2
512,n<=64,sr<=70%,kvB<=16k,kp<=4k,0.0008,2
512,n<=64,sr<=70%,kvB<=16k,kp<=512,-0.0013,2
512,n<=64,sr<=70%,kvB<=16k,kp<=8k,-0.01,2
512,n<=64,sr<=70%,kvB<=16k,kp=0,0.0,2
512,n<=64,sr<=70%,kvB<=1k,kp<=1k,0.0708,2
512,n<=64,sr<=70%,kvB<=1k,kp<=2k,0.0655,2
512,n<=64,sr<=70%,kvB<=1k,kp<=4k,0.0651,2
512,n<=64,sr<=70%,kvB<=1k,kp<=512,0.0899,2
512,n<=64,sr<=70%,kvB<=1k,kp<=8k,0.0461,2
512,n<=64,sr<=70%,kvB<=1k,kp=0,0.0592,2
512,n<=64,sr<=70%,kvB<=4k,kp<=1k,-0.0083,2
512,n<=64,sr<=70%,kvB<=4k,kp<=2k,-0.0109,2
512,n<=64,sr<=70%,kvB<=4k,kp<=4k,0.0117,2
512,n<=64,sr<=70%,kvB<=4k,kp<=512,-0.0121,2
512,n<=64,sr<=70%,kvB<=4k,kp<=8k,0.0163,2
512,n<=64,sr<=70%,kvB<=4k,kp=0,-0.0061,2
512,n<=64,sr>70%,kvB<=16k,kp<=1k,0.0041,4
512,n<=64,sr>70%,kvB<=16k,kp<=2k,0.0103,4
512,n<=64,sr>70%,kvB<=16k,kp<=4k,0.0211,4
512,n<=64,sr>70%,kvB<=16k,kp<=512,0.0028,4
512,n<=64,sr>70%,kvB<=16k,kp<=8k,0.0248,4
512,n<=64,sr>70%,kvB<=16k,kp=0,-0.0034,4
512,n<=64,sr>70%,kvB<=1k,kp<=1k,0.3503,4
512,n<=64,sr>70%,kvB<=1k,kp<=2k,0.3941,4
512,n<=64,sr>70%,kvB<=1k,kp<=4k,0.4354,4
512,n<=64,sr>70%,kvB<=1k,kp<=512,0.3599,4
512,n<=64,sr>70%,kvB<=1k,kp<=8k,0.276,4
512,n<=64,sr>70%,kvB<=1k,kp=0,0.267,4
512,n<=64,sr>70%,kvB<=4k,kp<=1k,-0.0012,4
512,n<=64,sr>70%,kvB<=4k,kp<=2k,0.0123,4
512,n<=64,sr>70%,kvB<=4k,kp<=4k,0.0292,4
512,n<=64,sr>70%,kvB<=4k,kp<=512,-0.0092,4
512,n<=64,sr>70%,kvB<=4k,kp<=8k,0.0529,4
512,n<=64,sr>70%,kvB<=4k,kp=0,-0.0054,4
512,n<=8,sr<=15%,kvB<=16k,kp<=1k,0.149,2
512,n<=8,sr<=15%,kvB<=16k,kp<=2k,0.119,2
512,n<=8,sr<=15%,kvB<=16k,kp<=4k,0.1499,2
512,n<=8,sr<=15%,kvB<=16k,kp<=512,0.1475,2
512,n<=8,sr<=15%,kvB<=16k,kp<=8k,0.1155,2
512,n<=8,sr<=15%,kvB<=16k,kp=0,0.2026,2
512,n<=8,sr<=15%,kvB<=1k,kp<=1k,0.0992,2
512,n<=8,sr<=15%,kvB<=1k,kp<=2k,0.0972,2
512,n<=8,sr<=15%,kvB<=1k,kp<=4k,0.1406,2
512,n<=8,sr<=15%,kvB<=1k,kp<=512,0.1112,2
512,n<=8,sr<=15%,kvB<=1k,kp<=8k,0.117,2
512,n<=8,sr<=15%,kvB<=1k,kp=0,0.219,2
512,n<=8,sr<=15%,kvB<=4k,kp<=1k,0.1563,2
512,n<=8,sr<=15%,kvB<=4k,kp<=2k,0.1078,2
512,n<=8,sr<=15%,kvB<=4k,kp<=4k,-0.0291,2
512,n<=8,sr<=15%,kvB<=4k,kp<=512,0.1642,2
512,n<=8,sr<=15%,kvB<=4k,kp<=8k,0.0411,2
512,n<=8,sr<=15%,kvB<=4k,kp=0,0.1626,2
512,n<=8,sr<=40%,kvB<=16k,kp<=1k,0.1254,4
512,n<=8,sr<=40%,kvB<=16k,kp<=2k,0.1248,4
512,n<=8,sr<=40%,kvB<=16k,kp<=4k,0.1525,4
512,n<=8,sr<=40%,kvB<=16k,kp<=512,0.1629,4
512,n<=8,sr<=40%,kvB<=16k,kp<=8k,0.1987,4
512,n<=8,sr<=40%,kvB<=16k,kp=0,0.243,4
512,n<=8,sr<=40%,kvB<=1k,kp<=1k,0.0898,4
512,n<=8,sr<=40%,kvB<=1k,kp<=2k,0.0717,4
512,n<=8,sr<=40%,kvB<=1k,kp<=4k,0.1192,4
512,n<=8,sr<=40%,kvB<=1k,kp<=512,0.1253,4
512,n<=8,sr<=40%,kvB<=1k,kp<=8k,0.1341,4
512,n<=8,sr<=40%,kvB<=1k,kp=0,0.2,4
512,n<=8,sr<=40%,kvB<=4k,kp<=1k,0.1491,4
512,n<=8,sr<=40%,kvB<=4k,kp<=2k,0.1618,4
512,n<=8,sr<=40%,kvB<=4k,kp<=4k,-0.0334,4
512,n<=8,sr<=40%,kvB<=4k,kp<=512,0.1434,4
512,n<=8,sr<=40%,kvB<=4k,kp<=8k,-0.0045,4
512,n<=8,sr<=40%,kvB<=4k,kp=0,0.1423,4
512,n<=8,sr<=70%,kvB<=16k,kp<=1k,0.1606,2
512,n<=8,sr<=70%,kvB<=16k,kp<=2k,0.1149,2
512,n<=8,sr<=70%,kvB<=16k,kp<=4k,-0.0505,2
512,n<=8,sr<=70%,kvB<=16k,kp<=512,0.2261,2
512,n<=8,sr<=70%,kvB<=16k,kp<=8k,0.1219,2
512,n<=8,sr<=70%,kvB<=16k,kp=0,0.4386,2
512,n<=8,sr<=70%,kvB<=1k,kp<=1k,0.0566,2
512,n<=8,sr<=70%,kvB<=1k,kp<=2k,0.0195,2
512,n<=8,sr<=70%,kvB<=1k,kp<=4k,0.0687,2
512,n<=8,sr<=70%,kvB<=1k,kp<=512,0.1184,2
512,n<=8,sr<=70%,kvB<=1k,kp<=8k,0.0898,2
512,n<=8,sr<=70%,kvB<=1k,kp=0,0.1892,2
512,n<=8,sr<=70%,kvB<=4k,kp<=1k,0.1704,2
512,n<=8,sr<=70%,kvB<=4k,kp<=2k,0.2,2
512,n<=8,sr<=70%,kvB<=4k,kp<=4k,-0.0294,2
512,n<=8,sr<=70%,kvB<=4k,kp<=512,0.1214,2
512,n<=8,sr<=70%,kvB<=4k,kp<=8k,-0.0381,2
512,n<=8,sr<=70%,kvB<=4k,kp=0,0.1272,2
512,n<=8,sr>70%,kvB<=16k,kp<=1k,0.262,4
512,n<=8,sr>70%,kvB<=16k,kp<=2k,0.1057,4
512,n<=8,sr>70%,kvB<=16k,kp<=4k,-0.002,4
512,n<=8,sr>70%,kvB<=16k,kp<=512,0.6046,4
512,n<=8,sr>70%,kvB<=16k,kp<=8k,0.2816,4
512,n<=8,sr>70%,kvB<=16k,kp=0,0.9892,4
512,n<=8,sr>70%,kvB<=1k,kp<=1k,0.2298,4
512,n<=8,sr>70%,kvB<=1k,kp<=2k,0.1796,4
512,n<=8,sr>70%,kvB<=1k,kp<=4k,0.2432,4
512,n<=8,sr>70%,kvB<=1k,kp<=512,0.3352,4
512,n<=8,sr>70%,kvB<=1k,kp<=8k,0.2641,4
512,n<=8,sr>70%,kvB<=1k,kp=0,0.3699,4
512,n<=8,sr>70%,kvB<=4k,kp<=1k,0.0959,4
512,n<=8,sr>70%,kvB<=4k,kp<=2k,0.2028,4
512,n<=8,sr>70%,kvB<=4k,kp<=4k,0.4138,4
512,n<=8,sr>70%,kvB<=4k,kp<=512,0.2894,4
512,n<=8,sr>70%,kvB<=4k,kp<=8k,0.1284,4
512,n<=8,sr>70%,kvB<=4k,kp=0,0.1762,4
1024,n<=128,sr<=15%,kvB<=16k,kp<=1k,-0.0008,4
1024,n<=128,sr<=15%,kvB<=16k,kp<=2k,-0.0008,4
1024,n<=128,sr<=15%,kvB<=16k,kp<=4k,-0.002,4
1024,n<=128,sr<=15%,kvB<=16k,kp<=512,0.0,4
1024,n<=128,sr<=15%,kvB<=16k,kp<=8k,0.0031,4
1024,n<=128,sr<=15%,kvB<=16k,kp=0,0.0011,4
1024,n<=128,sr<=15%,kvB<=1k,kp<=1k,0.0897,4
1024,n<=128,sr<=15%,kvB<=1k,kp<=2k,0.0907,4
1024,n<=128,sr<=15%,kvB<=1k,kp<=4k,0.0937,4
1024,n<=128,sr<=15%,kvB<=1k,kp<=512,0.0843,4
1024,n<=128,sr<=15%,kvB<=1k,kp<=8k,0.1409,4
1024,n<=128,sr<=15%,kvB<=1k,kp=0,0.0755,4
1024,n<=128,sr<=15%,kvB<=4k,kp<=1k,0.0075,4
1024,n<=128,sr<=15%,kvB<=4k,kp<=2k,0.005,4
1024,n<=128,sr<=15%,kvB<=4k,kp<=4k,0.012,4
1024,n<=128,sr<=15%,kvB<=4k,kp<=512,0.0084,4
1024,n<=128,sr<=15%,kvB<=4k,kp<=8k,0.0137,4
1024,n<=128,sr<=15%,kvB<=4k,kp=0,0.0044,4
1024,n<=128,sr<=40%,kvB<=16k,kp<=1k,0.0006,2
1024,n<=128,sr<=40%,kvB<=16k,kp<=2k,-0.0013,2
1024,n<=128,sr<=40%,kvB<=16k,kp<=4k,-0.0028,2
1024,n<=128,sr<=40%,kvB<=16k,kp<=512,0.0002,2
1024,n<=128,sr<=40%,kvB<=16k,kp<=8k,-0.0172,2
1024,n<=128,sr<=40%,kvB<=16k,kp=0,-0.001,2
1024,n<=128,sr<=40%,kvB<=1k,kp<=1k,0.1175,2
1024,n<=128,sr<=40%,kvB<=1k,kp<=2k,0.1533,2
1024,n<=128,sr<=40%,kvB<=1k,kp<=4k,0.1288,2
1024,n<=128,sr<=40%,kvB<=1k,kp<=512,0.1431,2
1024,n<=128,sr<=40%,kvB<=1k,kp<=8k,0.2114,2
1024,n<=128,sr<=40%,kvB<=1k,kp=0,0.1169,2
1024,n<=128,sr<=40%,kvB<=4k,kp<=1k,0.0002,2
1024,n<=128,sr<=40%,kvB<=4k,kp<=2k,0.0075,2
1024,n<=128,sr<=40%,kvB<=4k,kp<=4k,-0.0171,2
1024,n<=128,sr<=40%,kvB<=4k,kp<=512,0.0124,2
1024,n<=128,sr<=40%,kvB<=4k,kp<=8k,0.0004,2
1024,n<=128,sr<=40%,kvB<=4k,kp=0,0.0159,2
1024,n<=128,sr<=5%,kvB<=16k,kp<=1k,0.0017,8
1024,n<=128,sr<=5%,kvB<=16k,kp<=2k,0.0013,8
1024,n<=128,sr<=5%,kvB<=16k,kp<=4k,0.0001,8
1024,n<=128,sr<=5%,kvB<=16k,kp<=512,0.0025,8
1024,n<=128,sr<=5%,kvB<=16k,kp<=8k,0.0014,8
1024,n<=128,sr<=5%,kvB<=16k,kp=0,0.0029,8
1024,n<=128,sr<=5%,kvB<=1k,kp<=1k,0.0345,8
1024,n<=128,sr<=5%,kvB<=1k,kp<=2k,0.0478,8
1024,n<=128,sr<=5%,kvB<=1k,kp<=4k,0.0467,8
1024,n<=128,sr<=5%,kvB<=1k,kp<=512,0.0475,8
1024,n<=128,sr<=5%,kvB<=1k,kp<=8k,0.0349,8
1024,n<=128,sr<=5%,kvB<=1k,kp=0,0.0306,8
1024,n<=128,sr<=5%,kvB<=4k,kp<=1k,0.0038,8
1024,n<=128,sr<=5%,kvB<=4k,kp<=2k,0.0033,8
1024,n<=128,sr<=5%,kvB<=4k,kp<=4k,0.0084,8
1024,n<=128,sr<=5%,kvB<=4k,kp<=512,0.0033,8
1024,n<=128,sr<=5%,kvB<=4k,kp<=8k,-0.0072,8
1024,n<=128,sr<=5%,kvB<=4k,kp=0,0.0041,8
1024,n<=128,sr<=70%,kvB<=16k,kp<=1k,0.0008,2
1024,n<=128,sr<=70%,kvB<=16k,kp<=2k,-0.0028,2
1024,n<=128,sr<=70%,kvB<=16k,kp<=4k,-0.009,2
1024,n<=128,sr<=70%,kvB<=16k,kp<=512,-0.0011,2
1024,n<=128,sr<=70%,kvB<=16k,kp<=8k,-0.0166,2
1024,n<=128,sr<=70%,kvB<=16k,kp=0,-0.0016,2
1024,n<=128,sr<=70%,kvB<=1k,kp<=1k,0.2035,2
1024,n<=128,sr<=70%,kvB<=1k,kp<=2k,0.1863,2
1024,n<=128,sr<=70%,kvB<=1k,kp<=4k,0.1295,2
1024,n<=128,sr<=70%,kvB<=1k,kp<=512,0.0877,2
1024,n<=128,sr<=70%,kvB<=1k,kp<=8k,0.1004,2
1024,n<=128,sr<=70%,kvB<=1k,kp=0,0.1713,2
1024,n<=128,sr<=70%,kvB<=4k,kp<=1k,0.0188,2
1024,n<=128,sr<=70%,kvB<=4k,kp<=2k,-0.0,2
1024,n<=128,sr<=70%,kvB<=4k,kp<=4k,0.0029,2
1024,n<=128,sr<=70%,kvB<=4k,kp<=512,0.0249,2
1024,n<=128,sr<=70%,kvB<=4k,kp<=8k,0.0055,2
1024,n<=128,sr<=70%,kvB<=4k,kp=0,0.0326,2
1024,n<=128,sr>70%,kvB<=16k,kp<=1k,0.0078,4
1024,n<=128,sr>70%,kvB<=16k,kp<=2k,0.0113,4
1024,n<=128,sr>70%,kvB<=16k,kp<=4k,0.0163,4
1024,n<=128,sr>70%,kvB<=16k,kp<=512,0.0057,4
1024,n<=128,sr>70%,kvB<=16k,kp<=8k,-0.005,4
1024,n<=128,sr>70%,kvB<=16k,kp=0,0.0053,4
1024,n<=128,sr>70%,kvB<=1k,kp<=1k,0.489,4
1024,n<=128,sr>70%,kvB<=1k,kp<=2k,0.3316,4
1024,n<=128,sr>70%,kvB<=1k,kp<=4k,0.4126,4
1024,n<=128,sr>70%,kvB<=1k,kp<=512,0.2915,4
1024,n<=128,sr>70%,kvB<=1k,kp<=8k,0.4455,4
1024,n<=128,sr>70%,kvB<=1k,kp=0,0.4008,4
1024,n<=128,sr>70%,kvB<=4k,kp<=1k,-0.0227,4
1024,n<=128,sr>70%,kvB<=4k,kp<=2k,-0.0263,4
1024,n<=128,sr>70%,kvB<=4k,kp<=4k,0.0281,4
1024,n<=128,sr>70%,kvB<=4k,kp<=512,-0.0127,4
1024,n<=128,sr>70%,kvB<=4k,kp<=8k,0.0375,4
1024,n<=128,sr>70%,kvB<=4k,kp=0,-0.0027,4
1024,n<=16,sr<=15%,kvB<=16k,kp<=1k,0.0549,4
1024,n<=16,sr<=15%,kvB<=16k,kp<=2k,0.056,4
1024,n<=16,sr<=15%,kvB<=16k,kp<=4k,0.0722,4
1024,n<=16,sr<=15%,kvB<=16k,kp<=512,0.0595,4
1024,n<=16,sr<=15%,kvB<=16k,kp<=8k,0.0465,4
1024,n<=16,sr<=15%,kvB<=16k,kp=0,0.0602,4
1024,n<=16,sr<=15%,kvB<=1k,kp<=1k,0.0627,4
1024,n<=16,sr<=15%,kvB<=1k,kp<=2k,0.0533,4
1024,n<=16,sr<=15%,kvB<=1k,kp<=4k,0.0267,4
1024,n<=16,sr<=15%,kvB<=1k,kp<=512,0.0837,4
1024,n<=16,sr<=15%,kvB<=1k,kp<=8k,0.1063,4
1024,n<=16,sr<=15%,kvB<=1k,kp=0,0.071,4
1024,n<=16,sr<=15%,kvB<=4k,kp<=1k,0.0792,4
1024,n<=16,sr<=15%,kvB<=4k,kp<=2k,0.0533,4
1024,n<=16,sr<=15%,kvB<=4k,kp<=4k,0.0063,4
1024,n<=16,sr<=15%,kvB<=4k,kp<=512,0.072,4
1024,n<=16,sr<=15%,kvB<=4k,kp<=8k,-0.0187,4
1024,n<=16,sr<=15%,kvB<=4k,kp=0,0.0696,4
1024,n<=16,sr<=40%,kvB<=16k,kp<=1k,0.0546,4
1024,n<=16,sr<=40%,kvB<=16k,kp<=2k,0.0572,4
1024,n<=16,sr<=40%,kvB<=16k,kp<=4k,0.0595,4
1024,n<=16,sr<=40%,kvB<=16k,kp<=512,0.0555,4
1024,n<=16,sr<=40%,kvB<=16k,kp<=8k,0.0685,4
1024,n<=16,sr<=40%,kvB<=16k,kp=0,0.0558,4
1024,n<=16,sr<=40%,kvB<=1k,kp<=1k,0.073,4
1024,n<=16,sr<=40%,kvB<=1k,kp<=2k,0.0792,4
1024,n<=16,sr<=40%,kvB<=1k,kp<=4k,0.1176,4
1024,n<=16,sr<=40%,kvB<=1k,kp<=512,0.056,4
1024,n<=16,sr<=40%,kvB<=1k,kp<=8k,0.1651,4
1024,n<=16,sr<=40%,kvB<=1k,kp=0,0.1017,4
1024,n<=16,sr<=40%,kvB<=4k,kp<=1k,0.092,4
1024,n<=16,sr<=40%,kvB<=4k,kp<=2k,0.059,4
1024,n<=16,sr<=40%,kvB<=4k,kp<=4k,0.0297,4
1024,n<=16,sr<=40%,kvB<=4k,kp<=512,0.0544,4
1024,n<=16,sr<=40%,kvB<=4k,kp<=8k,0.0785,4
1024,n<=16,sr<=40%,kvB<=4k,kp=0,0.0558,4
1024,n<=16,sr<=70%,kvB<=16k,kp<=1k,0.0349,2
1024,n<=16,sr<=70%,kvB<=16k,kp<=2k,0.0374,2
1024,n<=16,sr<=70%,kvB<=16k,kp<=4k,0.0277,2
1024,n<=16,sr<=70%,kvB<=16k,kp<=512,0.0541,2
1024,n<=16,sr<=70%,kvB<=16k,kp<=8k,0.0667,2
1024,n<=16,sr<=70%,kvB<=16k,kp=0,0.0638,2
1024,n<=16,sr<=70%,kvB<=1k,kp<=1k,0.0423,2
1024,n<=16,sr<=70%,kvB<=1k,kp<=2k,0.1252,2
1024,n<=16,sr<=70%,kvB<=1k,kp<=4k,-0.0378,2
1024,n<=16,sr<=70%,kvB<=1k,kp<=512,0.0051,2
1024,n<=16,sr<=70%,kvB<=1k,kp<=8k,-0.0086,2
1024,n<=16,sr<=70%,kvB<=1k,kp=0,0.0992,2
1024,n<=16,sr<=70%,kvB<=4k,kp<=1k,0.0544,2
1024,n<=16,sr<=70%,kvB<=4k,kp<=2k,0.1455,2
1024,n<=16,sr<=70%,kvB<=4k,kp<=4k,-0.1578,2
1024,n<=16,sr<=70%,kvB<=4k,kp<=512,0.0301,2
1024,n<=16,sr<=70%,kvB<=4k,kp<=8k,0.086,2
1024,n<=16,sr<=70%,kvB<=4k,kp=0,0.0258,2
1024,n<=16,sr>70%,kvB<=16k,kp<=1k,0.0705,4
1024,n<=16,sr>70%,kvB<=16k,kp<=2k,-0.0002,4
1024,n<=16,sr>70%,kvB<=16k,kp<=4k,0.1198,4
1024,n<=16,sr>70%,kvB<=16k,kp<=512,0.103,4
1024,n<=16,sr>70%,kvB<=16k,kp<=8k,-0.0319,4
1024,n<=16,sr>70%,kvB<=16k,kp=0,0.1802,4
1024,n<=16,sr>70%,kvB<=1k,kp<=1k,0.3112,4
1024,n<=16,sr>70%,kvB<=1k,kp<=2k,0.2384,4
1024,n<=16,sr>70%,kvB<=1k,kp<=4k,0.3704,4
1024,n<=16,sr>70%,kvB<=1k,kp<=512,0.2591,4
1024,n<=16,sr>70%,kvB<=1k,kp<=8k,0.2871,2
1024,n<=16,sr>70%,kvB<=1k,kp=0,0.2991,4
1024,n<=16,sr>70%,kvB<=4k,kp<=1k,0.0423,4
1024,n<=16,sr>70%,kvB<=4k,kp<=2k,0.0612,4
1024,n<=16,sr>70%,kvB<=4k,kp<=4k,0.3835,4
1024,n<=16,sr>70%,kvB<=4k,kp<=512,0.0048,4
1024,n<=16,sr>70%,kvB<=4k,kp<=8k,0.0902,3
1024,n<=16,sr>70%,kvB<=4k,kp=0,0.0435,4
1024,n<=2,sr<=70%,kvB<=16k,kp<=1k,0.4966,2
1024,n<=2,sr<=70%,kvB<=16k,kp<=2k,0.5134,2
1024,n<=2,sr<=70%,kvB<=16k,kp<=4k,0.5421,2
1024,n<=2,sr<=70%,kvB<=16k,kp<=512,0.4323,2
1024,n<=2,sr<=70%,kvB<=16k,kp<=8k,0.6382,1
1024,n<=2,sr<=70%,kvB<=16k,kp=0,0.3069,2
1024,n<=2,sr<=70%,kvB<=1k,kp<=1k,-0.1431,2
1024,n<=2,sr<=70%,kvB<=1k,kp<=2k,-0.1318,2
1024,n<=2,sr<=70%,kvB<=1k,kp<=4k,0.5281,2
1024,n<=2,sr<=70%,kvB<=1k,kp<=512,-0.0139,2
1024,n<=2,sr<=70%,kvB<=1k,kp<=8k,0.8836,2
1024,n<=2,sr<=70%,kvB<=1k,kp=0,0.118,2
1024,n<=2,sr<=70%,kvB<=4k,kp<=1k,0.427,2
1024,n<=2,sr<=70%,kvB<=4k,kp<=2k,0.379,2
1024,n<=2,sr<=70%,kvB<=4k,kp<=4k,0.1779,2
1024,n<=2,sr<=70%,kvB<=4k,kp<=512,0.4561,2
1024,n<=2,sr<=70%,kvB<=4k,kp<=8k,0.223,2
1024,n<=2,sr<=70%,kvB<=4k,kp=0,0.4919,2
1024,n<=32,sr<=15%,kvB<=16k,kp<=1k,0.0273,6
1024,n<=32,sr<=15%,kvB<=16k,kp<=2k,0.0208,6
1024,n<=32,sr<=15%,kvB<=16k,kp<=4k,0.0263,6
1024,n<=32,sr<=15%,kvB<=16k,kp<=512,0.0287,6
1024,n<=32,sr<=15%,kvB<=16k,kp<=8k,0.0317,6
1024,n<=32,sr<=15%,kvB<=16k,kp=0,0.0266,6
1024,n<=32,sr<=15%,kvB<=1k,kp<=1k,0.0666,6
1024,n<=32,sr<=15%,kvB<=1k,kp<=2k,0.0328,6
1024,n<=32,sr<=15%,kvB<=1k,kp<=4k,0.1126,6
1024,n<=32,sr<=15%,kvB<=1k,kp<=512,0.0612,6
1024,n<=32,sr<=15%,kvB<=1k,kp<=8k,0.1146,6
1024,n<=32,sr<=15%,kvB<=1k,kp=0,0.0798,6
1024,n<=32,sr<=15%,kvB<=4k,kp<=1k,0.0364,6
1024,n<=32,sr<=15%,kvB<=4k,kp<=2k,0.0403,6
1024,n<=32,sr<=15%,kvB<=4k,kp<=4k,-0.0079,6
1024,n<=32,sr<=15%,kvB<=4k,kp<=512,0.0377,6
1024,n<=32,sr<=15%,kvB<=4k,kp<=8k,0.0027,6
1024,n<=32,sr<=15%,kvB<=4k,kp=0,0.0285,6
1024,n<=32,sr<=40%,kvB<=16k,kp<=1k,0.031,2
1024,n<=32,sr<=40%,kvB<=16k,kp<=2k,0.0328,2
1024,n<=32,sr<=40%,kvB<=16k,kp<=4k,0.0295,2
1024,n<=32,sr<=40%,kvB<=16k,kp<=512,0.0343,2
1024,n<=32,sr<=40%,kvB<=16k,kp<=8k,0.0101,2
1024,n<=32,sr<=40%,kvB<=16k,kp=0,0.0235,2
1024,n<=32,sr<=40%,kvB<=1k,kp<=1k,0.1231,2
1024,n<=32,sr<=40%,kvB<=1k,kp<=2k,0.1112,2
1024,n<=32,sr<=40%,kvB<=1k,kp<=4k,0.1467,2
1024,n<=32,sr<=40%,kvB<=1k,kp<=512,0.1323,2
1024,n<=32,sr<=40%,kvB<=1k,kp<=8k,0.1496,2
1024,n<=32,sr<=40%,kvB<=1k,kp=0,0.1128,2
1024,n<=32,sr<=40%,kvB<=4k,kp<=1k,0.0553,2
1024,n<=32,sr<=40%,kvB<=4k,kp<=2k,0.0128,2
1024,n<=32,sr<=40%,kvB<=4k,kp<=4k,-0.0177,2
1024,n<=32,sr<=40%,kvB<=4k,kp<=512,0.0546,2
1024,n<=32,sr<=40%,kvB<=4k,kp<=8k,-0.0398,2
1024,n<=32,sr<=40%,kvB<=4k,kp=0,0.0189,2
1024,n<=32,sr<=5%,kvB<=16k,kp<=1k,0.0298,2
1024,n<=32,sr<=5%,kvB<=16k,kp<=2k,0.0285,2
1024,n<=32,sr<=5%,kvB<=16k,kp<=4k,0.0318,2
1024,n<=32,sr<=5%,kvB<=16k,kp<=512,0.0297,2
1024,n<=32,sr<=5%,kvB<=16k,kp<=8k,0.0433,2
1024,n<=32,sr<=5%,kvB<=16k,kp=0,0.0296,2
1024,n<=32,sr<=5%,kvB<=1k,kp<=1k,0.0177,2
1024,n<=32,sr<=5%,kvB<=1k,kp<=2k,0.0643,2
1024,n<=32,sr<=5%,kvB<=1k,kp<=4k,0.0502,2
1024,n<=32,sr<=5%,kvB<=1k,kp<=512,0.0311,2
1024,n<=32,sr<=5%,kvB<=1k,kp<=8k,0.1371,2
1024,n<=32,sr<=5%,kvB<=1k,kp=0,0.0037,2
1024,n<=32,sr<=5%,kvB<=4k,kp<=1k,0.0332,2
1024,n<=32,sr<=5%,kvB<=4k,kp<=2k,0.0483,2
1024,n<=32,sr<=5%,kvB<=4k,kp<=4k,0.0339,2
1024,n<=32,sr<=5%,kvB<=4k,kp<=512,0.0324,2
1024,n<=32,sr<=5%,kvB<=4k,kp<=8k,0.0019,2
1024,n<=32,sr<=5%,kvB<=4k,kp=0,0.0341,2
1024,n<=32,sr<=70%,kvB<=16k,kp<=1k,0.022,2
1024,n<=32,sr<=70%,kvB<=16k,kp<=2k,0.0216,2
1024,n<=32,sr<=70%,kvB<=16k,kp<=4k,0.0253,2
1024,n<=32,sr<=70%,kvB<=16k,kp<=512,0.0278,2
1024,n<=32,sr<=70%,kvB<=16k,kp<=8k,0.0169,2
1024,n<=32,sr<=70%,kvB<=16k,kp=0,0.0173,2
1024,n<=32,sr<=70%,kvB<=1k,kp<=1k,0.0862,2
1024,n<=32,sr<=70%,kvB<=1k,kp<=2k,-0.0623,2
1024,n<=32,sr<=70%,kvB<=1k,kp<=4k,0.1053,2
1024,n<=32,sr<=70%,kvB<=1k,kp<=512,0.0656,2
1024,n<=32,sr<=70%,kvB<=1k,kp<=8k,0.2305,2
1024,n<=32,sr<=70%,kvB<=1k,kp=0,0.0188,2
1024,n<=32,sr<=70%,kvB<=4k,kp<=1k,0.0234,2
1024,n<=32,sr<=70%,kvB<=4k,kp<=2k,0.0435,2
1024,n<=32,sr<=70%,kvB<=4k,kp<=4k,0.0341,2
1024,n<=32,sr<=70%,kvB<=4k,kp<=512,0.0289,2
1024,n<=32,sr<=70%,kvB<=4k,kp<=8k,-0.0337,2
1024,n<=32,sr<=70%,kvB<=4k,kp=0,0.0175,2
1024,n<=32,sr>70%,kvB<=16k,kp<=1k,0.0888,4
1024,n<=32,sr>70%,kvB<=16k,kp<=2k,0.0748,4
1024,n<=32,sr>70%,kvB<=16k,kp<=4k,-0.0149,4
1024,n<=32,sr>70%,kvB<=16k,kp<=512,0.0811,4
1024,n<=32,sr>70%,kvB<=16k,kp<=8k,0.054,4
1024,n<=32,sr>70%,kvB<=16k,kp=0,0.0512,4
1024,n<=32,sr>70%,kvB<=1k,kp<=1k,0.3537,4
1024,n<=32,sr>70%,kvB<=1k,kp<=2k,0.2388,4
1024,n<=32,sr>70%,kvB<=1k,kp<=4k,0.3661,4
1024,n<=32,sr>70%,kvB<=1k,kp<=512,0.3563,4
1024,n<=32,sr>70%,kvB<=1k,kp<=8k,0.1735,3
1024,n<=32,sr>70%,kvB<=1k,kp=0,0.2345,4
1024,n<=32,sr>70%,kvB<=4k,kp<=1k,0.0946,4
1024,n<=32,sr>70%,kvB<=4k,kp<=2k,0.0345,4
1024,n<=32,sr>70%,kvB<=4k,kp<=4k,0.0577,4
1024,n<=32,sr>70%,kvB<=4k,kp<=512,0.0472,4
1024,n<=32,sr>70%,kvB<=4k,kp<=8k,0.2207,4
1024,n<=32,sr>70%,kvB<=4k,kp=0,0.0625,4
1024,n<=4,sr<=40%,kvB<=16k,kp<=1k,0.2851,2
1024,n<=4,sr<=40%,kvB<=16k,kp<=2k,0.2865,2
1024,n<=4,sr<=40%,kvB<=16k,kp<=4k,0.3268,2
1024,n<=4,sr<=40%,kvB<=16k,kp<=512,0.258,2
1024,n<=4,sr<=40%,kvB<=16k,kp<=8k,0.3853,2
1024,n<=4,sr<=40%,kvB<=16k,kp=0,0.2736,2
1024,n<=4,sr<=40%,kvB<=1k,kp<=1k,0.1582,2
1024,n<=4,sr<=40%,kvB<=1k,kp<=2k,0.0384,2
1024,n<=4,sr<=40%,kvB<=1k,kp<=4k,0.1625,1
1024,n<=4,sr<=40%,kvB<=1k,kp<=512,0.1219,2
1024,n<=4,sr<=40%,kvB<=1k,kp<=8k,0.1669,2
1024,n<=4,sr<=40%,kvB<=1k,kp=0,0.1529,2
1024,n<=4,sr<=40%,kvB<=4k,kp<=1k,0.2651,2
1024,n<=4,sr<=40%,kvB<=4k,kp<=2k,0.1407,2
1024,n<=4,sr<=40%,kvB<=4k,kp<=4k,0.0021,2
1024,n<=4,sr<=40%,kvB<=4k,kp<=512,0.2879,2
1024,n<=4,sr<=40%,kvB<=4k,kp<=8k,-0.1007,2
1024,n<=4,sr<=40%,kvB<=4k,kp=0,0.3152,2
1024,n<=4,sr<=70%,kvB<=16k,kp<=1k,0.2356,2
1024,n<=4,sr<=70%,kvB<=16k,kp<=2k,0.2708,2
1024,n<=4,sr<=70%,kvB<=16k,kp<=4k,0.2743,2
1024,n<=4,sr<=70%,kvB<=16k,kp<=512,0.2111,2
1024,n<=4,sr<=70%,kvB<=16k,kp<=8k,0.4805,2
1024,n<=4,sr<=70%,kvB<=16k,kp=0,0.2312,2
1024,n<=4,sr<=70%,kvB<=1k,kp<=1k,-0.0051,2
1024,n<=4,sr<=70%,kvB<=1k,kp<=2k,-0.0582,2
1024,n<=4,sr<=70%,kvB<=1k,kp<=4k,1.1762,1
1024,n<=4,sr<=70%,kvB<=1k,kp<=512,0.0949,2
1024,n<=4,sr<=70%,kvB<=1k,kp<=8k,0.0802,2
1024,n<=4,sr<=70%,kvB<=1k,kp=0,0.2155,2
1024,n<=4,sr<=70%,kvB<=4k,kp<=1k,0.2517,2
1024,n<=4,sr<=70%,kvB<=4k,kp<=2k,0.3849,2
1024,n<=4,sr<=70%,kvB<=4k,kp<=4k,0.0585,2
1024,n<=4,sr<=70%,kvB<=4k,kp<=512,0.3126,2
1024,n<=4,sr<=70%,kvB<=4k,kp<=8k,0.3227,2
1024,n<=4,sr<=70%,kvB<=4k,kp=0,0.305,2
1024,n<=4,sr>70%,kvB<=16k,kp<=1k,0.2229,2
1024,n<=4,sr>70%,kvB<=16k,kp<=2k,0.3239,2
1024,n<=4,sr>70%,kvB<=16k,kp<=4k,0.32,2
1024,n<=4,sr>70%,kvB<=16k,kp<=512,0.048,2
1024,n<=4,sr>70%,kvB<=16k,kp<=8k,0.6469,2
1024,n<=4,sr>70%,kvB<=16k,kp=0,0.0034,2
1024,n<=4,sr>70%,kvB<=1k,kp<=1k,0.0963,2
1024,n<=4,sr>70%,kvB<=1k,kp<=2k,-0.0214,2
1024,n<=4,sr>70%,kvB<=1k,kp<=4k,0.3672,2
1024,n<=4,sr>70%,kvB<=1k,kp<=512,0.2609,2
1024,n<=4,sr>70%,kvB<=1k,kp<=8k,4.4772,1
1024,n<=4,sr>70%,kvB<=1k,kp=0,0.5678,2
1024,n<=4,sr>70%,kvB<=4k,kp<=1k,0.2896,2
1024,n<=4,sr>70%,kvB<=4k,kp<=2k,0.2642,2
1024,n<=4,sr>70%,kvB<=4k,kp<=4k,0.0066,2
1024,n<=4,sr>70%,kvB<=4k,kp<=512,0.3081,2
1024,n<=4,sr>70%,kvB<=4k,kp=0,0.291,2
1024,n<=64,sr<=15%,kvB<=16k,kp<=1k,0.0054,4
1024,n<=64,sr<=15%,kvB<=16k,kp<=2k,0.0056,4
1024,n<=64,sr<=15%,kvB<=16k,kp<=4k,0.0077,4
1024,n<=64,sr<=15%,kvB<=16k,kp<=512,0.0045,4
1024,n<=64,sr<=15%,kvB<=16k,kp<=8k,-0.0016,4
1024,n<=64,sr<=15%,kvB<=16k,kp=0,0.0068,4
1024,n<=64,sr<=15%,kvB<=1k,kp<=1k,0.096,4
1024,n<=64,sr<=15%,kvB<=1k,kp<=2k,0.0797,4
1024,n<=64,sr<=15%,kvB<=1k,kp<=4k,0.0795,4
1024,n<=64,sr<=15%,kvB<=1k,kp<=512,0.0852,4
1024,n<=64,sr<=15%,kvB<=1k,kp<=8k,0.129,4
1024,n<=64,sr<=15%,kvB<=1k,kp=0,0.0963,4
1024,n<=64,sr<=15%,kvB<=4k,kp<=1k,0.0145,4
1024,n<=64,sr<=15%,kvB<=4k,kp<=2k,0.0298,4
1024,n<=64,sr<=15%,kvB<=4k,kp<=4k,-0.0016,4
1024,n<=64,sr<=15%,kvB<=4k,kp<=512,0.011,4
1024,n<=64,sr<=15%,kvB<=4k,kp<=8k,0.0048,4
1024,n<=64,sr<=15%,kvB<=4k,kp=0,0.0129,4
1024,n<=64,sr<=40%,kvB<=16k,kp<=1k,0.002,2
1024,n<=64,sr<=40%,kvB<=16k,kp<=2k,0.0041,2
1024,n<=64,sr<=40%,kvB<=16k,kp<=4k,-0.0067,2
1024,n<=64,sr<=40%,kvB<=16k,kp<=512,0.0022,2
1024,n<=64,sr<=40%,kvB<=16k,kp<=8k,0.0068,2
1024,n<=64,sr<=40%,kvB<=16k,kp=0,0.0044,2
1024,n<=64,sr<=40%,kvB<=1k,kp<=1k,0.0768,2
1024,n<=64,sr<=40%,kvB<=1k,kp<=2k,0.0704,2
1024,n<=64,sr<=40%,kvB<=1k,kp<=4k,0.1212,2
1024,n<=64,sr<=40%,kvB<=1k,kp<=512,0.123,2
1024,n<=64,sr<=40%,kvB<=1k,kp<=8k,0.2854,2
1024,n<=64,sr<=40%,kvB<=1k,kp=0,0.0742,2
1024,n<=64,sr<=40%,kvB<=4k,kp<=1k,-0.0157,2
1024,n<=64,sr<=40%,kvB<=4k,kp<=2k,0.0154,2
1024,n<=64,sr<=40%,kvB<=4k,kp<=4k,0.0049,2
1024,n<=64,sr<=40%,kvB<=4k,kp<=512,-0.0138,2
1024,n<=64,sr<=40%,kvB<=4k,kp<=8k,-0.0231,2
1024,n<=64,sr<=40%,kvB<=4k,kp=0,-0.0246,2
1024,n<=64,sr<=5%,kvB<=16k,kp<=1k,0.0104,6
1024,n<=64,sr<=5%,kvB<=16k,kp<=2k,0.0105,6
1024,n<=64,sr<=5%,kvB<=16k,kp<=4k,0.0099,6
1024,n<=64,sr<=5%,kvB<=16k,kp<=512,0.0099,6
1024,n<=64,sr<=5%,kvB<=16k,kp<=8k,0.0077,6
1024,n<=64,sr<=5%,kvB<=16k,kp=0,0.0108,6
1024,n<=64,sr<=5%,kvB<=1k,kp<=1k,0.0291,6
1024,n<=64,sr<=5%,kvB<=1k,kp<=2k,0.0509,6
1024,n<=64,sr<=5%,kvB<=1k,kp<=4k,0.0229,6
1024,n<=64,sr<=5%,kvB<=1k,kp<=512,0.0374,6
1024,n<=64,sr<=5%,kvB<=1k,kp<=8k,0.0716,6
1024,n<=64,sr<=5%,kvB<=1k,kp=0,0.0504,6
1024,n<=64,sr<=5%,kvB<=4k,kp<=1k,0.0228,6
1024,n<=64,sr<=5%,kvB<=4k,kp<=2k,0.027,6
1024,n<=64,sr<=5%,kvB<=4k,kp<=4k,0.0241,6
1024,n<=64,sr<=5%,kvB<=4k,kp<=512,0.0134,6
1024,n<=64,sr<=5%,kvB<=4k,kp<=8k,-0.0022,6
1024,n<=64,sr<=5%,kvB<=4k,kp=0,0.0174,6
1024,n<=64,sr<=70%,kvB<=16k,kp<=1k,-0.0021,2
1024,n<=64,sr<=70%,kvB<=16k,kp<=2k,0.0051,2
1024,n<=64,sr<=70%,kvB<=16k,kp<=4k,0.0137,2
1024,n<=64,sr<=70%,kvB<=16k,kp<=512,-0.0013,2
1024,n<=64,sr<=70%,kvB<=16k,kp<=8k,-0.0011,2
1024,n<=64,sr<=70%,kvB<=16k,kp=0,-0.0014,2
1024,n<=64,sr<=70%,kvB<=1k,kp<=1k,0.0346,2
1024,n<=64,sr<=70%,kvB<=1k,kp<=2k,0.1426,2
1024,n<=64,sr<=70%,kvB<=1k,kp<=4k,0.1752,2
1024,n<=64,sr<=70%,kvB<=1k,kp<=512,0.0693,2
1024,n<=64,sr<=70%,kvB<=1k,kp<=8k,0.0423,2
1024,n<=64,sr<=70%,kvB<=1k,kp=0,0.1752,2
1024,n<=64,sr<=70%,kvB<=4k,kp<=1k,-0.0424,2
1024,n<=64,sr<=70%,kvB<=4k,kp<=2k,-0.0203,2
1024,n<=64,sr<=70%,kvB<=4k,kp<=4k,-0.0047,2
1024,n<=64,sr<=70%,kvB<=4k,kp<=512,-0.044,2
1024,n<=64,sr<=70%,kvB<=4k,kp<=8k,-0.0097,2
1024,n<=64,sr<=70%,kvB<=4k,kp=0,-0.0439,2
1024,n<=64,sr>70%,kvB<=16k,kp<=1k,0.0226,4
1024,n<=64,sr>70%,kvB<=16k,kp<=2k,0.0478,4
1024,n<=64,sr>70%,kvB<=16k,kp<=4k,0.059,4
1024,n<=64,sr>70%,kvB<=16k,kp<=512,0.0149,4
1024,n<=64,sr>70%,kvB<=16k,kp<=8k,-0.0234,4
1024,n<=64,sr>70%,kvB<=16k,kp=0,0.002,4
1024,n<=64,sr>70%,kvB<=1k,kp<=1k,0.326,4
1024,n<=64,sr>70%,kvB<=1k,kp<=2k,0.0541,4
1024,n<=64,sr>70%,kvB<=1k,kp<=4k,0.3459,4
1024,n<=64,sr>70%,kvB<=1k,kp<=512,0.2829,4
1024,n<=64,sr>70%,kvB<=1k,kp<=8k,0.4095,4
1024,n<=64,sr>70%,kvB<=1k,kp=0,0.4278,4
1024,n<=64,sr>70%,kvB<=4k,kp<=1k,-0.0243,4
1024,n<=64,sr>70%,kvB<=4k,kp<=2k,0.0009,4
1024,n<=64,sr>70%,kvB<=4k,kp<=4k,0.0791,4
1024,n<=64,sr>70%,kvB<=4k,kp<=512,-0.0398,4
1024,n<=64,sr>70%,kvB<=4k,kp<=8k,0.1028,4
1024,n<=64,sr>70%,kvB<=4k,kp=0,-0.0469,4
1024,n<=8,sr<=15%,kvB<=16k,kp<=1k,0.131,2
1024,n<=8,sr<=15%,kvB<=16k,kp<=2k,0.1733,2
1024,n<=8,sr<=15%,kvB<=16k,kp<=4k,0.1121,2
1024,n<=8,sr<=15%,kvB<=16k,kp<=512,0.1246,2
1024,n<=8,sr<=15%,kvB<=16k,kp<=8k,0.0851,2
1024,n<=8,sr<=15%,kvB<=16k,kp=0,0.1302,2
1024,n<=8,sr<=15%,kvB<=1k,kp<=1k,0.0949,2
1024,n<=8,sr<=15%,kvB<=1k,kp<=2k,0.171,2
1024,n<=8,sr<=15%,kvB<=1k,kp<=4k,0.0807,2
1024,n<=8,sr<=15%,kvB<=1k,kp<=512,0.1135,2
1024,n<=8,sr<=15%,kvB<=1k,kp<=8k,0.0782,2
1024,n<=8,sr<=15%,kvB<=1k,kp=0,0.1198,2
1024,n<=8,sr<=15%,kvB<=4k,kp<=1k,0.1164,2
1024,n<=8,sr<=15%,kvB<=4k,kp<=2k,0.098,2
1024,n<=8,sr<=15%,kvB<=4k,kp<=4k,0.0327,2
1024,n<=8,sr<=15%,kvB<=4k,kp<=512,0.1756,2
1024,n<=8,sr<=15%,kvB<=4k,kp<=8k,0.0182,2
1024,n<=8,sr<=15%,kvB<=4k,kp=0,0.1657,2
1024,n<=8,sr<=40%,kvB<=16k,kp<=1k,0.1161,4
1024,n<=8,sr<=40%,kvB<=16k,kp<=2k,0.1212,4
1024,n<=8,sr<=40%,kvB<=16k,kp<=4k,0.1443,4
1024,n<=8,sr<=40%,kvB<=16k,kp<=512,0.1098,4
1024,n<=8,sr<=40%,kvB<=16k,kp<=8k,0.1528,4
1024,n<=8,sr<=40%,kvB<=16k,kp=0,0.1235,4
1024,n<=8,sr<=40%,kvB<=1k,kp<=1k,0.1163,4
1024,n<=8,sr<=40%,kvB<=1k,kp<=2k,0.0506,4
1024,n<=8,sr<=40%,kvB<=1k,kp<=4k,0.0986,4
1024,n<=8,sr<=40%,kvB<=1k,kp<=512,0.0865,4
1024,n<=8,sr<=40%,kvB<=1k,kp<=8k,0.1212,4
1024,n<=8,sr<=40%,kvB<=1k,kp=0,0.1048,4
1024,n<=8,sr<=40%,kvB<=4k,kp<=1k,0.1217,4
1024,n<=8,sr<=40%,kvB<=4k,kp<=2k,0.1283,4
1024,n<=8,sr<=40%,kvB<=4k,kp<=4k,-0.0138,4
1024,n<=8,sr<=40%,kvB<=4k,kp<=512,0.1586,4
1024,n<=8,sr<=40%,kvB<=4k,kp<=8k,0.2013,4
1024,n<=8,sr<=40%,kvB<=4k,kp=0,0.1409,4
1024,n<=8,sr<=70%,kvB<=16k,kp<=1k,0.1093,2
1024,n<=8,sr<=70%,kvB<=16k,kp<=2k,0.14,2
1024,n<=8,sr<=70%,kvB<=16k,kp<=4k,0.1704,2
1024,n<=8,sr<=70%,kvB<=16k,kp<=512,0.0933,2
1024,n<=8,sr<=70%,kvB<=16k,kp<=8k,-0.0219,2
1024,n<=8,sr<=70%,kvB<=16k,kp=0,0.1327,2
1024,n<=8,sr<=70%,kvB<=1k,kp<=1k,-0.0542,2
1024,n<=8,sr<=70%,kvB<=1k,kp<=2k,-0.008,2
1024,n<=8,sr<=70%,kvB<=1k,kp<=4k,0.079,2
1024,n<=8,sr<=70%,kvB<=1k,kp<=512,0.0822,2
1024,n<=8,sr<=70%,kvB<=1k,kp<=8k,-0.1187,2
1024,n<=8,sr<=70%,kvB<=1k,kp=0,0.0739,2
1024,n<=8,sr<=70%,kvB<=4k,kp<=1k,0.1395,2
1024,n<=8,sr<=70%,kvB<=4k,kp<=2k,0.0338,2
1024,n<=8,sr<=70%,kvB<=4k,kp<=4k,-0.0453,2
1024,n<=8,sr<=70%,kvB<=4k,kp<=512,0.1308,2
1024,n<=8,sr<=70%,kvB<=4k,kp<=8k,0.1604,2
1024,n<=8,sr<=70%,kvB<=4k,kp=0,0.1182,2
1024,n<=8,sr>70%,kvB<=16k,kp<=1k,0.078,4
1024,n<=8,sr>70%,kvB<=16k,kp<=2k,0.1254,4
1024,n<=8,sr>70%,kvB<=16k,kp<=4k,-0.0071,4
1024,n<=8,sr>70%,kvB<=16k,kp<=512,0.0571,4
1024,n<=8,sr>70%,kvB<=16k,kp<=8k,0.1537,4
1024,n<=8,sr>70%,kvB<=16k,kp=0,0.2293,4
1024,n<=8,sr>70%,kvB<=1k,kp<=1k,0.2405,4
1024,n<=8,sr>70%,kvB<=1k,kp<=2k,0.3163,4
1024,n<=8,sr>70%,kvB<=1k,kp<=4k,0.5723,4
1024,n<=8,sr>70%,kvB<=1k,kp<=512,0.1708,4
1024,n<=8,sr>70%,kvB<=1k,kp<=8k,-0.3137,3
1024,n<=8,sr>70%,kvB<=1k,kp=0,0.3308,4
1024,n<=8,sr>70%,kvB<=4k,kp<=1k,0.2197,4
1024,n<=8,sr>70%,kvB<=4k,kp<=2k,-0.0912,4
1024,n<=8,sr>70%,kvB<=4k,kp<=4k,-0.2618,4
1024,n<=8,sr>70%,kvB<=4k,kp<=512,0.1431,4
1024,n<=8,sr>70%,kvB<=4k,kp<=8k,-0.8796,1
1024,n<=8,sr>70%,kvB<=4k,kp=0,-0.0304,4
2048,n<=128,sr<=15%,kvB<=16k,kp<=1k,-0.0043,4
2048,n<=128,sr<=15%,kvB<=16k,kp<=2k,-0.0064,4
2048,n<=128,sr<=15%,kvB<=16k,kp<=4k,-0.0027,4
2048,n<=128,sr<=15%,kvB<=16k,kp<=512,-0.0048,4
2048,n<=128,sr<=15%,kvB<=16k,kp<=8k,-0.0068,4
2048,n<=128,sr<=15%,kvB<=16k,kp=0,-0.005,4
2048,n<=128,sr<=15%,kvB<=1k,kp<=1k,0.1141,4
2048,n<=128,sr<=15%,kvB<=1k,kp<=2k,0.0919,4
2048,n<=128,sr<=15%,kvB<=1k,kp<=4k,0.1173,4
2048,n<=128,sr<=15%,kvB<=1k,kp<=512,0.1083,4
2048,n<=128,sr<=15%,kvB<=1k,kp<=8k,0.0338,4
2048,n<=128,sr<=15%,kvB<=1k,kp=0,0.1091,4
2048,n<=128,sr<=15%,kvB<=4k,kp<=1k,-0.0052,4
2048,n<=128,sr<=15%,kvB<=4k,kp<=2k,0.0135,4
2048,n<=128,sr<=15%,kvB<=4k,kp<=4k,-0.0049,4
2048,n<=128,sr<=15%,kvB<=4k,kp<=512,0.0249,4
2048,n<=128,sr<=15%,kvB<=4k,kp<=8k,0.0219,4
2048,n<=128,sr<=15%,kvB<=4k,kp=0,-0.0074,4
2048,n<=128,sr<=40%,kvB<=16k,kp<=1k,0.0032,2
2048,n<=128,sr<=40%,kvB<=16k,kp<=2k,0.0026,2
2048,n<=128,sr<=40%,kvB<=16k,kp<=4k,0.0013,2
2048,n<=128,sr<=40%,kvB<=16k,kp<=512,0.0024,2
2048,n<=128,sr<=40%,kvB<=16k,kp<=8k,-0.0076,2
2048,n<=128,sr<=40%,kvB<=16k,kp=0,-0.0022,2
2048,n<=128,sr<=40%,kvB<=1k,kp<=1k,0.006,2
2048,n<=128,sr<=40%,kvB<=1k,kp<=2k,0.1363,2
2048,n<=128,sr<=40%,kvB<=1k,kp<=4k,0.1403,2
2048,n<=128,sr<=40%,kvB<=1k,kp<=512,0.1129,2
2048,n<=128,sr<=40%,kvB<=1k,kp<=8k,0.112,2
2048,n<=128,sr<=40%,kvB<=1k,kp=0,0.1527,2
2048,n<=128,sr<=40%,kvB<=4k,kp<=1k,-0.0055,2
2048,n<=128,sr<=40%,kvB<=4k,kp<=2k,-0.0274,2
2048,n<=128,sr<=40%,kvB<=4k,kp<=4k,-0.0112,2
2048,n<=128,sr<=40%,kvB<=4k,kp<=512,0.0146,2
2048,n<=128,sr<=40%,kvB<=4k,kp<=8k,0.0122,2
2048,n<=128,sr<=40%,kvB<=4k,kp=0,0.0308,2
2048,n<=128,sr<=5%,kvB<=16k,kp<=1k,0.0003,8
2048,n<=128,sr<=5%,kvB<=16k,kp<=2k,0.0033,8
2048,n<=128,sr<=5%,kvB<=16k,kp<=4k,0.0022,8
2048,n<=128,sr<=5%,kvB<=16k,kp<=512,-0.0002,8
2048,n<=128,sr<=5%,kvB<=16k,kp<=8k,0.0069,8
2048,n<=128,sr<=5%,kvB<=16k,kp=0,0.0008,8
2048,n<=128,sr<=5%,kvB<=1k,kp<=1k,0.0409,8
2048,n<=128,sr<=5%,kvB<=1k,kp<=2k,0.041,8
2048,n<=128,sr<=5%,kvB<=1k,kp<=4k,0.0713,8
2048,n<=128,sr<=5%,kvB<=1k,kp<=512,0.0021,8
2048,n<=128,sr<=5%,kvB<=1k,kp<=8k,-0.0062,8
2048,n<=128,sr<=5%,kvB<=1k,kp=0,0.0366,8
2048,n<=128,sr<=5%,kvB<=4k,kp<=1k,-0.0008,8
2048,n<=128,sr<=5%,kvB<=4k,kp<=2k,0.0155,8
2048,n<=128,sr<=5%,kvB<=4k,kp<=4k,0.0241,8
2048,n<=128,sr<=5%,kvB<=4k,kp<=512,0.0146,8
2048,n<=128,sr<=5%,kvB<=4k,kp<=8k,0.0015,8
2048,n<=128,sr<=5%,kvB<=4k,kp=0,0.0089,8
2048,n<=128,sr<=70%,kvB<=16k,kp<=1k,-0.0007,2
2048,n<=128,sr<=70%,kvB<=16k,kp<=2k,0.0067,2
2048,n<=128,sr<=70%,kvB<=16k,kp<=4k,-0.0001,2
2048,n<=128,sr<=70%,kvB<=16k,kp<=512,0.0016,2
2048,n<=128,sr<=70%,kvB<=16k,kp<=8k,-0.0172,2
2048,n<=128,sr<=70%,kvB<=16k,kp=0,0.0031,2
2048,n<=128,sr<=70%,kvB<=1k,kp<=1k,0.0758,2
2048,n<=128,sr<=70%,kvB<=1k,kp<=2k,0.1221,2
2048,n<=128,sr<=70%,kvB<=1k,kp<=4k,0.0685,2
2048,n<=128,sr<=70%,kvB<=1k,kp<=512,-0.0458,2
2048,n<=128,sr<=70%,kvB<=1k,kp<=8k,0.1374,2
2048,n<=128,sr<=70%,kvB<=1k,kp=0,0.0534,2
2048,n<=128,sr<=70%,kvB<=4k,kp<=1k,0.0318,2
2048,n<=128,sr<=70%,kvB<=4k,kp<=2k,0.0081,2
2048,n<=128,sr<=70%,kvB<=4k,kp<=4k,-0.0383,2
2048,n<=128,sr<=70%,kvB<=4k,kp<=512,0.0465,2
2048,n<=128,sr<=70%,kvB<=4k,kp<=8k,-0.0111,2
2048,n<=128,sr<=70%,kvB<=4k,kp=0,0.0642,2
2048,n<=128,sr>70%,kvB<=16k,kp<=1k,-0.0238,4
2048,n<=128,sr>70%,kvB<=16k,kp<=2k,-0.0206,4
2048,n<=128,sr>70%,kvB<=16k,kp<=4k,-0.0181,4
2048,n<=128,sr>70%,kvB<=16k,kp<=512,-0.0269,4
2048,n<=128,sr>70%,kvB<=16k,kp<=8k,-0.0396,4
2048,n<=128,sr>70%,kvB<=16k,kp=0,-0.0106,4
2048,n<=128,sr>70%,kvB<=1k,kp<=1k,0.0005,4
2048,n<=128,sr>70%,kvB<=1k,kp<=2k,0.2533,4
2048,n<=128,sr>70%,kvB<=1k,kp<=4k,0.3941,4
2048,n<=128,sr>70%,kvB<=1k,kp<=512,0.2024,4
2048,n<=128,sr>70%,kvB<=1k,kp<=8k,0.4071,4
2048,n<=128,sr>70%,kvB<=1k,kp=0,0.3206,4
2048,n<=128,sr>70%,kvB<=4k,kp<=1k,0.0594,4
2048,n<=128,sr>70%,kvB<=4k,kp<=2k,0.0411,4
2048,n<=128,sr>70%,kvB<=4k,kp<=4k,0.0963,4
2048,n<=128,sr>70%,kvB<=4k,kp<=512,0.0002,4
2048,n<=128,sr>70%,kvB<=4k,kp<=8k,0.0913,4
2048,n<=128,sr>70%,kvB<=4k,kp=0,0.0201,4
2048,n<=16,sr<=15%,kvB<=16k,kp<=1k,0.066,4
2048,n<=16,sr<=15%,kvB<=16k,kp<=2k,0.0625,4
2048,n<=16,sr<=15%,kvB<=16k,kp<=4k,0.0689,4
2048,n<=16,sr<=15%,kvB<=16k,kp<=512,0.0727,4
2048,n<=16,sr<=15%,kvB<=16k,kp<=8k,0.0114,4
2048,n<=16,sr<=15%,kvB<=16k,kp=0,0.0622,4
2048,n<=16,sr<=15%,kvB<=1k,kp<=1k,0.0276,4
2048,n<=16,sr<=15%,kvB<=1k,kp<=2k,0.0017,4
2048,n<=16,sr<=15%,kvB<=1k,kp<=4k,0.1408,4
2048,n<=16,sr<=15%,kvB<=1k,kp<=512,0.0914,4
2048,n<=16,sr<=15%,kvB<=1k,kp<=8k,0.5488,4
2048,n<=16,sr<=15%,kvB<=1k,kp=0,0.1051,4
2048,n<=16,sr<=15%,kvB<=4k,kp<=1k,0.0769,4
2048,n<=16,sr<=15%,kvB<=4k,kp<=2k,0.076,4
2048,n<=16,sr<=15%,kvB<=4k,kp<=4k,-0.0158,4
2048,n<=16,sr<=15%,kvB<=4k,kp<=512,0.0951,4
2048,n<=16,sr<=15%,kvB<=4k,kp<=8k,0.0839,4
2048,n<=16,sr<=15%,kvB<=4k,kp=0,0.064,4
2048,n<=16,sr<=40%,kvB<=16k,kp<=1k,0.0669,4
2048,n<=16,sr<=40%,kvB<=16k,kp<=2k,0.0519,4
2048,n<=16,sr<=40%,kvB<=16k,kp<=4k,0.0382,4
2048,n<=16,sr<=40%,kvB<=16k,kp<=512,0.0508,4
2048,n<=16,sr<=40%,kvB<=16k,kp<=8k,0.0446,4
2048,n<=16,sr<=40%,kvB<=16k,kp=0,0.0583,4
2048,n<=16,sr<=40%,kvB<=1k,kp<=1k,-0.1467,4
2048,n<=16,sr<=40%,kvB<=1k,kp<=2k,-0.034,4
2048,n<=16,sr<=40%,kvB<=1k,kp<=4k,0.4325,4
2048,n<=16,sr<=40%,kvB<=1k,kp<=512,0.0943,4
2048,n<=16,sr<=40%,kvB<=1k,kp<=8k,-0.6066,3
2048,n<=16,sr<=40%,kvB<=1k,kp=0,0.2589,4
2048,n<=16,sr<=40%,kvB<=4k,kp<=1k,0.0765,4
2048,n<=16,sr<=40%,kvB<=4k,kp<=2k,0.1001,4
2048,n<=16,sr<=40%,kvB<=4k,kp<=4k,-0.172,4
2048,n<=16,sr<=40%,kvB<=4k,kp<=512,0.0248,4
2048,n<=16,sr<=40%,kvB<=4k,kp<=8k,-0.1259,4
2048,n<=16,sr<=40%,kvB<=4k,kp=0,0.0599,4
2048,n<=16,sr<=70%,kvB<=16k,kp<=1k,0.0316,2
2048,n<=16,sr<=70%,kvB<=16k,kp<=2k,0.048,2
2048,n<=16,sr<=70%,kvB<=16k,kp<=4k,0.049,2
2048,n<=16,sr<=70%,kvB<=16k,kp<=512,0.0578,2
2048,n<=16,sr<=70%,kvB<=16k,kp<=8k,0.0759,2
2048,n<=16,sr<=70%,kvB<=16k,kp=0,0.0504,2
2048,n<=16,sr<=70%,kvB<=1k,kp<=1k,0.2067,2
2048,n<=16,sr<=70%,kvB<=1k,kp<=2k,1.2514,1
2048,n<=16,sr<=70%,kvB<=1k,kp<=4k,-0.2204,1
2048,n<=16,sr<=70%,kvB<=1k,kp<=512,0.0072,2
2048,n<=16,sr<=70%,kvB<=1k,kp<=8k,-1.1492,1
2048,n<=16,sr<=70%,kvB<=1k,kp=0,0.0945,2
2048,n<=16,sr<=70%,kvB<=4k,kp<=1k,0.0629,2
2048,n<=16,sr<=70%,kvB<=4k,kp<=2k,0.2011,2
2048,n<=16,sr<=70%,kvB<=4k,kp<=4k,-0.0342,2
2048,n<=16,sr<=70%,kvB<=4k,kp<=512,0.1057,2
2048,n<=16,sr<=70%,kvB<=4k,kp<=8k,0.0793,2
2048,n<=16,sr<=70%,kvB<=4k,kp=0,0.0684,2
2048,n<=16,sr>70%,kvB<=16k,kp<=1k,0.0273,4
2048,n<=16,sr>70%,kvB<=16k,kp<=2k,0.0764,4
2048,n<=16,sr>70%,kvB<=16k,kp<=4k,0.0757,4
2048,n<=16,sr>70%,kvB<=16k,kp<=512,0.035,4
2048,n<=16,sr>70%,kvB<=16k,kp<=8k,0.104,4
2048,n<=16,sr>70%,kvB<=16k,kp=0,0.0687,4
2048,n<=16,sr>70%,kvB<=1k,kp<=1k,0.539,3
2048,n<=16,sr>70%,kvB<=1k,kp<=2k,0.241,4
2048,n<=16,sr>70%,kvB<=1k,kp<=4k,0.0196,2
2048,n<=16,sr>70%,kvB<=1k,kp<=512,0.268,3
2048,n<=16,sr>70%,kvB<=1k,kp<=8k,0.1531,4
2048,n<=16,sr>70%,kvB<=1k,kp=0,0.6666,4
2048,n<=16,sr>70%,kvB<=4k,kp<=1k,0.1901,4
2048,n<=16,sr>70%,kvB<=4k,kp<=2k,0.3526,4
2048,n<=16,sr>70%,kvB<=4k,kp<=4k,0.3144,2
2048,n<=16,sr>70%,kvB<=4k,kp<=512,0.1781,4
2048,n<=16,sr>70%,kvB<=4k,kp<=8k,0.174,3
2048,n<=16,sr>70%,kvB<=4k,kp=0,0.1271,4
2048,n<=2,sr<=70%,kvB<=16k,kp<=1k,0.7172,2
2048,n<=2,sr<=70%,kvB<=16k,kp<=2k,0.5112,2
2048,n<=2,sr<=70%,kvB<=16k,kp<=4k,0.4067,2
2048,n<=2,sr<=70%,kvB<=16k,kp<=512,0.4702,2
2048,n<=2,sr<=70%,kvB<=16k,kp<=8k,0.5209,1
2048,n<=2,sr<=70%,kvB<=16k,kp=0,0.4306,2
2048,n<=2,sr<=70%,kvB<=1k,kp<=1k,7.075,1
2048,n<=2,sr<=70%,kvB<=1k,kp<=2k,0.766,1
2048,n<=2,sr<=70%,kvB<=1k,kp<=4k,0.5727,1
2048,n<=2,sr<=70%,kvB<=1k,kp<=512,0.3925,1
2048,n<=2,sr<=70%,kvB<=1k,kp<=8k,0.5313,2
2048,n<=2,sr<=70%,kvB<=1k,kp=0,0.5571,2
2048,n<=2,sr<=70%,kvB<=4k,kp<=1k,0.5308,1
2048,n<=2,sr<=70%,kvB<=4k,kp<=2k,0.6654,2
2048,n<=2,sr<=70%,kvB<=4k,kp<=4k,-0.889,2
2048,n<=2,sr<=70%,kvB<=4k,kp<=512,1.117,2
2048,n<=2,sr<=70%,kvB<=4k,kp<=8k,0.0514,2
2048,n<=2,sr<=70%,kvB<=4k,kp=0,0.6974,2
2048,n<=32,sr<=15%,kvB<=16k,kp<=1k,0.0238,6
2048,n<=32,sr<=15%,kvB<=16k,kp<=2k,0.0377,6
2048,n<=32,sr<=15%,kvB<=16k,kp<=4k,0.0305,6
2048,n<=32,sr<=15%,kvB<=16k,kp<=512,0.0237,6
2048,n<=32,sr<=15%,kvB<=16k,kp<=8k,0.0212,6
2048,n<=32,sr<=15%,kvB<=16k,kp=0,0.0269,6
2048,n<=32,sr<=15%,kvB<=1k,kp<=1k,0.1525,6
2048,n<=32,sr<=15%,kvB<=1k,kp<=2k,0.102,6
2048,n<=32,sr<=15%,kvB<=1k,kp<=4k,0.113,6
2048,n<=32,sr<=15%,kvB<=1k,kp<=512,0.1556,6
2048,n<=32,sr<=15%,kvB<=1k,kp<=8k,0.2928,4
2048,n<=32,sr<=15%,kvB<=1k,kp=0,0.0834,6
2048,n<=32,sr<=15%,kvB<=4k,kp<=1k,0.027,6
2048,n<=32,sr<=15%,kvB<=4k,kp<=2k,0.0286,6
2048,n<=32,sr<=15%,kvB<=4k,kp<=4k,0.0351,6
2048,n<=32,sr<=15%,kvB<=4k,kp<=512,0.0447,6
2048,n<=32,sr<=15%,kvB<=4k,kp<=8k,0.0808,6
2048,n<=32,sr<=15%,kvB<=4k,kp=0,0.0291,6
2048,n<=32,sr<=40%,kvB<=16k,kp<=1k,0.0361,2
2048,n<=32,sr<=40%,kvB<=16k,kp<=2k,0.0321,2
2048,n<=32,sr<=40%,kvB<=16k,kp<=4k,0.0239,2
2048,n<=32,sr<=40%,kvB<=16k,kp<=512,0.0248,2
2048,n<=32,sr<=40%,kvB<=16k,kp<=8k,0.0272,2
2048,n<=32,sr<=40%,kvB<=16k,kp=0,0.0315,2
2048,n<=32,sr<=40%,kvB<=1k,kp<=1k,0.2185,2
2048,n<=32,sr<=40%,kvB<=1k,kp<=2k,0.2071,2
2048,n<=32,sr<=40%,kvB<=1k,kp<=4k,0.3893,2
2048,n<=32,sr<=40%,kvB<=1k,kp<=512,0.2602,2
2048,n<=32,sr<=40%,kvB<=1k,kp<=8k,-0.0536,2
2048,n<=32,sr<=40%,kvB<=1k,kp=0,0.1811,2
2048,n<=32,sr<=40%,kvB<=4k,kp<=1k,-0.0009,2
2048,n<=32,sr<=40%,kvB<=4k,kp<=2k,0.036,2
2048,n<=32,sr<=40%,kvB<=4k,kp<=4k,-0.022,2
2048,n<=32,sr<=40%,kvB<=4k,kp<=512,-0.0394,2
2048,n<=32,sr<=40%,kvB<=4k,kp<=8k,-0.0558,2
2048,n<=32,sr<=40%,kvB<=4k,kp=0,0.0193,2
2048,n<=32,sr<=5%,kvB<=16k,kp<=1k,0.0267,2
2048,n<=32,sr<=5%,kvB<=16k,kp<=2k,0.0144,2
2048,n<=32,sr<=5%,kvB<=16k,kp<=4k,0.0426,2
2048,n<=32,sr<=5%,kvB<=16k,kp<=512,0.0405,2
2048,n<=32,sr<=5%,kvB<=16k,kp<=8k,0.0246,2
2048,n<=32,sr<=5%,kvB<=16k,kp=0,0.0309,2
2048,n<=32,sr<=5%,kvB<=1k,kp<=1k,0.0129,2
2048,n<=32,sr<=5%,kvB<=1k,kp<=2k,0.1763,2
2048,n<=32,sr<=5%,kvB<=1k,kp<=4k,0.3061,2
2048,n<=32,sr<=5%,kvB<=1k,kp<=512,0.039,2
2048,n<=32,sr<=5%,kvB<=1k,kp<=8k,0.4736,2
2048,n<=32,sr<=5%,kvB<=1k,kp=0,0.0406,2
2048,n<=32,sr<=5%,kvB<=4k,kp<=1k,0.0607,2
2048,n<=32,sr<=5%,kvB<=4k,kp<=2k,0.0512,2
2048,n<=32,sr<=5%,kvB<=4k,kp<=4k,-0.0057,2
2048,n<=32,sr<=5%,kvB<=4k,kp<=512,0.0459,2
2048,n<=32,sr<=5%,kvB<=4k,kp<=8k,-0.0518,2
2048,n<=32,sr<=5%,kvB<=4k,kp=0,0.0484,2
2048,n<=32,sr<=70%,kvB<=16k,kp<=1k,0.023,2
2048,n<=32,sr<=70%,kvB<=16k,kp<=2k,0.0351,2
2048,n<=32,sr<=70%,kvB<=16k,kp<=4k,0.0196,2
2048,n<=32,sr<=70%,kvB<=16k,kp<=512,0.019,2
2048,n<=32,sr<=70%,kvB<=16k,kp<=8k,0.003,2
2048,n<=32,sr<=70%,kvB<=16k,kp=0,0.0194,2
2048,n<=32,sr<=70%,kvB<=1k,kp<=1k,-0.099,2
2048,n<=32,sr<=70%,kvB<=1k,kp<=2k,0.2987,2
2048,n<=32,sr<=70%,kvB<=1k,kp<=4k,0.3743,2
2048,n<=32,sr<=70%,kvB<=1k,kp<=512,0.0472,2
2048,n<=32,sr<=70%,kvB<=1k,kp<=8k,0.6226,1
2048,n<=32,sr<=70%,kvB<=1k,kp=0,0.2618,2
2048,n<=32,sr<=70%,kvB<=4k,kp<=1k,0.1268,2
2048,n<=32,sr<=70%,kvB<=4k,kp<=2k,0.0989,2
2048,n<=32,sr<=70%,kvB<=4k,kp<=4k,-0.0084,2
2048,n<=32,sr<=70%,kvB<=4k,kp<=512,0.0383,2
2048,n<=32,sr<=70%,kvB<=4k,kp<=8k,-0.0808,2
2048,n<=32,sr<=70%,kvB<=4k,kp=0,0.0495,2
2048,n<=32,sr>70%,kvB<=16k,kp<=1k,0.0724,4
2048,n<=32,sr>70%,kvB<=16k,kp<=2k,-0.0188,4
2048,n<=32,sr>70%,kvB<=16k,kp<=4k,0.0202,4
2048,n<=32,sr>70%,kvB<=16k,kp<=512,0.0771,4
2048,n<=32,sr>70%,kvB<=16k,kp<=8k,0.1339,4
2048,n<=32,sr>70%,kvB<=16k,kp=0,0.0873,4
2048,n<=32,sr>70%,kvB<=1k,kp<=1k,0.5167,3
2048,n<=32,sr>70%,kvB<=1k,kp<=2k,0.5392,4
2048,n<=32,sr>70%,kvB<=1k,kp<=4k,0.2157,3
2048,n<=32,sr>70%,kvB<=1k,kp<=512,0.7221,3
2048,n<=32,sr>70%,kvB<=1k,kp<=8k,0.0395,4
2048,n<=32,sr>70%,kvB<=1k,kp=0,0.7886,3
2048,n<=32,sr>70%,kvB<=4k,kp<=1k,-0.0198,4
2048,n<=32,sr>70%,kvB<=4k,kp<=2k,0.2781,4
2048,n<=32,sr>70%,kvB<=4k,kp<=4k,0.3033,4
2048,n<=32,sr>70%,kvB<=4k,kp<=512,0.0098,4
2048,n<=32,sr>70%,kvB<=4k,kp<=8k,0.1511,4
2048,n<=32,sr>70%,kvB<=4k,kp=0,0.2073,4
2048,n<=4,sr<=40%,kvB<=16k,kp<=1k,0.2859,2
2048,n<=4,sr<=40%,kvB<=16k,kp<=2k,0.2068,2
2048,n<=4,sr<=40%,kvB<=16k,kp<=4k,0.2396,2
2048,n<=4,sr<=40%,kvB<=16k,kp<=512,0.2839,2
2048,n<=4,sr<=40%,kvB<=16k,kp<=8k,0.2015,2
2048,n<=4,sr<=40%,kvB<=16k,kp=0,0.2979,2
2048,n<=4,sr<=40%,kvB<=1k,kp<=1k,0.1669,2
2048,n<=4,sr<=40%,kvB<=1k,kp<=2k,0.2326,2
2048,n<=4,sr<=40%,kvB<=1k,kp<=4k,0.4577,2
2048,n<=4,sr<=40%,kvB<=1k,kp<=512,-0.1757,2
2048,n<=4,sr<=40%,kvB<=1k,kp<=8k,0.6486,2
2048,n<=4,sr<=40%,kvB<=1k,kp=0,-0.118,2
2048,n<=4,sr<=40%,kvB<=4k,kp<=1k,0.3021,2
2048,n<=4,sr<=40%,kvB<=4k,kp<=2k,0.0051,2
2048,n<=4,sr<=40%,kvB<=4k,kp<=4k,0.0552,2
2048,n<=4,sr<=40%,kvB<=4k,kp<=512,0.3627,2
2048,n<=4,sr<=40%,kvB<=4k,kp<=8k,0.6162,1
2048,n<=4,sr<=40%,kvB<=4k,kp=0,0.1474,2
2048,n<=4,sr<=70%,kvB<=16k,kp<=1k,0.2201,2
2048,n<=4,sr<=70%,kvB<=16k,kp<=2k,0.2818,2
2048,n<=4,sr<=70%,kvB<=16k,kp<=4k,0.2351,2
2048,n<=4,sr<=70%,kvB<=16k,kp<=512,0.2725,2
2048,n<=4,sr<=70%,kvB<=16k,kp<=8k,0.39,2
2048,n<=4,sr<=70%,kvB<=16k,kp=0,0.3118,2
2048,n<=4,sr<=70%,kvB<=1k,kp<=1k,-0.172,2
2048,n<=4,sr<=70%,kvB<=1k,kp<=2k,1.7966,2
2048,n<=4,sr<=70%,kvB<=1k,kp<=4k,-2.2047,1
2048,n<=4,sr<=70%,kvB<=1k,kp<=512,0.3749,2
2048,n<=4,sr<=70%,kvB<=1k,kp<=8k,1.0876,1
2048,n<=4,sr<=70%,kvB<=1k,kp=0,0.8477,1
2048,n<=4,sr<=70%,kvB<=4k,kp<=1k,-0.013,2
2048,n<=4,sr<=70%,kvB<=4k,kp<=2k,0.4698,2
2048,n<=4,sr<=70%,kvB<=4k,kp<=4k,0.8657,1
2048,n<=4,sr<=70%,kvB<=4k,kp<=512,-0.1099,2
2048,n<=4,sr<=70%,kvB<=4k,kp<=8k,0.6702,2
2048,n<=4,sr<=70%,kvB<=4k,kp=0,0.2905,2
2048,n<=4,sr>70%,kvB<=16k,kp<=1k,0.2937,2
2048,n<=4,sr>70%,kvB<=16k,kp<=2k,0.6653,2
2048,n<=4,sr>70%,kvB<=16k,kp<=4k,0.2942,2
2048,n<=4,sr>70%,kvB<=16k,kp<=512,0.3255,2
2048,n<=4,sr>70%,kvB<=16k,kp<=8k,1.0342,2
2048,n<=4,sr>70%,kvB<=16k,kp=0,0.2775,2
2048,n<=4,sr>70%,kvB<=1k,kp<=1k,-0.7235,1
2048,n<=4,sr>70%,kvB<=1k,kp<=2k,0.2688,2
2048,n<=4,sr>70%,kvB<=1k,kp<=4k,0.682,2
2048,n<=4,sr>70%,kvB<=1k,kp<=512,-0.2864,1
2048,n<=4,sr>70%,kvB<=1k,kp<=8k,0.7082,1
2048,n<=4,sr>70%,kvB<=1k,kp=0,0.6795,2
2048,n<=4,sr>70%,kvB<=4k,kp<=1k,0.5057,2
2048,n<=4,sr>70%,kvB<=4k,kp<=2k,0.6905,2
2048,n<=4,sr>70%,kvB<=4k,kp<=4k,1.8099,2
2048,n<=4,sr>70%,kvB<=4k,kp<=512,0.1812,1
2048,n<=4,sr>70%,kvB<=4k,kp=0,-0.1357,1
2048,n<=64,sr<=15%,kvB<=16k,kp<=1k,0.003,4
2048,n<=64,sr<=15%,kvB<=16k,kp<=2k,0.0042,4
2048,n<=64,sr<=15%,kvB<=16k,kp<=4k,-0.0005,4
2048,n<=64,sr<=15%,kvB<=16k,kp<=512,-0.0022,4
2048,n<=64,sr<=15%,kvB<=16k,kp<=8k,0.0064,4
2048,n<=64,sr<=15%,kvB<=16k,kp=0,-0.004,4
2048,n<=64,sr<=15%,kvB<=1k,kp<=1k,-0.0143,4
2048,n<=64,sr<=15%,kvB<=1k,kp<=2k,0.1603,4
2048,n<=64,sr<=15%,kvB<=1k,kp<=4k,-0.0553,4
2048,n<=64,sr<=15%,kvB<=1k,kp<=512,0.1207,4
2048,n<=64,sr<=15%,kvB<=1k,kp<=8k,0.1467,4
2048,n<=64,sr<=15%,kvB<=1k,kp=0,0.048,4
2048,n<=64,sr<=15%,kvB<=4k,kp<=1k,0.0009,4
2048,n<=64,sr<=15%,kvB<=4k,kp<=2k,0.001,4
2048,n<=64,sr<=15%,kvB<=4k,kp<=4k,0.0477,4
2048,n<=64,sr<=15%,kvB<=4k,kp<=512,0.0145,4
2048,n<=64,sr<=15%,kvB<=4k,kp<=8k,-0.0037,4
2048,n<=64,sr<=15%,kvB<=4k,kp=0,0.0127,4
2048,n<=64,sr<=40%,kvB<=16k,kp<=1k,-0.0178,2
2048,n<=64,sr<=40%,kvB<=16k,kp<=2k,-0.0156,2
2048,n<=64,sr<=40%,kvB<=16k,kp<=4k,-0.0022,2
2048,n<=64,sr<=40%,kvB<=16k,kp<=512,-0.019,2
2048,n<=64,sr<=40%,kvB<=16k,kp<=8k,0.0111,2
2048,n<=64,sr<=40%,kvB<=16k,kp=0,-0.0174,2
2048,n<=64,sr<=40%,kvB<=1k,kp<=1k,0.0514,2
2048,n<=64,sr<=40%,kvB<=1k,kp<=2k,0.2369,2
2048,n<=64,sr<=40%,kvB<=1k,kp<=4k,0.0923,2
2048,n<=64,sr<=40%,kvB<=1k,kp<=512,0.1763,2
2048,n<=64,sr<=40%,kvB<=1k,kp<=8k,0.2485,2
2048,n<=64,sr<=40%,kvB<=1k,kp=0,0.0756,2
2048,n<=64,sr<=40%,kvB<=4k,kp<=1k,-0.0302,2
2048,n<=64,sr<=40%,kvB<=4k,kp<=2k,-0.0424,2
2048,n<=64,sr<=40%,kvB<=4k,kp<=4k,-0.0093,2
2048,n<=64,sr<=40%,kvB<=4k,kp<=512,0.0225,2
2048,n<=64,sr<=40%,kvB<=4k,kp<=8k,-0.0563,2
2048,n<=64,sr<=40%,kvB<=4k,kp=0,0.0035,2
2048,n<=64,sr<=5%,kvB<=16k,kp<=1k,0.0084,6
2048,n<=64,sr<=5%,kvB<=16k,kp<=2k,0.0134,6
2048,n<=64,sr<=5%,kvB<=16k,kp<=4k,0.0095,6
2048,n<=64,sr<=5%,kvB<=16k,kp<=512,0.0078,6
2048,n<=64,sr<=5%,kvB<=16k,kp<=8k,0.0113,6
2048,n<=64,sr<=5%,kvB<=16k,kp=0,0.0082,6
2048,n<=64,sr<=5%,kvB<=1k,kp<=1k,0.0337,6
2048,n<=64,sr<=5%,kvB<=1k,kp<=2k,0.0456,6
2048,n<=64,sr<=5%,kvB<=1k,kp<=4k,0.098,6
2048,n<=64,sr<=5%,kvB<=1k,kp<=512,0.0811,6
2048,n<=64,sr<=5%,kvB<=1k,kp<=8k,0.0286,6
2048,n<=64,sr<=5%,kvB<=1k,kp=0,0.0205,6
2048,n<=64,sr<=5%,kvB<=4k,kp<=1k,0.0058,6
2048,n<=64,sr<=5%,kvB<=4k,kp<=2k,0.0179,6
2048,n<=64,sr<=5%,kvB<=4k,kp<=4k,0.0212,6
2048,n<=64,sr<=5%,kvB<=4k,kp<=512,0.0236,6
2048,n<=64,sr<=5%,kvB<=4k,kp<=8k,-0.0003,6
2048,n<=64,sr<=5%,kvB<=4k,kp=0,0.0273,6
2048,n<=64,sr<=70%,kvB<=16k,kp<=1k,-0.0436,2
2048,n<=64,sr<=70%,kvB<=16k,kp<=2k,-0.0394,2
2048,n<=64,sr<=70%,kvB<=16k,kp<=4k,-0.0351,2
2048,n<=64,sr<=70%,kvB<=16k,kp<=512,-0.0368,2
2048,n<=64,sr<=70%,kvB<=16k,kp<=8k,-0.0364,2
2048,n<=64,sr<=70%,kvB<=16k,kp=0,-0.0334,2
2048,n<=64,sr<=70%,kvB<=1k,kp<=1k,0.1921,2
2048,n<=64,sr<=70%,kvB<=1k,kp<=2k,0.3224,2
2048,n<=64,sr<=70%,kvB<=1k,kp<=4k,0.0529,2
2048,n<=64,sr<=70%,kvB<=1k,kp<=512,0.0501,2
2048,n<=64,sr<=70%,kvB<=1k,kp<=8k,0.5915,2
2048,n<=64,sr<=70%,kvB<=1k,kp=0,0.0373,2
2048,n<=64,sr<=70%,kvB<=4k,kp<=1k,-0.0683,2
2048,n<=64,sr<=70%,kvB<=4k,kp<=2k,0.0492,2
2048,n<=64,sr<=70%,kvB<=4k,kp<=4k,0.0294,2
2048,n<=64,sr<=70%,kvB<=4k,kp<=512,-0.0166,2
2048,n<=64,sr<=70%,kvB<=4k,kp<=8k,-0.0333,2
2048,n<=64,sr<=70%,kvB<=4k,kp=0,-0.0271,2
2048,n<=64,sr>70%,kvB<=16k,kp<=1k,-0.045,4
2048,n<=64,sr>70%,kvB<=16k,kp<=2k,-0.0433,4
2048,n<=64,sr>70%,kvB<=16k,kp<=4k,-0.0847,4
2048,n<=64,sr>70%,kvB<=16k,kp<=512,-0.055,4
2048,n<=64,sr>70%,kvB<=16k,kp<=8k,-0.0257,4
2048,n<=64,sr>70%,kvB<=16k,kp=0,-0.0492,4
2048,n<=64,sr>70%,kvB<=1k,kp<=1k,0.2733,4
2048,n<=64,sr>70%,kvB<=1k,kp<=2k,0.1414,4
2048,n<=64,sr>70%,kvB<=1k,kp<=4k,0.8575,3
2048,n<=64,sr>70%,kvB<=1k,kp<=512,0.5451,4
2048,n<=64,sr>70%,kvB<=1k,kp<=8k,0.1016,4
2048,n<=64,sr>70%,kvB<=1k,kp=0,0.3622,4
2048,n<=64,sr>70%,kvB<=4k,kp<=1k,0.0145,4
2048,n<=64,sr>70%,kvB<=4k,kp<=2k,0.1119,4
2048,n<=64,sr>70%,kvB<=4k,kp<=4k,0.0641,4
2048,n<=64,sr>70%,kvB<=4k,kp<=512,0.0701,4
2048,n<=64,sr>70%,kvB<=4k,kp<=8k,-0.0917,4
2048,n<=64,sr>70%,kvB<=4k,kp=0,-0.0219,4
2048,n<=8,sr<=15%,kvB<=16k,kp<=1k,0.1722,2
2048,n<=8,sr<=15%,kvB<=16k,kp<=2k,0.1778,2
2048,n<=8,sr<=15%,kvB<=16k,kp<=4k,0.1268,2
2048,n<=8,sr<=15%,kvB<=16k,kp<=512,0.1322,2
2048,n<=8,sr<=15%,kvB<=16k,kp<=8k,0.1436,2
2048,n<=8,sr<=15%,kvB<=16k,kp=0,0.1314,2
2048,n<=8,sr<=15%,kvB<=1k,kp<=1k,0.3579,2
2048,n<=8,sr<=15%,kvB<=1k,kp<=2k,-0.0698,2
2048,n<=8,sr<=15%,kvB<=1k,kp<=512,0.0165,2
2048,n<=8,sr<=15%,kvB<=1k,kp<=8k,0.3769,2
2048,n<=8,sr<=15%,kvB<=1k,kp=0,0.2359,2
2048,n<=8,sr<=15%,kvB<=4k,kp<=1k,0.1493,2
2048,n<=8,sr<=15%,kvB<=4k,kp<=2k,-0.117,2
2048,n<=8,sr<=15%,kvB<=4k,kp<=4k,0.017,2
2048,n<=8,sr<=15%,kvB<=4k,kp<=512,0.1273,2
2048,n<=8,sr<=15%,kvB<=4k,kp<=8k,0.458,2
2048,n<=8,sr<=15%,kvB<=4k,kp=0,0.1579,2
2048,n<=8,sr<=40%,kvB<=16k,kp<=1k,0.1441,4
2048,n<=8,sr<=40%,kvB<=16k,kp<=2k,0.1296,4
2048,n<=8,sr<=40%,kvB<=16k,kp<=4k,0.1536,4
2048,n<=8,sr<=40%,kvB<=16k,kp<=512,0.1352,4
2048,n<=8,sr<=40%,kvB<=16k,kp<=8k,0.1267,4
2048,n<=8,sr<=40%,kvB<=16k,kp=0,0.1109,4
2048,n<=8,sr<=40%,kvB<=1k,kp<=1k,0.1455,3
2048,n<=8,sr<=40%,kvB<=1k,kp<=2k,0.3499,4
2048,n<=8,sr<=40%,kvB<=1k,kp<=4k,0.0968,3
2048,n<=8,sr<=40%,kvB<=1k,kp<=512,-0.2337,4
2048,n<=8,sr<=40%,kvB<=1k,kp<=8k,0.2618,3
2048,n<=8,sr<=40%,kvB<=1k,kp=0,-0.0511,4
2048,n<=8,sr<=40%,kvB<=4k,kp<=1k,0.158,4
2048,n<=8,sr<=40%,kvB<=4k,kp<=2k,-0.0493,4
2048,n<=8,sr<=40%,kvB<=4k,kp<=4k,0.1694,4
2048,n<=8,sr<=40%,kvB<=4k,kp<=512,0.1348,4
2048,n<=8,sr<=40%,kvB<=4k,kp<=8k,-0.0268,4
2048,n<=8,sr<=40%,kvB<=4k,kp=0,0.1131,4
2048,n<=8,sr<=70%,kvB<=16k,kp<=1k,0.1837,2
2048,n<=8,sr<=70%,kvB<=16k,kp<=2k,0.1381,2
2048,n<=8,sr<=70%,kvB<=16k,kp<=4k,0.2303,2
2048,n<=8,sr<=70%,kvB<=16k,kp<=512,0.1167,2
2048,n<=8,sr<=70%,kvB<=16k,kp<=8k,0.2116,2
2048,n<=8,sr<=70%,kvB<=16k,kp=0,0.0952,2
2048,n<=8,sr<=70%,kvB<=1k,kp<=1k,0.1559,2
2048,n<=8,sr<=70%,kvB<=1k,kp<=2k,0.2096,2
2048,n<=8,sr<=70%,kvB<=1k,kp<=4k,0.734,1
2048,n<=8,sr<=70%,kvB<=1k,kp<=512,0.0136,2
2048,n<=8,sr<=70%,kvB<=1k,kp<=8k,-2.5159,2
2048,n<=8,sr<=70%,kvB<=1k,kp=0,0.2031,2
2048,n<=8,sr<=70%,kvB<=4k,kp<=1k,0.1586,2
2048,n<=8,sr<=70%,kvB<=4k,kp<=2k,0.2119,2
2048,n<=8,sr<=70%,kvB<=4k,kp<=4k,-0.5349,1
2048,n<=8,sr<=70%,kvB<=4k,kp<=512,0.1279,2
2048,n<=8,sr<=70%,kvB<=4k,kp<=8k,0.8154,2
2048,n<=8,sr<=70%,kvB<=4k,kp=0,0.1431,2
2048,n<=8,sr>70%,kvB<=16k,kp<=1k,0.0648,4
2048,n<=8,sr>70%,kvB<=16k,kp<=2k,0.1438,4
2048,n<=8,sr>70%,kvB<=16k,kp<=4k,0.0027,3
2048,n<=8,sr>70%,kvB<=16k,kp<=512,0.175,4
2048,n<=8,sr>70%,kvB<=16k,kp<=8k,0.0533,4
2048,n<=8,sr>70%,kvB<=16k,kp=0,0.1149,4
2048,n<=8,sr>70%,kvB<=1k,kp<=1k,0.0968,3
2048,n<=8,sr>70%,kvB<=1k,kp<=2k,0.3079,4
2048,n<=8,sr>70%,kvB<=1k,kp<=4k,0.3834,4
2048,n<=8,sr>70%,kvB<=1k,kp<=512,-0.1753,3
2048,n<=8,sr>70%,kvB<=1k,kp<=8k,-1.9813,2
2048,n<=8,sr>70%,kvB<=1k,kp=0,0.531,3
2048,n<=8,sr>70%,kvB<=4k,kp<=1k,0.1236,4
2048,n<=8,sr>70%,kvB<=4k,kp<=2k,0.1352,4
2048,n<=8,sr>70%,kvB<=4k,kp<=4k,0.9678,3
2048,n<=8,sr>70%,kvB<=4k,kp<=512,0.0748,3
2048,n<=8,sr>70%,kvB<=4k,kp<=8k,0.0632,3
2048,n<=8,sr>70%,kvB<=4k,kp=0,0.0613,4
