prefill_chunk,kv_prefill,n_decode,kv_decode,time_us
0,0,1,16,12.3627
0,0,1,32,12.384
0,0,1,64,12.4483
0,0,1,128,17.7067
0,0,1,256,18.197
0,0,1,512,19.317
0,0,1,1024,25.6007
0,0,1,2048,31.894
0,0,1,4096,47.147
0,0,1,8192,69.4617
0,0,1,16384,116.598
0,0,2,16,18.155
0,0,2,32,18.219
0,0,2,64,18.39
0,0,2,128,22.102
0,0,2,256,22.997
0,0,2,512,29.1313
0,0,2,1024,37.5363
0,0,2,2048,50.134
0,0,2,4096,77.9737
0,0,2,8192,118.359
0,0,2,16384,205.922
0,0,4,16,18.326
0,0,4,32,18.496
0,0,4,64,18.8163
0,0,4,128,22.9333
0,0,4,256,29.3233
0,0,4,512,37.6747
0,0,4,1024,48.7153
0,0,4,2048,71.3077
0,0,4,4096,116.855
0,0,4,8192,206.638
0,0,4,16384,388.249
0,0,8,16,18.934
0,0,8,32,19.381
0,0,8,64,20.0433
0,0,8,128,30.2937
0,0,8,256,39.0503
0,0,8,512,49.494
0,0,8,1024,72.279
0,0,8,2048,117.015
0,0,8,4096,206.285
0,0,8,8192,383.951
0,0,8,16384,741.096
0,0,16,16,25.1953
0,0,16,32,25.8247
0,0,16,64,27.1473
0,0,16,128,36.011
0,0,16,256,49.3017
0,0,16,512,72.8117
0,0,16,1024,116.62
0,0,16,2048,207.704
0,0,16,4096,387.247
0,0,16,8192,741.822
0,0,16,16384,1461.78
0,0,32,16,37.2483
0,0,32,32,38.0377
0,0,32,64,41.0357
0,0,32,128,56.5443
0,0,32,256,80.1923
0,0,32,512,126.113
0,0,32,1024,214.809
0,0,32,2048,395.376
0,0,32,4096,753.022
0,0,32,8192,1470.59
0,0,32,16384,2904.25
0,0,64,16,60.4483
0,0,64,32,62.87
0,0,64,64,65.8783
0,0,64,128,95.318
0,0,64,256,140.269
0,0,64,512,228.61
0,0,64,1024,405.051
0,0,64,2048,762.932
0,0,64,4096,1492.04
0,0,64,8192,2965.47
0,0,64,16384,5824.34
0,0,128,16,111.436
0,0,128,32,113.164
0,0,128,64,117.687
0,0,128,128,177.293
0,0,128,256,252.323
0,0,128,512,429.243
0,0,128,1024,778.847
0,0,128,2048,1494.43
0,0,128,4096,2934.78
0,0,128,8192,5813.99
0,0,128,16384,11542.6
0,0,256,16,209.133
0,0,256,32,213.518
0,0,256,64,223.853
0,0,256,128,336.047
0,0,256,256,477.627
0,0,256,512,814.569
0,0,256,1024,1520.48
0,0,256,2048,2948.08
0,0,256,4096,5818.32
0,0,256,8192,11554.9
0,0,256,16384,23036.5
16,0,0,0,12.6937
16,0,1,16,12.9177
16,0,1,32,12.8853
16,0,1,64,12.9497
16,0,1,128,15.7333
16,0,1,256,19.606
16,0,1,512,27.392
16,0,1,1024,43.031
16,0,1,2048,74.7957
16,0,1,4096,136.055
16,0,1,8192,258.808
16,0,1,16384,504.39
16,0,2,16,18.528
16,0,2,32,18.5607
16,0,2,64,18.7847
16,0,2,128,24.2667
16,0,2,256,31.83
16,0,2,512,46.5817
16,0,2,1024,64.651
16,0,2,2048,94.081
16,0,2,4096,153.517
16,0,2,8192,268.974
16,0,2,16384,502.353
16,0,4,16,24.1497
16,0,4,32,24.331
16,0,4,64,24.672
16,0,4,128,33.4723
16,0,4,256,44.886
16,0,4,512,65.398
16,0,4,1024,94.8703
16,0,4,2048,153.506
16,0,4,4096,269.069
16,0,4,8192,504.273
16,0,4,16384,975.789
16,0,8,16,35.638
16,0,8,32,36.1603
16,0,8,64,36.7263
16,0,8,128,52.3097
16,0,8,256,70.9343
16,0,8,512,101.323
16,0,8,1024,159.426
16,0,8,2048,277.902
16,0,8,4096,513.074
16,0,8,8192,986.892
16,0,8,16384,1955.82
16,0,16,16,58.305
16,0,16,32,59.4353
16,0,16,64,60.5553
16,0,16,128,88.7263
16,0,16,256,121.707
16,0,16,512,179.735
16,0,16,1024,295.683
16,0,16,2048,531.259
16,0,16,4096,1004.33
16,0,16,8192,1977.52
16,0,16,16384,4309.2
16,0,32,16,101.943
16,0,32,32,104.343
16,0,32,64,106.668
16,0,32,128,160.909
16,0,32,256,220.685
16,0,32,512,339.513
16,0,32,1024,580.764
16,0,32,2048,1078.19
16,0,32,4096,2379.75
16,0,32,8192,5094.62
16,0,32,16384,10406.9
16,0,64,16,187.927
16,0,64,32,192.941
16,0,64,64,196.152
16,0,64,128,306.127
16,0,64,256,450.566
16,0,64,512,798.122
16,0,64,1024,1490.58
16,0,64,2048,2911.11
16,0,64,4096,5797.6
16,0,64,8192,11530
16,0,64,16384,23061.7
16,0,128,16,326.02
16,0,128,32,333.636
16,0,128,64,379.503
16,0,128,128,618.205
16,0,128,256,890.592
16,0,128,512,1544.3
16,0,128,1024,2929.54
16,0,128,2048,5783.9
16,0,128,4096,11522.6
16,0,128,8192,22955.6
16,0,128,16384,45923.1
16,16,0,0,11.648
16,16,1,16,11.6587
16,16,1,32,11.797
16,16,1,64,11.9147
16,16,1,128,13.856
16,16,1,256,19.6803
16,16,1,512,27.2747
16,16,1,1024,42.9017
16,16,1,2048,74.6357
16,16,1,4096,135.757
16,16,1,8192,258.393
16,16,1,16384,503.633
16,16,2,16,18.6777
16,16,2,32,18.9873
16,16,2,64,19.1467
16,16,2,128,24.224
16,16,2,256,31.67
16,16,2,512,46.454
16,16,2,1024,65.5687
16,16,2,2048,94.7853
16,16,2,4096,153.666
16,16,2,8192,269.39
16,16,2,16384,503.28
16,16,4,16,24.2987
16,16,4,32,24.736
16,16,4,64,25.0883
16,16,4,128,33.4617
16,16,4,256,44.9393
16,16,4,512,65.5687
16,16,4,1024,95.116
16,16,4,2048,154.445
16,16,4,4096,268.441
16,16,4,8192,505.872
16,16,4,16384,975.574
16,16,8,16,35.8083
16,16,8,32,36.5227
16,16,8,64,37.121
16,16,8,128,52.1393
16,16,8,256,70.977
16,16,8,512,101.954
16,16,8,1024,160.535
16,16,8,2048,278.425
16,16,8,4096,514.139
16,16,8,8192,986.284
16,16,8,16384,1957.59
16,16,16,16,58.2197
16,16,16,32,59.5423
16,16,16,64,60.747
16,16,16,128,88.5557
16,16,16,256,121.643
16,16,16,512,179.64
16,16,16,1024,296.334
16,16,16,2048,531.623
16,16,16,4096,1005.58
16,16,16,8192,1962.85
16,16,16,16384,4303.91
16,16,32,16,102.102
16,16,32,32,104.471
16,16,32,64,106.785
16,16,32,128,160.685
16,16,32,256,220.845
16,16,32,512,338.671
16,16,32,1024,582.609
16,16,32,2048,1079.89
16,16,32,4096,2398.73
16,16,32,8192,5168.08
16,16,32,16384,10326.7
16,16,64,16,188.301
16,16,64,32,193.261
16,16,64,64,196.471
16,16,64,128,305.796
16,16,64,256,451.909
16,16,64,512,786.953
16,16,64,1024,1490.54
16,16,64,2048,2922.28
16,16,64,4096,5795.69
16,16,64,8192,11577
16,16,64,16384,23039.9
16,16,128,16,348.591
16,16,128,32,356.421
16,16,128,64,380.111
16,16,128,128,618.141
16,16,128,256,888.395
16,16,128,512,1534.79
16,16,128,1024,2932.52
16,16,128,2048,5799.28
16,16,128,4096,11520.4
16,16,128,8192,23012.4
16,16,128,16384,45932.6
16,32,0,0,11.7337
16,32,1,16,11.7337
16,32,1,32,11.872
16,32,1,64,11.9577
16,32,1,128,13.9203
16,32,1,256,19.4993
16,32,1,512,27.3497
16,32,1,1024,42.9127
16,32,1,2048,74.742
16,32,1,4096,136.012
16,32,1,8192,259.021
16,32,1,16384,504.71
16,32,2,16,18.8167
16,32,2,32,18.9017
16,32,2,64,19.2213
16,32,2,128,24.1813
16,32,2,256,31.7337
16,32,2,512,47.0187
16,32,2,1024,65.686
16,32,2,2048,95.0837
16,32,2,4096,153.345
16,32,2,8192,270.477
16,32,2,16384,501.638
16,32,4,16,24.3523
16,32,4,32,24.683
16,32,4,64,25.1947
16,32,4,128,33.4407
16,32,4,256,44.7687
16,32,4,512,65.675
16,32,4,1024,94.9557
16,32,4,2048,153.346
16,32,4,4096,269.784
16,32,4,8192,504.656
16,32,4,16384,977.025
16,32,8,16,35.8083
16,32,8,32,36.619
16,32,8,64,37.142
16,32,8,128,52.2037
16,32,8,256,70.785
16,32,8,512,101.495
16,32,8,1024,161.826
16,32,8,2048,277.678
16,32,8,4096,514.107
16,32,8,8192,984.023
16,32,8,16384,1958.13
16,32,16,16,58.262
16,32,16,32,59.5523
16,32,16,64,60.7893
16,32,16,128,88.5983
16,32,16,256,121.686
16,32,16,512,180.162
16,32,16,1024,297.561
16,32,16,2048,532.86
16,32,16,4096,1003.83
16,32,16,8192,1980.42
16,32,16,16384,4376.21
16,32,32,16,102.049
16,32,32,32,104.428
16,32,32,64,106.807
16,32,32,128,161.058
16,32,32,256,221.763
16,32,32,512,338.767
16,32,32,1024,582.257
16,32,32,2048,1091.64
16,32,32,4096,2281.7
16,32,32,8192,5204.65
16,32,32,16384,10379.1
16,32,64,16,188.43
16,32,64,32,193.229
16,32,64,64,196.536
16,32,64,128,306.297
16,32,64,256,451.046
16,32,64,512,788.521
16,32,64,1024,1488.42
16,32,64,2048,2922.42
16,32,64,4096,5797.36
16,32,64,8192,11573.5
16,32,64,16384,23039.6
16,32,128,16,322.041
16,32,128,32,329.231
16,32,128,64,380.133
16,32,128,128,618.696
16,32,128,256,888.897
16,32,128,512,1531.46
16,32,128,1024,2933.31
16,32,128,2048,5791.34
16,32,128,4096,11515
16,32,128,8192,23000.6
16,32,128,16384,45924
16,64,0,0,11.8397
16,64,1,16,11.7657
16,64,1,32,11.8293
16,64,1,64,12.0323
16,64,1,128,13.9413
16,64,1,256,17.291
16,64,1,512,27.3387
16,64,1,1024,42.9443
16,64,1,2048,74.7423
16,64,1,4096,136.045
16,64,1,8192,258.926
16,64,1,16384,504.23
16,64,2,16,18.8377
16,64,2,32,19.104
16,64,2,64,19.2537
16,64,2,128,24.2457
16,64,2,256,31.7553
16,64,2,512,46.5073
16,64,2,1024,65.8463
16,64,2,2048,95.564
16,64,2,4096,153.528
16,64,2,8192,271.129
16,64,2,16384,503.206
16,64,4,16,24.5547
16,64,4,32,24.822
16,64,4,64,25.2913
16,64,4,128,33.483
16,64,4,256,44.9073
16,64,4,512,65.8887
16,64,4,1024,95.4147
16,64,4,2048,154.871
16,64,4,4096,271.225
16,64,4,8192,506.29
16,64,4,16384,976.567
16,64,8,16,35.936
16,64,8,32,36.6297
16,64,8,64,37.3227
16,64,8,128,52.289
16,64,8,256,70.8063
16,64,8,512,101.431
16,64,8,1024,161.634
16,64,8,2048,279.332
16,64,8,4096,514.897
16,64,8,8192,986.775
16,64,8,16384,1960.21
16,64,16,16,58.4217
16,64,16,32,59.734
16,64,16,64,60.918
16,64,16,128,88.5557
16,64,16,256,121.911
16,64,16,512,180.856
16,64,16,1024,296.868
16,64,16,2048,534.322
16,64,16,4096,1005.53
16,64,16,8192,1996.09
16,64,16,16384,4350.31
16,64,32,16,102.188
16,64,32,32,104.684
16,64,32,64,106.817
16,64,32,128,160.983
16,64,32,256,221.432
16,64,32,512,339.034
16,64,32,1024,582.205
16,64,32,2048,1086.08
16,64,32,4096,2361.32
16,64,32,8192,5173.65
16,64,32,16384,10299.7
16,64,64,16,188.696
16,64,64,32,193.304
16,64,64,64,196.824
16,64,64,128,306.255
16,64,64,256,450.694
16,64,64,512,791.083
16,64,64,1024,1489.97
16,64,64,2048,2923.46
16,64,64,4096,5798.51
16,64,64,8192,11557.7
16,64,64,16384,23051.8
16,64,128,16,365.339
16,64,128,32,373.423
16,64,128,64,380.282
16,64,128,128,617.821
16,64,128,256,889.238
16,64,128,512,1533.03
16,64,128,1024,2931.87
16,64,128,2048,5795.6
16,64,128,4096,11525.6
16,64,128,8192,23008.5
16,64,128,16384,45914.8
16,128,0,0,14.859
16,128,1,16,14.1657
16,128,1,32,14.1333
16,128,1,64,14.1547
16,128,1,128,14.9977
16,128,1,256,19.6163
16,128,1,512,27.435
16,128,1,1024,43.0183
16,128,1,2048,74.785
16,128,1,4096,135.991
16,128,1,8192,259.086
16,128,1,16384,504.262
16,128,2,16,22.539
16,128,2,32,22.827
16,128,2,64,22.9547
16,128,2,128,26.091
16,128,2,256,31.851
16,128,2,512,47.1687
16,128,2,1024,76.0757
16,128,2,2048,109.826
16,128,2,4096,168.781
16,128,2,8192,285.06
16,128,2,16384,518.779
16,128,4,16,28.267
16,128,4,32,28.4163
16,128,4,64,28.7467
16,128,4,128,35.5743
16,128,4,256,44.6837
16,128,4,512,67.2007
16,128,4,1024,106.327
16,128,4,2048,162.349
16,128,4,4096,279.939
16,128,4,8192,512.7
16,128,4,16384,979.148
16,128,8,16,39.414
16,128,8,32,40.0113
16,128,8,64,40.5237
16,128,8,128,54.1017
16,128,8,256,71.041
16,128,8,512,107.212
16,128,8,1024,167.992
16,128,8,2048,285.795
16,128,8,4096,523.943
16,128,8,8192,992.77
16,128,8,16384,1954.84
16,128,16,16,61.313
16,128,16,32,62.561
16,128,16,64,63.5423
16,128,16,128,90.9667
16,128,16,256,121.772
16,128,16,512,186.583
16,128,16,1024,302.99
16,128,16,2048,538.183
16,128,16,4096,1008.66
16,128,16,8192,1992.7
16,128,16,16384,4324.64
16,128,32,16,104.108
16,128,32,32,106.647
16,128,32,64,108.386
16,128,32,128,163.458
16,128,32,256,223.779
16,128,32,512,347.728
16,128,32,1024,589.491
16,128,32,2048,1079.26
16,128,32,4096,2358.69
16,128,32,8192,5216.24
16,128,32,16384,10360.8
16,128,64,16,190.179
16,128,64,32,194.648
16,128,64,64,198.925
16,128,64,128,309.177
16,128,64,256,450.79
16,128,64,512,778.603
16,128,64,1024,1491.19
16,128,64,2048,2924.12
16,128,64,4096,5806.19
16,128,64,8192,11561
16,128,64,16384,23054.2
16,128,128,16,367.301
16,128,128,32,376.282
16,128,128,64,384.901
16,128,128,128,621.032
16,128,128,256,891.339
16,128,128,512,1534.29
16,128,128,1024,2936.3
16,128,128,2048,5795.79
16,128,128,4096,11526
16,128,128,8192,22990.9
16,128,128,16384,45922.4
16,256,0,0,18.208
16,256,1,16,17.5687
16,256,1,32,17.6537
16,256,1,64,17.6323
16,256,1,128,17.643
16,256,1,256,20.705
16,256,1,512,27.5307
16,256,1,1024,43.0833
16,256,1,2048,74.6673
16,256,1,4096,135.81
16,256,1,8192,258.5
16,256,1,16384,503.836
16,256,2,16,26.337
16,256,2,32,26.5173
16,256,2,64,26.6027
16,256,2,128,30.0267
16,256,2,256,33.952
16,256,2,512,46.6787
16,256,2,1024,76.2463
16,256,2,2048,124.504
16,256,2,4096,182.306
16,256,2,8192,301.946
16,256,2,16384,541.853
16,256,4,16,31.9577
16,256,4,32,32.2133
16,256,4,64,32.374
16,256,4,128,39.2
16,256,4,256,46.9763
16,256,4,512,66.87
16,256,4,1024,109.366
16,256,4,2048,175.255
16,256,4,4096,292.996
16,256,4,8192,523.025
16,256,4,16384,989.411
16,256,8,16,43.1793
16,256,8,32,43.7013
16,256,8,64,44.4913
16,256,8,128,57.6007
16,256,8,256,73.1317
16,256,8,512,106.796
16,256,8,1024,174.424
16,256,8,2048,290.372
16,256,8,4096,530.406
16,256,8,8192,997.207
16,256,8,16384,1963.69
16,256,16,16,65.7397
16,256,16,32,66.657
16,256,16,64,68.225
16,256,16,128,93.836
16,256,16,256,124.311
16,256,16,512,186.264
16,256,16,1024,312.121
16,256,16,2048,546.748
16,256,16,4096,1017.53
16,256,16,8192,1979.14
16,256,16,16384,4359.46
16,256,32,16,108.588
16,256,32,32,110.914
16,256,32,64,113.356
16,256,32,128,165.229
16,256,32,256,226.008
16,256,32,512,353.861
16,256,32,1024,597.992
16,256,32,2048,1095.69
16,256,32,4096,2313.33
16,256,32,8192,5189.08
16,256,32,16384,10505.7
16,256,64,16,193.592
16,256,64,32,197.785
16,256,64,64,201.613
16,256,64,128,312.559
16,256,64,256,462.886
16,256,64,512,775.872
16,256,64,1024,1495.94
16,256,64,2048,2928.49
16,256,64,4096,5802.51
16,256,64,8192,11573.3
16,256,64,16384,23062.8
16,256,128,16,328.302
16,256,128,32,336.378
16,256,128,64,386.299
16,256,128,128,625.556
16,256,128,256,895.842
16,256,128,512,1522.28
16,256,128,1024,2938.82
16,256,128,2048,5797.47
16,256,128,4096,11523.8
16,256,128,8192,23017.2
16,256,128,16384,45910.8
16,512,0,0,24.7583
16,512,1,16,27.542
16,512,1,32,27.5737
16,512,1,64,27.574
16,512,1,128,27.6593
16,512,1,256,27.7983
16,512,1,512,28.523
16,512,1,1024,43.222
16,512,1,2048,74.7857
16,512,1,4096,135.81
16,512,1,8192,258.35
16,512,1,16384,503.837
16,512,2,16,33.7173
16,512,2,32,33.7717
16,512,2,64,33.835
16,512,2,128,37.75
16,512,2,256,41.6007
16,512,2,512,48.897
16,512,2,1024,76.737
16,512,2,2048,134.156
16,512,2,4096,212.099
16,512,2,8192,331.941
16,512,2,16384,578.663
16,512,4,16,39.4677
16,512,4,32,39.7663
16,512,4,64,40.0117
16,512,4,128,46.774
16,512,4,256,54.4857
16,512,4,512,69.0997
16,512,4,1024,110.188
16,512,4,2048,195.331
16,512,4,4096,315.001
16,512,4,8192,547.89
16,512,4,16384,1020.89
16,512,8,16,55.03
16,512,8,32,55.5953
16,512,8,64,56.0647
16,512,8,128,65.3343
16,512,8,256,80.353
16,512,8,512,109.217
16,512,8,1024,178.926
16,512,8,2048,306.639
16,512,8,4096,553.32
16,512,8,8192,1032.74
16,512,8,16384,1997.55
16,512,16,16,76.8013
16,512,16,32,78.0597
16,512,16,64,79.1583
16,512,16,128,101.9
16,512,16,256,130.871
16,512,16,512,188.92
16,512,16,1024,317.145
16,512,16,2048,568.36
16,512,16,4096,1041.43
16,512,16,8192,2096.36
16,512,16,16384,4311.08
16,512,32,16,118.967
16,512,32,32,120.876
16,512,32,64,122.625
16,512,32,128,173.709
16,512,32,256,231.683
16,512,32,512,365.072
16,512,32,1024,654.173
16,512,32,2048,1188.93
16,512,32,4096,2400.32
16,512,32,8192,5169.6
16,512,32,16384,10436.6
16,512,64,16,203.021
16,512,64,32,207.843
16,512,64,64,211.373
16,512,64,128,317.913
16,512,64,256,460.198
16,512,64,512,796.832
16,512,64,1024,1495.95
16,512,64,2048,2934.27
16,512,64,4096,5808.74
16,512,64,8192,11578.9
16,512,64,16384,23055.3
16,512,128,16,345.637
16,512,128,32,353.594
16,512,128,64,392.442
16,512,128,128,632.531
16,512,128,256,903.436
16,512,128,512,1551.46
16,512,128,1024,2937.8
16,512,128,2048,5799.31
16,512,128,4096,11523.1
16,512,128,8192,23004.3
16,512,128,16384,45945.9
16,1024,0,0,38.1977
16,1024,1,16,38.4323
16,1024,1,32,38.4
16,1024,1,64,38.39
16,1024,1,128,38.4323
16,1024,1,256,43.2537
16,1024,1,512,43.2427
16,1024,1,1024,44.3633
16,1024,1,2048,74.0593
16,1024,1,4096,135.916
16,1024,1,8192,255.971
16,1024,1,16384,503.996
16,1024,2,16,48.033
16,1024,2,32,48.108
16,1024,2,64,48.4383
16,1024,2,128,51.8833
16,1024,2,256,56.0437
16,1024,2,512,63.595
16,1024,2,1024,78.508
16,1024,2,2048,135.276
16,1024,2,4096,252.761
16,1024,2,8192,387.376
16,1024,2,16384,629.608
16,1024,4,16,54.0807
16,1024,4,32,54.1663
16,1024,4,64,54.8167
16,1024,4,128,61.3453
16,1024,4,256,69.3873
16,1024,4,512,83.745
16,1024,4,1024,113.57
16,1024,4,2048,197.517
16,1024,4,4096,360.506
16,1024,4,8192,595.155
16,1024,4,16384,1073.95
16,1024,8,16,70.433
16,1024,8,32,70.881
16,1024,8,64,71.4253
16,1024,8,128,87.468
16,1024,8,256,102.273
16,1024,8,512,123.479
16,1024,8,1024,183.832
16,1024,8,2048,324.933
16,1024,8,4096,582.482
16,1024,8,8192,1066.61
16,1024,8,16384,2130.59
16,1024,16,16,96.3633
16,1024,16,32,97.5267
16,1024,16,64,98.9453
16,1024,16,128,123.479
16,1024,16,256,152.812
16,1024,16,512,202.711
16,1024,16,1024,323.471
16,1024,16,2048,583.964
16,1024,16,4096,1103.15
16,1024,16,8192,2240.05
16,1024,16,16384,4551.65
16,1024,32,16,139.874
16,1024,32,32,142.381
16,1024,32,64,144.386
16,1024,32,128,194.808
16,1024,32,256,248.761
16,1024,32,512,377.871
16,1024,32,1024,642.121
16,1024,32,2048,1311.74
16,1024,32,4096,2580.43
16,1024,32,8192,5254.14
16,1024,32,16384,10543.2
16,1024,64,16,223.32
16,1024,64,32,228.089
16,1024,64,64,231.502
16,1024,64,128,338.479
16,1024,64,256,488.998
16,1024,64,512,802.624
16,1024,64,1024,1514.22
16,1024,64,2048,2942.64
16,1024,64,4096,5820.05
16,1024,64,8192,11580.6
16,1024,64,16384,23060.7
16,1024,128,16,396.635
16,1024,128,32,405.509
16,1024,128,64,413.424
16,1024,128,128,647.465
16,1024,128,256,916.984
16,1024,128,512,1562.69
16,1024,128,1024,2953.95
16,1024,128,2048,5810.04
16,1024,128,4096,11543.6
16,1024,128,8192,23033.4
16,1024,128,16384,45930.3
16,2048,0,0,64.9287
16,2048,1,16,66.8163
16,2048,1,32,66.8173
16,2048,1,64,66.8277
16,2048,1,128,66.849
16,2048,1,256,74.8387
16,2048,1,512,74.2517
16,2048,1,1024,73.5053
16,2048,1,2048,75.009
16,2048,1,4096,135.842
16,2048,1,8192,255.491
16,2048,1,16384,498.289
16,2048,2,16,77.729
16,2048,2,32,77.7397
16,2048,2,64,77.782
16,2048,2,128,81.2167
16,2048,2,256,85.025
16,2048,2,512,92.3317
16,2048,2,1024,107.511
16,2048,2,2048,138.903
16,2048,2,4096,253.156
16,2048,2,8192,474.982
16,2048,2,16384,740.724
16,2048,4,16,83.6593
16,2048,4,32,83.351
16,2048,4,64,83.8197
16,2048,4,128,90.2517
16,2048,4,256,97.9217
16,2048,4,512,112.62
16,2048,4,1024,143.074
16,2048,4,2048,202.498
16,2048,4,4096,372.293
16,2048,4,8192,684.211
16,2048,4,16384,1167.97
16,2048,8,16,99.2337
16,2048,8,32,99.4893
16,2048,8,64,99.8313
16,2048,8,128,116.834
16,2048,8,256,135.202
16,2048,8,512,170.348
16,2048,8,1024,211.459
16,2048,8,2048,330.415
16,2048,8,4096,620.413
16,2048,8,8192,1138.5
16,2048,8,16384,2173.13
16,2048,16,16,130.039
16,2048,16,32,131.437
16,2048,16,64,132.994
16,2048,16,128,160.599
16,2048,16,256,186.125
16,2048,16,512,249.753
16,2048,16,1024,351.813
16,2048,16,2048,589.533
16,2048,16,4096,1166.44
16,2048,16,8192,2329.67
16,2048,16,16384,4533.91
16,2048,32,16,175.597
16,2048,32,32,177.474
16,2048,32,64,179.341
16,2048,32,128,233.774
16,2048,32,256,288.867
16,2048,32,512,415.291
16,2048,32,1024,677.064
16,2048,32,2048,1238.71
16,2048,32,4096,2682.96
16,2048,32,8192,5360.47
16,2048,32,16384,10307.9
16,2048,64,16,262.276
16,2048,64,32,266.499
16,2048,64,64,270.318
16,2048,64,128,379.621
16,2048,64,256,538.482
16,2048,64,512,841.291
16,2048,64,1024,1535.07
16,2048,64,2048,2963.5
16,2048,64,4096,5838.02
16,2048,64,8192,11612.1
16,2048,64,16384,23073.6
16,2048,128,16,438.438
16,2048,128,32,445.862
16,2048,128,64,455.089
16,2048,128,128,689.811
16,2048,128,256,955.789
16,2048,128,512,1584.35
16,2048,128,1024,2974.47
16,2048,128,2048,5834.08
16,2048,128,4096,11559.2
16,2048,128,8192,23033.9
16,2048,128,16384,45960.3
16,4096,0,0,117.858
16,4096,1,16,121.655
16,4096,1,32,121.74
16,4096,1,64,121.57
16,4096,1,128,131.522
16,4096,1,256,136.503
16,4096,1,512,133.719
16,4096,1,1024,134.562
16,4096,1,2048,136.663
16,4096,1,4096,135.649
16,4096,1,8192,256.451
16,4096,1,16384,498.705
16,4096,2,16,136.461
16,4096,2,32,136.344
16,4096,2,64,136.642
16,4096,2,128,139.106
16,4096,2,256,142.69
16,4096,2,512,150.403
16,4096,2,1024,166.551
16,4096,2,2048,198.126
16,4096,2,4096,257.176
16,4096,2,8192,490.182
16,4096,2,16384,962.904
16,4096,4,16,141.122
16,4096,4,32,141.41
16,4096,4,64,141.826
16,4096,4,128,148.129
16,4096,4,256,155.895
16,4096,4,512,170.733
16,4096,4,1024,201.368
16,4096,4,2048,260.142
16,4096,4,4096,379.439
16,4096,4,8192,726.378
16,4096,4,16384,1330.27
16,4096,8,16,157.997
16,4096,8,32,157.73
16,4096,8,64,157.762
16,4096,8,128,173.826
16,4096,8,256,192.748
16,4096,8,512,229.326
16,4096,8,1024,301.188
16,4096,8,2048,387.92
16,4096,8,4096,626.621
16,4096,8,8192,1206.21
16,4096,8,16384,2307.48
16,4096,16,16,186.925
16,4096,16,32,187.565
16,4096,16,64,189.283
16,4096,16,128,225.454
16,4096,16,256,257.763
16,4096,16,512,325.273
16,4096,16,1024,441.947
16,4096,16,2048,644.509
16,4096,16,4096,1123.34
16,4096,16,8192,2378.42
16,4096,16,16384,4891.19
16,4096,32,16,242.852
16,4096,32,32,246.158
16,4096,32,64,248.473
16,4096,32,128,308.655
16,4096,32,256,368.922
16,4096,32,512,502.354
16,4096,32,1024,775.786
16,4096,32,2048,1341.47
16,4096,32,4096,2574.86
16,4096,32,8192,5421.68
16,4096,32,16384,10632.8
16,4096,64,16,336.538
16,4096,64,32,340.207
16,4096,64,64,343.972
16,4096,64,128,457.456
16,4096,64,256,621.896
16,4096,64,512,929.303
16,4096,64,1024,1619.17
16,4096,64,2048,3001.21
16,4096,64,4096,5881.71
16,4096,64,8192,11634.3
16,4096,64,16384,23117
16,4096,128,16,514.524
16,4096,128,32,524.742
16,4096,128,64,537.66
16,4096,128,128,775.093
16,4096,128,256,1045.76
16,4096,128,512,1667.29
16,4096,128,1024,3042.29
16,4096,128,2048,5876.87
16,4096,128,4096,11610.5
16,4096,128,8192,23084
16,4096,128,16384,46009.6
16,8192,0,0,222.786
16,8192,1,16,230.425
16,8192,1,32,230.222
16,8192,1,64,230.2
16,8192,1,128,230.275
16,8192,1,256,230.008
16,8192,1,512,250.031
16,8192,1,1024,258.382
16,8192,1,2048,254.403
16,8192,1,4096,256.174
16,8192,1,8192,257.55
16,8192,1,16384,505.745
16,8192,2,16,251.992
16,8192,2,32,252.174
16,8192,2,64,253.208
16,8192,2,128,256.409
16,8192,2,256,259.427
16,8192,2,512,266.606
16,8192,2,1024,282.265
16,8192,2,2048,314.159
16,8192,2,4096,374.874
16,8192,2,8192,494.023
16,8192,2,16384,959.821
16,8192,4,16,258.062
16,8192,4,32,257.923
16,8192,4,64,258.308
16,8192,4,128,263.598
16,8192,4,256,272.088
16,8192,4,512,285.145
16,8192,4,1024,315.556
16,8192,4,2048,376.816
16,8192,4,4096,494.172
16,8192,4,8192,731.775
16,8192,4,16384,1416.03
16,8192,8,16,271.279
16,8192,8,32,270.979
16,8192,8,64,272.75
16,8192,8,128,288.388
16,8192,8,256,308.271
16,8192,8,512,343.237
16,8192,8,1024,417.189
16,8192,8,2048,561.736
16,8192,8,4096,740.885
16,8192,8,8192,1211.35
16,8192,8,16384,2460.3
16,8192,16,16,300.228
16,8192,16,32,301.358
16,8192,16,64,302.457
16,8192,16,128,338.394
16,8192,16,256,379.354
16,8192,16,512,458.864
16,8192,16,1024,592.936
16,8192,16,2048,821.461
16,8192,16,4096,1247.47
16,8192,16,8192,2314.23
16,8192,16,16384,4971.02
16,8192,32,16,356.303
16,8192,32,32,359.141
16,8192,32,64,361.434
16,8192,32,128,432.624
16,8192,32,256,512.796
16,8192,32,512,660.307
16,8192,32,1024,940.62
16,8192,32,2048,1562.29
16,8192,32,4096,2813.71
16,8192,32,8192,5410.14
16,8192,32,16384,10870
16,8192,64,16,473.468
16,8192,64,32,480.603
16,8192,64,64,484.497
16,8192,64,128,609.235
16,8192,64,256,779.327
16,8192,64,512,1098.61
16,8192,64,1024,1804.4
16,8192,64,2048,3192.45
16,8192,64,4096,5962.33
16,8192,64,8192,11722.9
16,8192,64,16384,23168.9
16,8192,128,16,660.937
16,8192,128,32,670.398
16,8192,128,64,691.892
16,8192,128,128,934.636
16,8192,128,256,1206.16
16,8192,128,512,1855.69
16,8192,128,1024,3233.49
16,8192,128,2048,6006.73
16,8192,128,4096,11689.4
16,8192,128,8192,23165
16,8192,128,16384,46065.5
16,16384,0,0,435.505
16,16384,1,16,450.278
16,16384,1,32,450.384
16,16384,1,64,450.417
16,16384,1,128,450.491
16,16384,1,256,504.561
16,16384,1,512,504.657
16,16384,1,1024,504.433
16,16384,1,2048,504.571
16,16384,1,4096,504.529
16,16384,1,8192,502.684
16,16384,1,16384,504.935
16,16384,2,16,486.663
16,16384,2,32,487.271
16,16384,2,64,486.971
16,16384,2,128,486.918
16,16384,2,256,490.801
16,16384,2,512,497.382
16,16384,2,1024,515.27
16,16384,2,2048,552.68
16,16384,2,4096,613.596
16,16384,2,8192,732.756
16,16384,2,16384,971.607
16,16384,4,16,491.74
16,16384,4,32,489.798
16,16384,4,64,489.489
16,16384,4,128,499.463
16,16384,4,256,507.164
16,16384,4,512,517.244
16,16384,4,1024,548.135
16,16384,4,2048,612.68
16,16384,4,4096,730.997
16,16384,4,8192,963.607
16,16384,4,16384,1450.47
16,16384,8,16,503.452
16,16384,8,32,502.609
16,16384,8,64,502.652
16,16384,8,128,521.82
16,16384,8,256,537.127
16,16384,8,512,572.008
16,16384,8,1024,645.396
16,16384,8,2048,802.539
16,16384,8,4096,1094.96
16,16384,8,8192,1447.07
16,16384,8,16384,2420.91
16,16384,16,16,526.567
16,16384,16,32,528.625
16,16384,16,64,531.281
16,16384,16,128,568.082
16,16384,16,256,605.928
16,16384,16,512,684.926
16,16384,16,1024,858.816
16,16384,16,2048,1127
16,16384,16,4096,1599.61
16,16384,16,8192,2752.65
16,16384,16,16384,4854.09
16,16384,32,16,583.176
16,16384,32,32,587.613
16,16384,32,64,588.018
16,16384,32,128,660.019
16,16384,32,256,742.069
16,16384,32,512,917.452
16,16384,32,1024,1270.32
16,16384,32,2048,1909.74
16,16384,32,4096,3258.04
16,16384,32,8192,5753.4
16,16384,32,16384,10761.2
16,16384,64,16,700.062
16,16384,64,32,705.726
16,16384,64,64,711.753
16,16384,64,128,865.345
16,16384,64,256,1057.98
16,16384,64,512,1423.03
16,16384,64,1024,2167.67
16,16384,64,2048,3579.63
16,16384,64,4096,6360.98
16,16384,64,8192,11894.3
16,16384,64,16384,23414.7
16,16384,128,16,950.049
16,16384,128,32,962.295
16,16384,128,64,985.623
16,16384,128,128,1232.97
16,16384,128,256,1534.05
16,16384,128,512,2211.88
16,16384,128,1024,3609.55
16,16384,128,2048,6424.22
16,16384,128,4096,11974.9
16,16384,128,8192,23326.2
16,16384,128,16384,46264.4
32,0,0,0,11.6693
32,0,1,16,11.9043
32,0,1,32,11.9467
32,0,1,64,11.9253
32,0,1,128,14.0587
32,0,1,256,19.4347
32,0,1,512,27.1897
32,0,1,1024,42.6777
32,0,1,2048,74.4437
32,0,1,4096,135.5
32,0,1,8192,258.083
32,0,1,16384,503.004
32,0,2,16,18.7733
32,0,2,32,18.859
32,0,2,64,19.0507
32,0,2,128,24.171
32,0,2,256,31.7333
32,0,2,512,46.3687
32,0,2,1024,65.8567
32,0,2,2048,95.7237
32,0,2,4096,153.794
32,0,2,8192,270.275
32,0,2,16384,502.15
32,0,4,16,24.4053
32,0,4,32,24.5553
32,0,4,64,24.9067
32,0,4,128,33.3227
32,0,4,256,44.5663
32,0,4,512,66.017
32,0,4,1024,95.116
32,0,4,2048,154.039
32,0,4,4096,269.678
32,0,4,8192,501.575
32,0,4,16384,976.578
32,0,8,16,35.734
32,0,8,32,36.299
32,0,8,64,36.9073
32,0,8,128,51.7767
32,0,8,256,70.6997
32,0,8,512,101.74
32,0,8,1024,160.216
32,0,8,2048,279.235
32,0,8,4096,514.695
32,0,8,8192,985.612
32,0,8,16384,1954.51
32,0,16,16,58.145
32,0,16,32,59.2437
32,0,16,64,60.481
32,0,16,128,88.3423
32,0,16,256,121.164
32,0,16,512,179.789
32,0,16,1024,296.761
32,0,16,2048,531.559
32,0,16,4096,1004.86
32,0,16,8192,1976.63
32,0,16,16384,4395.31
32,0,32,16,101.847
32,0,32,32,104.354
32,0,32,64,106.679
32,0,32,128,160.556
32,0,32,256,220.985
32,0,32,512,338.788
32,0,32,1024,583.303
32,0,32,2048,1067.66
32,0,32,4096,2354.08
32,0,32,8192,5172.76
32,0,32,16384,10342.4
32,0,64,16,188.611
32,0,64,32,193.421
32,0,64,64,196.557
32,0,64,128,305.369
32,0,64,256,453.617
32,0,64,512,787.306
32,0,64,1024,1489.7
32,0,64,2048,2923.49
32,0,64,4096,5792.57
32,0,64,8192,11570.4
32,0,64,16384,23066.3
32,0,128,16,364.304
32,0,128,32,372.507
32,0,128,64,380.005
32,0,128,128,618.675
32,0,128,256,889.43
32,0,128,512,1532.55
32,0,128,1024,2933.99
32,0,128,2048,5797.19
32,0,128,4096,11522.2
32,0,128,8192,23017
32,0,128,16384,45938.5
32,16,0,0,11.7653
32,16,1,16,13.099
32,16,1,32,13.28
32,16,1,64,13.4293
32,16,1,128,15.7017
32,16,1,256,19.51
32,16,1,512,27.286
32,16,1,1024,42.7417
32,16,1,2048,74.5603
32,16,1,4096,135.842
32,16,1,8192,258.489
32,16,1,16384,504.038
32,16,2,16,18.838
32,16,2,32,19.0403
32,16,2,64,19.2
32,16,2,128,24.1173
32,16,2,256,31.702
32,16,2,512,46.2403
32,16,2,1024,66.6137
32,16,2,2048,95.4893
32,16,2,4096,153.922
32,16,2,8192,270.243
32,16,2,16384,501.991
32,16,4,16,24.5123
32,16,4,32,24.7573
32,16,4,64,25.1627
32,16,4,128,33.281
32,16,4,256,44.7367
32,16,4,512,65.985
32,16,4,1024,94.9133
32,16,4,2048,153.954
32,16,4,4096,269.294
32,16,4,8192,503.548
32,16,4,16384,975.981
32,16,8,16,35.8083
32,16,8,32,36.395
32,16,8,64,37.067
32,16,8,128,52.0223
32,16,8,256,70.6463
32,16,8,512,101.409
32,16,8,1024,160.461
32,16,8,2048,278.584
32,16,8,4096,513.67
32,16,8,8192,984.994
32,16,8,16384,1954.47
32,16,16,16,58.0593
32,16,16,32,59.2437
32,16,16,64,60.63
32,16,16,128,88.385
32,16,16,256,121.303
32,16,16,512,180.483
32,16,16,1024,297.828
32,16,16,2048,532.103
32,16,16,4096,1005.58
32,16,16,8192,1969.39
32,16,16,16384,4313.1
32,16,32,16,101.708
32,16,32,32,104.407
32,16,32,64,106.604
32,16,32,128,160.439
32,16,32,256,220.461
32,16,32,512,338.681
32,16,32,1024,582.332
32,16,32,2048,1078.5
32,16,32,4096,2293.76
32,16,32,8192,5158.73
32,16,32,16384,10333.4
32,16,64,16,188.867
32,16,64,32,193.709
32,16,64,64,196.525
32,16,64,128,306.18
32,16,64,256,450.182
32,16,64,512,787.402
32,16,64,1024,1490.39
32,16,64,2048,2923.9
32,16,64,4096,5796.89
32,16,64,8192,11576.3
32,16,64,16384,23048.2
32,16,128,16,324.484
32,16,128,32,332.1
32,16,128,64,379.877
32,16,128,128,619.059
32,16,128,256,887.809
32,16,128,512,1532.16
32,16,128,1024,2931.26
32,16,128,2048,5795.12
32,16,128,4096,11523.3
32,16,128,8192,23005.7
32,16,128,16384,45919.2
32,32,0,0,11.7337
32,32,1,16,11.8403
32,32,1,32,12
32,32,1,64,12.1177
32,32,1,128,14.016
32,32,1,256,19.52
32,32,1,512,27.275
32,32,1,1024,42.7523
32,32,1,2048,74.465
32,32,1,4096,135.596
32,32,1,8192,257.998
32,32,1,16384,502.694
32,32,2,16,18.827
32,32,2,32,19.0827
32,32,2,64,19.3393
32,32,2,128,24.2133
32,32,2,256,31.6907
32,32,2,512,46.5823
32,32,2,1024,65.8143
32,32,2,2048,95.7997
32,32,2,4096,154.21
32,32,2,8192,270.596
32,32,2,16384,505.436
32,32,4,16,24.512
32,32,4,32,24.8967
32,32,4,64,25.1733
32,32,4,128,33.3653
32,32,4,256,44.7253
32,32,4,512,65.7713
32,32,4,1024,95.4463
32,32,4,2048,154.082
32,32,4,4096,270.595
32,32,4,8192,502.63
32,32,4,16384,975.277
32,32,8,16,35.7767
32,32,8,32,36.438
32,32,8,64,37.0453
32,32,8,128,51.947
32,32,8,256,70.7743
32,32,8,512,102.166
32,32,8,1024,161.133
32,32,8,2048,278.233
32,32,8,4096,514.641
32,32,8,8192,986.669
32,32,8,16384,1954.64
32,32,16,16,58.1443
32,32,16,32,59.3073
32,32,16,64,60.6087
32,32,16,128,88.417
32,32,16,256,121.75
32,32,16,512,180.493
32,32,16,1024,297.593
32,32,16,2048,532.914
32,32,16,4096,1002.18
32,32,16,8192,1962.18
32,32,16,16384,4278.63
32,32,32,16,101.708
32,32,32,32,104.364
32,32,32,64,106.583
32,32,32,128,160.44
32,32,32,256,221.251
32,32,32,512,339.429
32,32,32,1024,582.77
32,32,32,2048,1090.79
32,32,32,4096,2337.8
32,32,32,8192,5210.13
32,32,32,16384,10332.7
32,32,64,16,188.877
32,32,64,32,193.763
32,32,64,64,196.76
32,32,64,128,306.148
32,32,64,256,452.241
32,32,64,512,796.821
32,32,64,1024,1486.95
32,32,64,2048,2920.61
32,32,64,4096,5799.61
32,32,64,8192,11551
32,32,64,16384,23054.9
32,32,128,16,332.996
32,32,128,32,340.42
32,32,128,64,380.378
32,32,128,128,619.208
32,32,128,256,889.419
32,32,128,512,1543.33
32,32,128,1024,2933.67
32,32,128,2048,5792.15
32,32,128,4096,11527.9
32,32,128,8192,22960
32,32,128,16384,45924.6
32,64,0,0,11.9363
32,64,1,16,11.8827
32,64,1,32,11.9683
32,64,1,64,12.2027
32,64,1,128,13.9947
32,64,1,256,19.456
32,64,1,512,27.3177
32,64,1,1024,42.742
32,64,1,2048,74.5397
32,64,1,4096,135.415
32,64,1,8192,257.987
32,64,1,16384,502.673
32,64,2,16,19.1043
32,64,2,32,19.3177
32,64,2,64,19.392
32,64,2,128,24.235
32,64,2,256,31.8187
32,64,2,512,46.4643
32,64,2,1024,67.6917
32,64,2,2048,96.3423
32,64,2,4096,154.711
32,64,2,8192,270.201
32,64,2,16384,501.329
32,64,4,16,24.747
32,64,4,32,25.0557
32,64,4,64,25.3653
32,64,4,128,33.291
32,64,4,256,44.8327
32,64,4,512,66.4113
32,64,4,1024,95.9373
32,64,4,2048,152.898
32,64,4,4096,271.107
32,64,4,8192,503.195
32,64,4,16384,974.603
32,64,8,16,36.0433
32,64,8,32,36.555
32,64,8,64,37.291
32,64,8,128,51.862
32,64,8,256,70.6997
32,64,8,512,102.23
32,64,8,1024,161.997
32,64,8,2048,279.193
32,64,8,4096,514.62
32,64,8,8192,983.34
32,64,8,16384,1955.12
32,64,16,16,58.251
32,64,16,32,59.5633
32,64,16,64,60.694
32,64,16,128,88.1933
32,64,16,256,121.655
32,64,16,512,180.034
32,64,16,1024,297.455
32,64,16,2048,532.753
32,64,16,4096,1003.91
32,64,16,8192,1971.83
32,64,16,16384,4238.39
32,64,32,16,101.985
32,64,32,32,104.641
32,64,32,64,106.7
32,64,32,128,160.759
32,64,32,256,221.272
32,64,32,512,339.45
32,64,32,1024,581.619
32,64,32,2048,1075.92
32,64,32,4096,2415.46
32,64,32,8192,5199.57
32,64,32,16384,10321.7
32,64,64,16,188.963
32,64,64,32,193.944
32,64,64,64,197.208
32,64,64,128,306.905
32,64,64,256,450.928
32,64,64,512,789.962
32,64,64,1024,1489.14
32,64,64,2048,2922.44
32,64,64,4096,5797.35
32,64,64,8192,11576.3
32,64,64,16384,23038
32,64,128,16,325.391
32,64,128,32,332.655
32,64,128,64,380.986
32,64,128,128,619.026
32,64,128,256,890.187
32,64,128,512,1532.4
32,64,128,1024,2933.76
32,64,128,2048,5796.89
32,64,128,4096,11533.7
32,64,128,8192,23002
32,64,128,16384,45915.6
32,128,0,0,15.1893
32,128,1,16,14.5283
32,128,1,32,14.5283
32,128,1,64,16.352
32,128,1,128,16.9283
32,128,1,256,19.6373
32,128,1,512,27.3387
32,128,1,1024,42.912
32,128,1,2048,74.5397
32,128,1,4096,135.628
32,128,1,8192,258.073
32,128,1,16384,502.674
32,128,2,16,22.8803
32,128,2,32,22.87
32,128,2,64,23.0937
32,128,2,128,26.3467
32,128,2,256,31.7443
32,128,2,512,46.7947
32,128,2,1024,75.777
32,128,2,2048,110.946
32,128,2,4096,170.701
32,128,2,8192,285.892
32,128,2,16384,519.548
32,128,4,16,28.2773
32,128,4,32,28.7573
32,128,4,64,28.917
32,128,4,128,35.531
32,128,4,256,44.7257
32,128,4,512,66.624
32,128,4,1024,106.924
32,128,4,2048,165.495
32,128,4,4096,282.511
32,128,4,8192,512.274
32,128,4,16384,980.962
32,128,8,16,39.542
32,128,8,32,40.011
32,128,8,64,40.5343
32,128,8,128,54.1133
32,128,8,256,70.913
32,128,8,512,106.966
32,128,8,1024,168.429
32,128,8,2048,286.244
32,128,8,4096,522.396
32,128,8,8192,991.33
32,128,8,16384,1955.43
32,128,16,16,61.5267
32,128,16,32,62.5717
32,128,16,64,63.681
32,128,16,128,90.5503
32,128,16,256,121.719
32,128,16,512,186.36
32,128,16,1024,304.175
32,128,16,2048,537.02
32,128,16,4096,1008.3
32,128,16,8192,1965.18
32,128,16,16384,4339.16
32,128,32,16,104.097
32,128,32,32,106.497
32,128,32,64,108.406
32,128,32,128,163.031
32,128,32,256,224.046
32,128,32,512,348.25
32,128,32,1024,587.549
32,128,32,2048,1079.71
32,128,32,4096,2363.22
32,128,32,8192,5213.26
32,128,32,16384,10342.4
32,128,64,16,190.211
32,128,64,32,194.883
32,128,64,64,199.203
32,128,64,128,309.818
32,128,64,256,458.033
32,128,64,512,789.461
32,128,64,1024,1495.93
32,128,64,2048,2926.06
32,128,64,4096,5803.47
32,128,64,8192,11542
32,128,64,16384,23046.6
32,128,128,16,327.151
32,128,128,32,334.639
32,128,128,64,384.143
32,128,128,128,622.238
32,128,128,256,892.246
32,128,128,512,1549.66
32,128,128,1024,2934.29
32,128,128,2048,5785.04
32,128,128,4096,11529.6
32,128,128,8192,22963.7
32,128,128,16384,45925.9
32,256,0,0,18.5287
32,256,1,16,18.0583
32,256,1,32,18.0377
32,256,1,64,18.0697
32,256,1,128,18.4857
32,256,1,256,20.7683
32,256,1,512,27.585
32,256,1,1024,43.03
32,256,1,2048,74.7317
32,256,1,4096,135.778
32,256,1,8192,258.606
32,256,1,16384,503.463
32,256,2,16,26.849
32,256,2,32,26.9337
32,256,2,64,26.9443
32,256,2,128,30.741
32,256,2,256,34.326
32,256,2,512,46.976
32,256,2,1024,76.257
32,256,2,2048,125.335
32,256,2,4096,184.098
32,256,2,8192,301.796
32,256,2,16384,547.527
32,256,4,16,32.5233
32,256,4,32,32.672
32,256,4,64,32.715
32,256,4,128,39.5953
32,256,4,256,47.4037
32,256,4,512,66.8277
32,256,4,1024,109.559
32,256,4,2048,177.272
32,256,4,4096,292.964
32,256,4,8192,516.86
32,256,4,16384,989.517
32,256,8,16,43.7233
32,256,8,32,44.3213
32,256,8,64,44.811
32,256,8,128,58.0597
32,256,8,256,73.4093
32,256,8,512,107.436
32,256,8,1024,176.717
32,256,8,2048,292.142
32,256,8,4096,529.692
32,256,8,8192,998.146
32,256,8,16384,1959.99
32,256,16,16,66.2303
32,256,16,32,67.094
32,256,16,64,68.449
32,256,16,128,94.38
32,256,16,256,124.663
32,256,16,512,186.434
32,256,16,1024,312.921
32,256,16,2048,547.058
32,256,16,4096,1014.64
32,256,16,8192,1991.77
32,256,16,16384,4385.93
32,256,32,16,109.057
32,256,32,32,111.489
32,256,32,64,113.751
32,256,32,128,165.677
32,256,32,256,226.702
32,256,32,512,355.023
32,256,32,1024,596.136
32,256,32,2048,1100.6
32,256,32,4096,2338.59
32,256,32,8192,5161.98
32,256,32,16384,10394.7
32,256,64,16,194.775
32,256,64,32,199.181
32,256,64,64,202.286
32,256,64,128,313.284
32,256,64,256,464.006
32,256,64,512,778.047
32,256,64,1024,1493.81
32,256,64,2048,2928.88
32,256,64,4096,5800.64
32,256,64,8192,11579.6
32,256,64,16384,23052.3
32,256,128,16,331.599
32,256,128,32,339.471
32,256,128,64,374.319
32,256,128,128,628.434
32,256,128,256,895.499
32,256,128,512,1528.85
32,256,128,1024,2942.01
32,256,128,2048,5804.23
32,256,128,4096,11531.1
32,256,128,8192,23003.9
32,256,128,16384,45918.3
32,512,0,0,25.12
32,512,1,16,25.0137
32,512,1,32,25.014
32,512,1,64,25.0563
32,512,1,128,25.0563
32,512,1,256,28.3093
32,512,1,512,28.747
32,512,1,1024,43.2217
32,512,1,2048,74.8383
32,512,1,4096,135.917
32,512,1,8192,258.543
32,512,1,16384,503.473
32,512,2,16,34.0377
32,512,2,32,34.1123
32,512,2,64,34.55
32,512,2,128,38.1447
32,512,2,256,42.2087
32,512,2,512,49.014
32,512,2,1024,76.801
32,512,2,2048,134.455
32,512,2,4096,215.107
32,512,2,8192,335.247
32,512,2,16384,578.289
32,512,4,16,39.9683
32,512,4,32,39.8837
32,512,4,64,40.4057
32,512,4,128,47.126
32,512,4,256,54.955
32,512,4,512,69.3877
32,512,4,1024,110.284
32,512,4,2048,195.479
32,512,4,4096,317.476
32,512,4,8192,554.172
32,512,4,16384,1012.02
32,512,8,16,55.4037
32,512,8,32,56.022
32,512,8,64,56.64
32,512,8,128,65.6757
32,512,8,256,80.8863
32,512,8,512,109.474
32,512,8,1024,179.447
32,512,8,2048,308.868
32,512,8,4096,549.457
32,512,8,8192,1032.09
32,512,8,16384,1995.38
32,512,16,16,77.3023
32,512,16,32,78.4757
32,512,16,64,79.6693
32,512,16,128,102.892
32,512,16,256,131.372
32,512,16,512,189.368
32,512,16,1024,317.977
32,512,16,2048,567.708
32,512,16,4096,1040.03
32,512,16,8192,2036.94
32,512,16,16384,4365.09
32,512,32,16,119.98
32,512,32,32,121.751
32,512,32,64,123.501
32,512,32,128,174.541
32,512,32,256,232.067
32,512,32,512,365.604
32,512,32,1024,655.017
32,512,32,2048,1183.11
32,512,32,4096,2388.95
32,512,32,8192,5172.53
32,512,32,16384,10451.7
32,512,64,16,204.419
32,512,64,32,208.397
32,512,64,64,212.077
32,512,64,128,318.415
32,512,64,256,465.521
32,512,64,512,802.218
32,512,64,1024,1501.27
32,512,64,2048,2933.27
32,512,64,4096,5808.31
32,512,64,8192,11566.4
32,512,64,16384,23065.5
32,512,128,16,377.093
32,512,128,32,384.997
32,512,128,64,393.167
32,512,128,128,634.312
32,512,128,256,904.139
32,512,128,512,1563.9
32,512,128,1024,2943.84
32,512,128,2048,5799.64
32,512,128,4096,11532.7
32,512,128,8192,22963.8
32,512,128,16384,45910.3
32,1024,0,0,38.6247
32,1024,1,16,39.051
32,1024,1,32,39.0197
32,1024,1,64,38.9447
32,1024,1,128,38.731
32,1024,1,256,43.6917
32,1024,1,512,43.7657
32,1024,1,1024,44.5333
32,1024,1,2048,74.401
32,1024,1,4096,135.884
32,1024,1,8192,258.52
32,1024,1,16384,504.049
32,1024,2,16,48.63
32,1024,2,32,48.6837
32,1024,2,64,49.3233
32,1024,2,128,52.406
32,1024,2,256,56.3417
32,1024,2,512,63.937
32,1024,2,1024,78.9133
32,1024,2,2048,135.308
32,1024,2,4096,253.742
32,1024,2,8192,388.292
32,1024,2,16384,630.813
32,1024,4,16,54.8277
32,1024,4,32,54.87
32,1024,4,64,55.0623
32,1024,4,128,61.5153
32,1024,4,256,69.505
32,1024,4,512,84.1397
32,1024,4,1024,114.497
32,1024,4,2048,197.592
32,1024,4,4096,362.756
32,1024,4,8192,601.384
32,1024,4,16384,1084.86
32,1024,8,16,70.881
32,1024,8,32,71.1903
32,1024,8,64,71.8623
32,1024,8,128,87.8627
32,1024,8,256,103.074
32,1024,8,512,124.193
32,1024,8,1024,183.543
32,1024,8,2048,325.444
32,1024,8,4096,584.946
32,1024,8,8192,1076.22
32,1024,8,16384,2090.81
32,1024,16,16,96.7583
32,1024,16,32,98.1447
32,1024,16,64,99.308
32,1024,16,128,124.129
32,1024,16,256,153.634
32,1024,16,512,203.127
32,1024,16,1024,324.207
32,1024,16,2048,583.441
32,1024,16,4096,1119.29
32,1024,16,8192,2231.55
32,1024,16,16384,4513.4
32,1024,32,16,140.449
32,1024,32,32,142.893
32,1024,32,64,144.887
32,1024,32,128,195.374
32,1024,32,256,249.72
32,1024,32,512,377.893
32,1024,32,1024,642.376
32,1024,32,2048,1313.66
32,1024,32,4096,2558.87
32,1024,32,8192,5235.19
32,1024,32,16384,10543
32,1024,64,16,223.843
32,1024,64,32,229.07
32,1024,64,64,232.835
32,1024,64,128,338.991
32,1024,64,256,486.065
32,1024,64,512,807.744
32,1024,64,1024,1512.2
32,1024,64,2048,2940.1
32,1024,64,4096,5818.46
32,1024,64,8192,11586.9
32,1024,64,16384,23052.2
32,1024,128,16,357.199
32,1024,128,32,363.951
32,1024,128,64,416.219
32,1024,128,128,648.371
32,1024,128,256,916.001
32,1024,128,512,1571.8
32,1024,128,1024,2954.86
32,1024,128,2048,5817.82
32,1024,128,4096,11548.8
32,1024,128,8192,23017.4
32,1024,128,16384,45946
32,2048,0,0,65.5473
32,2048,1,16,67.681
32,2048,1,32,67.6593
32,2048,1,64,67.734
32,2048,1,128,67.222
32,2048,1,256,67.4463
32,2048,1,512,75.1257
32,2048,1,1024,74.966
32,2048,1,2048,75.169
32,2048,1,4096,136.652
32,2048,1,8192,258.35
32,2048,1,16384,503.462
32,2048,2,16,78.24
32,2048,2,32,78.241
32,2048,2,64,78.913
32,2048,2,128,82.038
32,2048,2,256,85.8997
32,2048,2,512,93.0037
32,2048,2,1024,108.237
32,2048,2,2048,139.234
32,2048,2,4096,253.539
32,2048,2,8192,476.208
32,2048,2,16384,741.46
32,2048,4,16,83.6173
32,2048,4,32,83.8303
32,2048,4,64,84.1397
32,2048,4,128,90.8173
32,2048,4,256,98.4543
32,2048,4,512,112.854
32,2048,4,1024,143.639
32,2048,4,2048,203.001
32,2048,4,4096,373.732
32,2048,4,8192,686.089
32,2048,4,16384,1137.9
32,2048,8,16,99.553
32,2048,8,32,100.15
32,2048,8,64,100.257
32,2048,8,128,117.207
32,2048,8,256,136.417
32,2048,8,512,170.722
32,2048,8,1024,212.259
32,2048,8,2048,329.828
32,2048,8,4096,622.035
32,2048,8,8192,1131.16
32,2048,8,16384,2182.7
32,2048,16,16,130.903
32,2048,16,32,131.959
32,2048,16,64,133.228
32,2048,16,128,161.847
32,2048,16,256,186.819
32,2048,16,512,250.178
32,2048,16,1024,351.759
32,2048,16,2048,589.544
32,2048,16,4096,1144.52
32,2048,16,8192,2412.12
32,2048,16,16384,4656.42
32,2048,32,16,176.354
32,2048,32,32,178.766
32,2048,32,64,180.13
32,2048,32,128,234.178
32,2048,32,256,290.414
32,2048,32,512,413.808
32,2048,32,1024,681.448
32,2048,32,2048,1233.07
32,2048,32,4096,2692.14
32,2048,32,8192,5298.63
32,2048,32,16384,10431.4
32,2048,64,16,263.416
32,2048,64,32,268.537
32,2048,64,64,271.534
32,2048,64,128,378.714
32,2048,64,256,542.022
32,2048,64,512,850.304
32,2048,64,1024,1531
32,2048,64,2048,2963.65
32,2048,64,4096,5830.5
32,2048,64,8192,11597
32,2048,64,16384,23092.7
32,2048,128,16,438.907
32,2048,128,32,446.661
32,2048,128,64,455.889
32,2048,128,128,692.979
32,2048,128,256,955.766
32,2048,128,512,1589.49
32,2048,128,1024,2976.28
32,2048,128,2048,5832.54
32,2048,128,4096,11564.5
32,2048,128,8192,23013.7
32,2048,128,16384,45964.1
32,4096,0,0,118.903
32,4096,1,16,122.956
32,4096,1,32,122.999
32,4096,1,64,122.914
32,4096,1,128,122.444
32,4096,1,256,136.898
32,4096,1,512,136.78
32,4096,1,1024,136.93
32,4096,1,2048,137.399
32,4096,1,4096,137.1
32,4096,1,8192,258.339
32,4096,1,16384,505.361
32,4096,2,16,136.514
32,4096,2,32,136.898
32,4096,2,64,137.09
32,4096,2,128,140.311
32,4096,2,256,143.959
32,4096,2,512,151.245
32,4096,2,1024,167.191
32,4096,2,2048,198.562
32,4096,2,4096,257.859
32,4096,2,8192,490.886
32,4096,2,16384,965.196
32,4096,4,16,141.965
32,4096,4,32,142.124
32,4096,4,64,142.316
32,4096,4,128,149.176
32,4096,4,256,156.205
32,4096,4,512,171.224
32,4096,4,1024,201.123
32,4096,4,2048,261.059
32,4096,4,4096,379.695
32,4096,4,8192,723.305
32,4096,4,16384,1333.66
32,4096,8,16,156.204
32,4096,8,32,157.004
32,4096,8,64,157.41
32,4096,8,128,174.221
32,4096,8,256,193.4
32,4096,8,512,229.517
32,4096,8,1024,301.721
32,4096,8,2048,389.37
32,4096,8,4096,625.48
32,4096,8,8192,1203.49
32,4096,8,16384,2278.55
32,4096,16,16,187.127
32,4096,16,32,188.652
32,4096,16,64,189.314
32,4096,16,128,226.147
32,4096,16,256,258.147
32,4096,16,512,325.807
32,4096,16,1024,438.864
32,4096,16,2048,645.853
32,4096,16,4096,1121.5
32,4096,16,8192,2405.75
32,4096,16,16384,4904.08
32,4096,32,16,243.811
32,4096,32,32,246.542
32,4096,32,64,249.027
32,4096,32,128,309.23
32,4096,32,256,370.245
32,4096,32,512,504.508
32,4096,32,1024,771.807
32,4096,32,2048,1369.91
32,4096,32,4096,2590.25
32,4096,32,8192,5435.66
32,4096,32,16384,10511.1
32,4096,64,16,339.994
32,4096,64,32,340.954
32,4096,64,64,346.191
32,4096,64,128,456.966
32,4096,64,256,621.565
32,4096,64,512,928.373
32,4096,64,1024,1616.82
32,4096,64,2048,3005.81
32,4096,64,4096,5876.9
32,4096,64,8192,11627.4
32,4096,64,16384,23097.9
32,4096,128,16,518.023
32,4096,128,32,525.692
32,4096,128,64,537.809
32,4096,128,128,774.921
32,4096,128,256,1041.38
32,4096,128,512,1668.58
32,4096,128,1024,3027.63
32,4096,128,2048,5880.97
32,4096,128,4096,11611.2
32,4096,128,8192,23067.8
32,4096,128,16384,45989.1
32,8192,0,0,224.685
32,8192,1,16,232.6
32,8192,1,32,232.451
32,8192,1,64,232.515
32,8192,1,128,232.014
32,8192,1,256,255.982
32,8192,1,512,258.595
32,8192,1,1024,256.963
32,8192,1,2048,257.475
32,8192,1,4096,258.318
32,8192,1,8192,258.99
32,8192,1,16384,499.921
32,8192,2,16,253.294
32,8192,2,32,253.113
32,8192,2,64,254.052
32,8192,2,128,256.717
32,8192,2,256,261.251
32,8192,2,512,267.64
32,8192,2,1024,283.022
32,8192,2,2048,315.172
32,8192,2,4096,376.037
32,8192,2,8192,494.641
32,8192,2,16384,961.431
32,8192,4,16,257.859
32,8192,4,32,257.753
32,8192,4,64,257.283
32,8192,4,128,265.284
32,8192,4,256,272.665
32,8192,4,512,286.019
32,8192,4,1024,316.196
32,8192,4,2048,376.538
32,8192,4,4096,494.598
32,8192,4,8192,733.257
32,8192,4,16384,1417.77
32,8192,8,16,270.99
32,8192,8,32,272.206
32,8192,8,64,272.089
32,8192,8,128,288.003
32,8192,8,256,307.236
32,8192,8,512,343.94
32,8192,8,1024,418.159
32,8192,8,2048,563.122
32,8192,8,4096,742.143
32,8192,8,8192,1212.09
32,8192,8,16384,2439.89
32,8192,16,16,300.195
32,8192,16,32,301.487
32,8192,16,64,302.617
32,8192,16,128,339.674
32,8192,16,256,379.525
32,8192,16,512,459.888
32,8192,16,1024,592.626
32,8192,16,2048,820.234
32,8192,16,4096,1250.76
32,8192,16,8192,2291.41
32,8192,16,16384,4953.34
32,8192,32,16,356.794
32,8192,32,32,360.132
32,8192,32,64,361.946
32,8192,32,128,433.146
32,8192,32,256,512.529
32,8192,32,512,659.442
32,8192,32,1024,945.494
32,8192,32,2048,1548.4
32,8192,32,4096,2832.12
32,8192,32,8192,5403.92
32,8192,32,16384,10872.2
32,8192,64,16,475.131
32,8192,64,32,480.859
32,8192,64,64,485.713
32,8192,64,128,609.682
32,8192,64,256,778.676
32,8192,64,512,1102.93
32,8192,64,1024,1811.38
32,8192,64,2048,3210.42
32,8192,64,4096,5962.08
32,8192,64,8192,11742.5
32,8192,64,16384,23175.6
32,8192,128,16,622.099
32,8192,128,32,633.959
32,8192,128,64,691.187
32,8192,128,128,931.745
32,8192,128,256,1205.23
32,8192,128,512,1861.54
32,8192,128,1024,3232.48
32,8192,128,2048,6020.51
32,8192,128,4096,11696.4
32,8192,128,8192,23131.7
32,8192,128,16384,46052.5
32,16384,0,0,439.333
32,16384,1,16,505.84
32,16384,1,32,505.553
32,16384,1,64,505.895
32,16384,1,128,505.606
32,16384,1,256,505.499
32,16384,1,512,505.403
32,16384,1,1024,505.638
32,16384,1,2048,507.121
32,16384,1,4096,505.265
32,16384,1,8192,503.921
32,16384,1,16384,505.062
32,16384,2,16,487.27
32,16384,2,32,488.667
32,16384,2,64,487.206
32,16384,2,128,489.041
32,16384,2,256,493.766
32,16384,2,512,499.772
32,16384,2,1024,516.615
32,16384,2,2048,553.938
32,16384,2,4096,614.472
32,16384,2,8192,732.681
32,16384,2,16384,972.439
32,16384,4,16,492.966
32,16384,4,32,490.107
32,16384,4,64,491.185
32,16384,4,128,496.23
32,16384,4,256,502.779
32,16384,4,512,518.514
32,16384,4,1024,546.514
32,16384,4,2048,614.365
32,16384,4,4096,731.54
32,16384,4,8192,962.689
32,16384,4,16384,1449.66
32,16384,8,16,502.354
32,16384,8,32,502.022
32,16384,8,64,506.448
32,16384,8,128,517.51
32,16384,8,256,537.03
32,16384,8,512,573.372
32,16384,8,1024,647.742
32,16384,8,2048,802.666
32,16384,8,4096,1084.94
32,16384,8,8192,1447.06
32,16384,8,16384,2425.81
32,16384,16,16,529.202
32,16384,16,32,532.454
32,16384,16,64,532.679
32,16384,16,128,565.724
32,16384,16,256,606.835
32,16384,16,512,685.662
32,16384,16,1024,858.602
32,16384,16,2048,1128.45
32,16384,16,4096,1603.62
32,16384,16,8192,2732.89
32,16384,16,16384,4912.52
32,16384,32,16,584.604
32,16384,32,32,587.314
32,16384,32,64,590.717
32,16384,32,128,660.072
32,16384,32,256,741.481
32,16384,32,512,917.708
32,16384,32,1024,1267.41
32,16384,32,2048,1898.37
32,16384,32,4096,3254.67
32,16384,32,8192,5751.8
32,16384,32,16384,10698.5
32,16384,64,16,701.171
32,16384,64,32,707.774
32,16384,64,64,712.35
32,16384,64,128,865.611
32,16384,64,256,1062.87
32,16384,64,512,1414.96
32,16384,64,1024,2167.61
32,16384,64,2048,3579.83
32,16384,64,4096,6368.56
32,16384,64,8192,11885
32,16384,64,16384,23440.2
32,16384,128,16,952.407
32,16384,128,32,962.561
32,16384,128,64,977.473
32,16384,128,128,1234.5
32,16384,128,256,1537.38
32,16384,128,512,2208.75
32,16384,128,1024,3607.84
32,16384,128,2048,6409.08
32,16384,128,4096,11970.4
32,16384,128,8192,23322.4
32,16384,128,16384,46255.7
64,0,0,0,12.3093
64,0,1,16,12.523
64,0,1,32,12.587
64,0,1,64,12.747
64,0,1,128,14.4217
64,0,1,256,19.8507
64,0,1,512,27.52
64,0,1,1024,42.934
64,0,1,2048,74.9023
64,0,1,4096,135.958
64,0,1,8192,258.648
64,0,1,16384,503.942
64,0,2,16,19.6163
64,0,2,32,19.7337
64,0,2,64,19.883
64,0,2,128,24.4703
64,0,2,256,32.534
64,0,2,512,47.0187
64,0,2,1024,69.014
64,0,2,2048,97.7077
64,0,2,4096,156.673
64,0,2,8192,272.782
64,0,2,16384,505.713
64,0,4,16,25.558
64,0,4,32,25.878
64,0,4,64,26.112
64,0,4,128,33.8133
64,0,4,256,45.4297
64,0,4,512,66.6997
64,0,4,1024,98.3693
64,0,4,2048,157.26
64,0,4,4096,272.099
64,0,4,8192,507.558
64,0,4,16384,975.286
64,0,8,16,36.7367
64,0,8,32,37.291
64,0,8,64,37.9093
64,0,8,128,52.4057
64,0,8,256,71.5633
64,0,8,512,103.5
64,0,8,1024,163
64,0,8,2048,280.579
64,0,8,4096,516.658
64,0,8,8192,985.325
64,0,8,16384,1952.86
64,0,16,16,58.71
64,0,16,32,60.1607
64,0,16,64,61.462
64,0,16,128,89.2067
64,0,16,256,122.465
64,0,16,512,182.136
64,0,16,1024,298.82
64,0,16,2048,534.438
64,0,16,4096,1005.01
64,0,16,8192,1961.82
64,0,16,16384,4296.84
64,0,32,16,102.518
64,0,32,32,105.068
64,0,32,64,107.532
64,0,32,128,161.453
64,0,32,256,222.989
64,0,32,512,341.199
64,0,32,1024,583.068
64,0,32,2048,1088.18
64,0,32,4096,2313.66
64,0,32,8192,5140.89
64,0,32,16384,10324.3
64,0,64,16,189.986
64,0,64,32,194.776
64,0,64,64,198.328
64,0,64,128,307.023
64,0,64,256,450.79
64,0,64,512,802.709
64,0,64,1024,1490.99
64,0,64,2048,2922.95
64,0,64,4096,5800.89
64,0,64,8192,11532.3
64,0,64,16384,23038.6
64,0,128,16,328.921
64,0,128,32,336.921
64,0,128,64,383.663
64,0,128,128,621.437
64,0,128,256,891.253
64,0,128,512,1549.42
64,0,128,1024,2941.11
64,0,128,2048,5797.01
64,0,128,4096,11534.4
64,0,128,8192,22974.2
64,0,128,16384,45948.6
64,16,0,0,12.3947
64,16,1,16,12.544
64,16,1,32,12.5977
64,16,1,64,12.7253
64,16,1,128,14.3797
64,16,1,256,19.8513
64,16,1,512,27.6267
64,16,1,1024,43.2427
64,16,1,2048,75.105
64,16,1,4096,136.375
64,16,1,8192,259.31
64,16,1,16384,505.339
64,16,2,16,19.7443
64,16,2,32,19.9147
64,16,2,64,20.1497
64,16,2,128,24.544
64,16,2,256,32.2133
64,16,2,512,46.891
64,16,2,1024,69.3127
64,16,2,2048,98.6037
64,16,2,4096,157.676
64,16,2,8192,274.435
64,16,2,16384,504.561
64,16,4,16,25.5577
64,16,4,32,25.9957
64,16,4,64,26.2507
64,16,4,128,33.7497
64,16,4,256,45.4403
64,16,4,512,66.5607
64,16,4,1024,97.729
64,16,4,2048,156.141
64,16,4,4096,274.094
64,16,4,8192,506.075
64,16,4,16384,976.374
64,16,8,16,36.8853
64,16,8,32,37.473
64,16,8,64,38.0377
64,16,8,128,52.5873
64,16,8,256,71.5103
64,16,8,512,104.471
64,16,8,1024,162.978
64,16,8,2048,281.187
64,16,8,4096,516.955
64,16,8,8192,989.687
64,16,8,16384,1950.08
64,16,16,16,58.8693
64,16,16,32,60.1713
64,16,16,64,61.3663
64,16,16,128,89.068
64,16,16,256,122.061
64,16,16,512,182.487
64,16,16,1024,299.033
64,16,16,2048,535.611
64,16,16,4096,1005.25
64,16,16,8192,1960.28
64,16,16,16384,4272.05
64,16,32,16,102.636
64,16,32,32,105.143
64,16,32,64,107.532
64,16,32,128,161.602
64,16,32,256,222.882
64,16,32,512,340.9
64,16,32,1024,584.252
64,16,32,2048,1073.66
64,16,32,4096,2287.13
64,16,32,8192,5171.29
64,16,32,16384,10341.1
64,16,64,16,190.029
64,16,64,32,194.989
64,16,64,64,198.819
64,16,64,128,307.215
64,16,64,256,450.15
64,16,64,512,794.09
64,16,64,1024,1493.63
64,16,64,2048,2927.41
64,16,64,4096,5790.53
64,16,64,8192,11561
64,16,64,16384,23050.1
64,16,128,16,329.188
64,16,128,32,337.177
64,16,128,64,382.98
64,16,128,128,620.189
64,16,128,256,892.096
64,16,128,512,1537.33
64,16,128,1024,2935.51
64,16,128,2048,5798.78
64,16,128,4096,11528.1
64,16,128,8192,23012.8
64,16,128,16384,45932.8
64,32,0,0,12.384
64,32,1,16,12.4167
64,32,1,32,12.5653
64,32,1,64,14.0807
64,32,1,128,16.0747
64,32,1,256,19.872
64,32,1,512,27.6373
64,32,1,1024,43.2217
64,32,1,2048,74.849
64,32,1,4096,136.076
64,32,1,8192,258.787
64,32,1,16384,504.305
64,32,2,16,19.9367
64,32,2,32,19.9893
64,32,2,64,20.2027
64,32,2,128,24.5443
64,32,2,256,32.1073
64,32,2,512,46.9447
64,32,2,1024,69.473
64,32,2,2048,98.86
64,32,2,4096,157.794
64,32,2,8192,274.734
64,32,2,16384,506.502
64,32,4,16,25.7497
64,32,4,32,26.0697
64,32,4,64,26.134
64,32,4,128,33.792
64,32,4,256,45.2063
64,32,4,512,66.678
64,32,4,1024,98.7743
64,32,4,2048,157.303
64,32,4,4096,274.691
64,32,4,8192,506.417
64,32,4,16384,977.377
64,32,8,16,37.099
64,32,8,32,37.5903
64,32,8,64,38.0807
64,32,8,128,52.4277
64,32,8,256,71.2757
64,32,8,512,104.694
64,32,8,1024,162.573
64,32,8,2048,281.562
64,32,8,4096,516.624
64,32,8,8192,984.919
64,32,8,16384,1951.83
64,32,16,16,58.9447
64,32,16,32,60.2573
64,32,16,64,61.4303
64,32,16,128,89.1317
64,32,16,256,122.401
64,32,16,512,182.359
64,32,16,1024,299.77
64,32,16,2048,534.683
64,32,16,4096,1007.87
64,32,16,8192,1954.21
64,32,16,16384,4161.29
64,32,32,16,102.636
64,32,32,32,105.441
64,32,32,64,107.766
64,32,32,128,161.581
64,32,32,256,222.872
64,32,32,512,341.743
64,32,32,1024,584.701
64,32,32,2048,1078.16
64,32,32,4096,2278.43
64,32,32,8192,5178.75
64,32,32,16384,10275.5
64,32,64,16,189.891
64,32,64,32,195.106
64,32,64,64,198.487
64,32,64,128,306.713
64,32,64,256,451.397
64,32,64,512,791.7
64,32,64,1024,1486.91
64,32,64,2048,2925.09
64,32,64,4096,5797.11
64,32,64,8192,11577
64,32,64,16384,23049.4
64,32,128,16,363.791
64,32,128,32,372.911
64,32,128,64,383.92
64,32,128,128,621.032
64,32,128,256,892.981
64,32,128,512,1539.94
64,32,128,1024,2936.02
64,32,128,2048,5806.28
64,32,128,4096,11534.6
64,32,128,8192,23002.3
64,32,128,16384,45941.2
64,64,0,0,12.4583
64,64,1,16,12.47
64,64,1,32,12.5973
64,64,1,64,12.758
64,64,1,128,14.3787
64,64,1,256,19.8507
64,64,1,512,27.659
64,64,1,1024,43.2537
64,64,1,2048,75.03
64,64,1,4096,136.194
64,64,1,8192,258.756
64,64,1,16384,503.953
64,64,2,16,19.8293
64,64,2,32,19.9257
64,64,2,64,20.2133
64,64,2,128,24.651
64,64,2,256,32.0533
64,64,2,512,46.838
64,64,2,1024,69.5047
64,64,2,2048,99.3827
64,64,2,4096,157.933
64,64,2,8192,274.969
64,64,2,16384,507.451
64,64,4,16,25.856
64,64,4,32,26.1547
64,64,4,64,26.2293
64,64,4,128,33.9527
64,64,4,256,45.43
64,64,4,512,66.582
64,64,4,1024,99.7237
64,64,4,2048,158.061
64,64,4,4096,273.539
64,64,4,8192,508.912
64,64,4,16384,977.462
64,64,8,16,37.057
64,64,8,32,37.6533
64,64,8,64,38.2187
64,64,8,128,52.662
64,64,8,256,71.329
64,64,8,512,104.482
64,64,8,1024,163.159
64,64,8,2048,281.55
64,64,8,4096,517.286
64,64,8,8192,988.235
64,64,8,16384,1946.21
64,64,16,16,59.0837
64,64,16,32,60.3957
64,64,16,64,61.601
64,64,16,128,89.196
64,64,16,256,122.167
64,64,16,512,183
64,64,16,1024,300.035
64,64,16,2048,534.694
64,64,16,4096,1008.34
64,64,16,8192,1962.99
64,64,16,16384,4116.71
64,64,32,16,102.689
64,64,32,32,105.346
64,64,32,64,107.724
64,64,32,128,161.944
64,64,32,256,223.235
64,64,32,512,342.244
64,64,32,1024,584.668
64,64,32,2048,1074.17
64,64,32,4096,2318.22
64,64,32,8192,5192.34
64,64,32,16384,10314.7
64,64,64,16,190.285
64,64,64,32,195.341
64,64,64,64,199.298
64,64,64,128,307.033
64,64,64,256,450.736
64,64,64,512,796.042
64,64,64,1024,1490.47
64,64,64,2048,2932.89
64,64,64,4096,5804.19
64,64,64,8192,11575.6
64,64,64,16384,23065.5
64,64,128,16,329.764
64,64,128,32,337.593
64,64,128,64,383.269
64,64,128,128,621.319
64,64,128,256,892.213
64,64,128,512,1539.02
64,64,128,1024,2934.54
64,64,128,2048,5801.85
64,64,128,4096,11530
64,64,128,8192,23028.9
64,64,128,16384,45941
64,128,0,0,15.765
64,128,1,16,15.52
64,128,1,32,15.499
64,128,1,64,15.4883
64,128,1,128,15.7763
64,128,1,256,19.99
64,128,1,512,27.712
64,128,1,1024,43.318
64,128,1,2048,74.9983
64,128,1,4096,136.119
64,128,1,8192,258.873
64,128,1,16384,504.133
64,128,2,16,23.6807
64,128,2,32,23.7227
64,128,2,64,24.1283
64,128,2,128,27.0937
64,128,2,256,32.2997
64,128,2,512,47.0303
64,128,2,1024,76.4383
64,128,2,2048,114.625
64,128,2,4096,173.645
64,128,2,8192,290.404
64,128,2,16384,521.564
64,128,4,16,29.5363
64,128,4,32,29.76
64,128,4,64,29.8773
64,128,4,128,36.2567
64,128,4,256,45.5157
64,128,4,512,67.137
64,128,4,1024,109.334
64,128,4,2048,169.805
64,128,4,4096,286.606
64,128,4,8192,513.083
64,128,4,16384,987.574
64,128,8,16,40.5447
64,128,8,32,41.324
64,128,8,64,41.7713
64,128,8,128,54.955
64,128,8,256,71.8517
64,128,8,512,107.394
64,128,8,1024,171.128
64,128,8,2048,288.067
64,128,8,4096,524.71
64,128,8,8192,991.735
64,128,8,16384,1954.69
64,128,16,16,62.4753
64,128,16,32,63.745
64,128,16,64,64.8437
64,128,16,128,91.5857
64,128,16,256,122.316
64,128,16,512,187.309
64,128,16,1024,307.065
64,128,16,2048,539.537
64,128,16,4096,1009.59
64,128,16,8192,1972.77
64,128,16,16384,4138.55
64,128,32,16,105.527
64,128,32,32,107.713
64,128,32,64,109.75
64,128,32,128,164.162
64,128,32,256,224.909
64,128,32,512,350.425
64,128,32,1024,591.751
64,128,32,2048,1102.53
64,128,32,4096,2355.08
64,128,32,8192,5163.48
64,128,32,16384,10341.1
64,128,64,16,191.064
64,128,64,32,195.853
64,128,64,64,199.959
64,128,64,128,311.577
64,128,64,256,464.261
64,128,64,512,782.804
64,128,64,1024,1493.64
64,128,64,2048,2935.43
64,128,64,4096,5802.55
64,128,64,8192,11588.9
64,128,64,16384,23039.4
64,128,128,16,368.559
64,128,128,32,376.655
64,128,128,64,384.997
64,128,128,128,625.607
64,128,128,256,893.75
64,128,128,512,1536.57
64,128,128,1024,2935.27
64,128,128,2048,5798
64,128,128,4096,11530.7
64,128,128,8192,23012.8
64,128,128,16384,45948.6
64,256,0,0,19.0613
64,256,1,16,18.891
64,256,1,32,18.9867
64,256,1,64,18.9013
64,256,1,128,21.312
64,256,1,256,21.451
64,256,1,512,27.9147
64,256,1,1024,43.4347
64,256,1,2048,75.1157
64,256,1,4096,136.279
64,256,1,8192,258.659
64,256,1,16384,504.229
64,256,2,16,27.5733
64,256,2,32,27.8293
64,256,2,64,27.9793
64,256,2,128,31.35
64,256,2,256,34.9447
64,256,2,512,47.4887
64,256,2,1024,76.5877
64,256,2,2048,128.332
64,256,2,4096,188.045
64,256,2,8192,308.675
64,256,2,16384,551.185
64,256,4,16,33.6747
64,256,4,32,33.7497
64,256,4,64,34.123
64,256,4,128,40.2033
64,256,4,256,48.0003
64,256,4,512,67.361
64,256,4,1024,109.75
64,256,4,2048,180.397
64,256,4,4096,297.422
64,256,4,8192,531.228
64,256,4,16384,1001.21
64,256,8,16,45.0243
64,256,8,32,45.3127
64,256,8,64,45.8563
64,256,8,128,58.806
64,256,8,256,74.3477
64,256,8,512,107.809
64,256,8,1024,177.57
64,256,8,2048,295.427
64,256,8,4096,531.569
64,256,8,8192,1007.53
64,256,8,16384,1958.3
64,256,16,16,67.372
64,256,16,32,68.3847
64,256,16,64,69.4407
64,256,16,128,95.4673
64,256,16,256,125.11
64,256,16,512,186.722
64,256,16,1024,314.447
64,256,16,2048,549.797
64,256,16,4096,1018.62
64,256,16,8192,1977.09
64,256,16,16384,4285.33
64,256,32,16,109.889
64,256,32,32,112.236
64,256,32,64,114.796
64,256,32,128,166.828
64,256,32,256,227.533
64,256,32,512,357.188
64,256,32,1024,607.836
64,256,32,2048,1116.08
64,256,32,4096,2324.99
64,256,32,8192,5185.39
64,256,32,16384,10291
64,256,64,16,195.832
64,256,64,32,200.173
64,256,64,64,203.405
64,256,64,128,314.329
64,256,64,256,467.483
64,256,64,512,781.065
64,256,64,1024,1494.13
64,256,64,2048,2931.86
64,256,64,4096,5790.72
64,256,64,8192,11568.6
64,256,64,16384,23055
64,256,128,16,370.234
64,256,128,32,379.194
64,256,128,64,388.218
64,256,128,128,629.319
64,256,128,256,896.917
64,256,128,512,1532.98
64,256,128,1024,2936.37
64,256,128,2048,5805.01
64,256,128,4096,11538.4
64,256,128,8192,23025.8
64,256,128,16384,45932.9
64,512,0,0,25.6323
64,512,1,16,25.7923
64,512,1,32,25.899
64,512,1,64,25.931
64,512,1,128,25.9207
64,512,1,256,29.1307
64,512,1,512,29.4507
64,512,1,1024,43.2533
64,512,1,2048,75.2003
64,512,1,4096,135.617
64,512,1,8192,258.947
64,512,1,16384,503.6
64,512,2,16,34.9553
64,512,2,32,35.1787
64,512,2,64,35.307
64,512,2,128,38.8693
64,512,2,256,42.486
64,512,2,512,49.9097
64,512,2,1024,77.2167
64,512,2,2048,134.914
64,512,2,4096,217.325
64,512,2,8192,339.182
64,512,2,16384,586.428
64,512,4,16,41.131
64,512,4,32,41.3557
64,512,4,64,41.355
64,512,4,128,48.0323
64,512,4,256,55.542
64,512,4,512,70.017
64,512,4,1024,110.955
64,512,4,2048,196.13
64,512,4,4096,319.854
64,512,4,8192,552.838
64,512,4,16384,1030.56
64,512,8,16,56.214
64,512,8,32,57.1207
64,512,8,64,57.622
64,512,8,128,67.649
64,512,8,256,81.537
64,512,8,512,110.551
64,512,8,1024,179.843
64,512,8,2048,312.43
64,512,8,4096,554.971
64,512,8,8192,1035.09
64,512,8,16384,2009.57
64,512,16,16,78.23
64,512,16,32,79.4997
64,512,16,64,80.7477
64,512,16,128,104.108
64,512,16,256,132.46
64,512,16,512,190.327
64,512,16,1024,318.585
64,512,16,2048,571.377
64,512,16,4096,1046.33
64,512,16,8192,2068.96
64,512,16,16384,4173.54
64,512,32,16,121.004
64,512,32,32,123.212
64,512,32,64,124.876
64,512,32,128,175.512
64,512,32,256,233.101
64,512,32,512,366.884
64,512,32,1024,645.245
64,512,32,2048,1190.96
64,512,32,4096,2439.44
64,512,32,8192,5191.3
64,512,32,16384,10326.6
64,512,64,16,205.229
64,512,64,32,209.762
64,512,64,64,213.24
64,512,64,128,319.812
64,512,64,256,472.88
64,512,64,512,803.977
64,512,64,1024,1498.93
64,512,64,2048,2936.22
64,512,64,4096,5807.82
64,512,64,8192,11582.4
64,512,64,16384,23063.3
64,512,128,16,339.45
64,512,128,32,346.82
64,512,128,64,394.469
64,512,128,128,636.061
64,512,128,256,908.031
64,512,128,512,1553.81
64,512,128,1024,2943.55
64,512,128,2048,5810.53
64,512,128,4096,11542.8
64,512,128,8192,23020.6
64,512,128,16384,45935.5
64,1024,0,0,39.1577
64,1024,1,16,39.9037
64,1024,1,32,39.8507
64,1024,1,64,39.9367
64,1024,1,128,39.862
64,1024,1,256,44.5447
64,1024,1,512,45.1097
64,1024,1,1024,45.2697
64,1024,1,2048,74.5503
64,1024,1,4096,136.503
64,1024,1,8192,259.427
64,1024,1,16384,504.583
64,1024,2,16,49.3557
64,1024,2,32,49.8777
64,1024,2,64,50.2297
64,1024,2,128,53.132
64,1024,2,256,56.9497
64,1024,2,512,64.6513
64,1024,2,1024,79.7347
64,1024,2,2048,136.055
64,1024,2,4096,253.71
64,1024,2,8192,393.072
64,1024,2,16384,638.194
64,1024,4,16,56.1717
64,1024,4,32,56.0753
64,1024,4,64,56.2033
64,1024,4,128,62.5183
64,1024,4,256,70.166
64,1024,4,512,84.7473
64,1024,4,1024,115.201
64,1024,4,2048,196.984
64,1024,4,4096,366.49
64,1024,4,8192,603.687
64,1024,4,16384,1087.37
64,1024,8,16,71.9157
64,1024,8,32,72.3423
64,1024,8,64,72.8753
64,1024,8,128,88.8223
64,1024,8,256,103.948
64,1024,8,512,124.844
64,1024,8,1024,184.301
64,1024,8,2048,324.59
64,1024,8,4096,588.456
64,1024,8,8192,1081.31
64,1024,8,16384,2073.56
64,1024,16,16,97.772
64,1024,16,32,98.9667
64,1024,16,64,100.268
64,1024,16,128,124.578
64,1024,16,256,154.765
64,1024,16,512,204.013
64,1024,16,1024,325.444
64,1024,16,2048,584.434
64,1024,16,4096,1128.51
64,1024,16,8192,2212.92
64,1024,16,16384,4522.54
64,1024,32,16,140.812
64,1024,32,32,143.703
64,1024,32,64,145.719
64,1024,32,128,197.122
64,1024,32,256,250.627
64,1024,32,512,379.951
64,1024,32,1024,642.973
64,1024,32,2048,1319.97
64,1024,32,4096,2604.39
64,1024,32,8192,5196.8
64,1024,32,16384,10476
64,1024,64,16,225.741
64,1024,64,32,229.731
64,1024,64,64,233.464
64,1024,64,128,339.737
64,1024,64,256,493.563
64,1024,64,512,807.934
64,1024,64,1024,1517.79
64,1024,64,2048,2948
64,1024,64,4096,5817.98
64,1024,64,8192,11569.5
64,1024,64,16384,23058.9
64,1024,128,16,399.173
64,1024,128,32,407.696
64,1024,128,64,416.058
64,1024,128,128,649.725
64,1024,128,256,918.891
64,1024,128,512,1564.81
64,1024,128,1024,2964.54
64,1024,128,2048,5816.99
64,1024,128,4096,11550.3
64,1024,128,8192,23041.3
64,1024,128,16384,45960.3
64,2048,0,0,66.081
64,2048,1,16,68.47
64,2048,1,32,68.566
64,2048,1,64,68.5447
64,2048,1,128,76.7263
64,2048,1,256,77.0573
64,2048,1,512,75.9157
64,2048,1,1024,76.1823
64,2048,1,2048,77.281
64,2048,1,4096,136.855
64,2048,1,8192,259.118
64,2048,1,16384,504.89
64,2048,2,16,78.593
64,2048,2,32,79.6703
64,2048,2,64,79.7973
64,2048,2,128,82.8807
64,2048,2,256,86.465
64,2048,2,512,93.7717
64,2048,2,1024,109.015
64,2048,2,2048,139.799
64,2048,2,4096,254.318
64,2048,2,8192,485.702
64,2048,2,16384,746.644
64,2048,4,16,85.0037
64,2048,4,32,85.59
64,2048,4,64,85.5477
64,2048,4,128,91.3397
64,2048,4,256,99.1903
64,2048,4,512,113.687
64,2048,4,1024,144.15
64,2048,4,2048,203.608
64,2048,4,4096,373.476
64,2048,4,8192,693.096
64,2048,4,16384,1162.97
64,2048,8,16,100.374
64,2048,8,32,101.11
64,2048,8,64,102.113
64,2048,8,128,117.943
64,2048,8,256,137.047
64,2048,8,512,171.704
64,2048,8,1024,213.325
64,2048,8,2048,332.186
64,2048,8,4096,619.954
64,2048,8,8192,1131.46
64,2048,8,16384,2188.63
64,2048,16,16,131.841
64,2048,16,32,133.004
64,2048,16,64,133.793
64,2048,16,128,163.116
64,2048,16,256,188.695
64,2048,16,512,250.819
64,2048,16,1024,352.762
64,2048,16,2048,591.207
64,2048,16,4096,1144.6
64,2048,16,8192,2342.5
64,2048,16,16384,4803.76
64,2048,32,16,177.186
64,2048,32,32,179.501
64,2048,32,64,181.048
64,2048,32,128,235.491
64,2048,32,256,291.737
64,2048,32,512,418.245
64,2048,32,1024,678.28
64,2048,32,2048,1239.28
64,2048,32,4096,2682.99
64,2048,32,8192,5291.96
64,2048,32,16384,10487.7
64,2048,64,16,265.486
64,2048,64,32,268.611
64,2048,64,64,272.834
64,2048,64,128,382.148
64,2048,64,256,543.28
64,2048,64,512,852.468
64,2048,64,1024,1534.27
64,2048,64,2048,2968.69
64,2048,64,4096,5832.19
64,2048,64,8192,11608.8
64,2048,64,16384,23071.1
64,2048,128,16,439.866
64,2048,128,32,448.315
64,2048,128,64,457.851
64,2048,128,128,693.768
64,2048,128,256,961.942
64,2048,128,512,1590.94
64,2048,128,1024,2982.37
64,2048,128,2048,5839.21
64,2048,128,4096,11569.8
64,2048,128,8192,23056.4
64,2048,128,16384,45959.1
64,4096,0,0,119.522
64,4096,1,16,123.948
64,4096,1,32,123.874
64,4096,1,64,123.82
64,4096,1,128,123.778
64,4096,1,256,123.777
64,4096,1,512,138.263
64,4096,1,1024,138.754
64,4096,1,2048,140.195
64,4096,1,4096,139.991
64,4096,1,8192,261.177
64,4096,1,16384,503.899
64,4096,2,16,137.09
64,4096,2,32,138.231
64,4096,2,64,138.124
64,4096,2,128,140.14
64,4096,2,256,145.207
64,4096,2,512,152.684
64,4096,2,1024,167.437
64,4096,2,2048,198.979
64,4096,2,4096,258.606
64,4096,2,8192,491.985
64,4096,2,16384,971.702
64,4096,4,16,142.646
64,4096,4,32,143.287
64,4096,4,64,143.521
64,4096,4,128,149.996
64,4096,4,256,157.463
64,4096,4,512,171.554
64,4096,4,1024,202.338
64,4096,4,2048,261.827
64,4096,4,4096,380.815
64,4096,4,8192,721.235
64,4096,4,16384,1340.73
64,4096,8,16,158.007
64,4096,8,32,158.487
64,4096,8,64,159.031
64,4096,8,128,176.035
64,4096,8,256,193.549
64,4096,8,512,230.242
64,4096,8,1024,303
64,4096,8,2048,389.7
64,4096,8,4096,623.772
64,4096,8,8192,1204.61
64,4096,8,16384,2313.88
64,4096,16,16,188.141
64,4096,16,32,189.112
64,4096,16,64,190.349
64,4096,16,128,227.106
64,4096,16,256,258.808
64,4096,16,512,327.524
64,4096,16,1024,441.402
64,4096,16,2048,646.546
64,4096,16,4096,1122.77
64,4096,16,8192,2407.62
64,4096,16,16384,4833.04
64,4096,32,16,244.302
64,4096,32,32,247.416
64,4096,32,64,249.795
64,4096,32,128,309.849
64,4096,32,256,370.159
64,4096,32,512,504.443
64,4096,32,1024,777.918
64,4096,32,2048,1362.09
64,4096,32,4096,2576.12
64,4096,32,8192,5390.29
64,4096,32,16384,10691.1
64,4096,64,16,339.471
64,4096,64,32,343.588
64,4096,64,64,347.162
64,4096,64,128,459.494
64,4096,64,256,624.264
64,4096,64,512,935.574
64,4096,64,1024,1625.37
64,4096,64,2048,3005.54
64,4096,64,4096,5886.86
64,4096,64,8192,11627.3
64,4096,64,16384,23101.7
64,4096,128,16,518.673
64,4096,128,32,527.974
64,4096,128,64,539.174
64,4096,128,128,776.82
64,4096,128,256,1043.21
64,4096,128,512,1676.48
64,4096,128,1024,3035.65
64,4096,128,2048,5886.44
64,4096,128,4096,11616
64,4096,128,8192,23101.9
64,4096,128,16384,46003.1
64,8192,0,0,225.464
64,8192,1,16,233.56
64,8192,1,32,233.464
64,8192,1,64,233.464
64,8192,1,128,233.432
64,8192,1,256,260.013
64,8192,1,512,259.534
64,8192,1,1024,260.589
64,8192,1,2048,258.797
64,8192,1,4096,263.097
64,8192,1,8192,259.993
64,8192,1,16384,504.198
64,8192,2,16,253.379
64,8192,2,32,254.626
64,8192,2,64,254.702
64,8192,2,128,256.696
64,8192,2,256,260.792
64,8192,2,512,268.366
64,8192,2,1024,283.534
64,8192,2,2048,316.111
64,8192,2,4096,375.983
64,8192,2,8192,495.014
64,8192,2,16384,963.094
64,8192,4,16,259.193
64,8192,4,32,259.341
64,8192,4,64,259.117
64,8192,4,128,265.859
64,8192,4,256,271.907
64,8192,4,512,287.555
64,8192,4,1024,317.561
64,8192,4,2048,378.02
64,8192,4,4096,496.784
64,8192,4,8192,731.807
64,8192,4,16384,1416.96
64,8192,8,16,272.643
64,8192,8,32,273.219
64,8192,8,64,272.302
64,8192,8,128,289.347
64,8192,8,256,309.368
64,8192,8,512,344.846
64,8192,8,1024,419.087
64,8192,8,2048,562.748
64,8192,8,4096,741.705
64,8192,8,8192,1210.72
64,8192,8,16384,2446.79
64,8192,16,16,301.444
64,8192,16,32,302.51
64,8192,16,64,303.961
64,8192,16,128,340.196
64,8192,16,256,380.804
64,8192,16,512,460.38
64,8192,16,1024,594.279
64,8192,16,2048,818.463
64,8192,16,4096,1250.48
64,8192,16,8192,2292.36
64,8192,16,16384,4975.42
64,8192,32,16,357.444
64,8192,32,32,361.177
64,8192,32,64,363.033
64,8192,32,128,434.256
64,8192,32,256,514.449
64,8192,32,512,656.818
64,8192,32,1024,943.488
64,8192,32,2048,1557.49
64,8192,32,4096,2823.95
64,8192,32,8192,5357.64
64,8192,32,16384,10812.6
64,8192,64,16,476.315
64,8192,64,32,482.255
64,8192,64,64,485.787
64,8192,64,128,609.575
64,8192,64,256,779.464
64,8192,64,512,1106.68
64,8192,64,1024,1809.47
64,8192,64,2048,3202.51
64,8192,64,4096,5964.87
64,8192,64,8192,11740.1
64,8192,64,16384,23180.6
64,8192,128,16,671.09
64,8192,128,32,682.963
64,8192,128,64,694.376
64,8192,128,128,937.046
64,8192,128,256,1211.96
64,8192,128,512,1857.31
64,8192,128,1024,3237.27
64,8192,128,2048,6031.25
64,8192,128,4096,11695.2
64,8192,128,8192,23172
64,8192,128,16384,46062.8
64,16384,0,0,443.29
64,16384,1,16,459.11
64,16384,1,32,458.96
64,16384,1,64,459.29
64,16384,1,128,458.832
64,16384,1,256,506.844
64,16384,1,512,506.598
64,16384,1,1024,506.917
64,16384,1,2048,507.28
64,16384,1,4096,509.787
64,16384,1,8192,508.966
64,16384,1,16384,506.256
64,16384,2,16,488.262
64,16384,2,32,488.923
64,16384,2,64,488.454
64,16384,2,128,489.798
64,16384,2,256,494.555
64,16384,2,512,501.393
64,16384,2,1024,515.781
64,16384,2,2048,554.098
64,16384,2,4096,615.388
64,16384,2,8192,734.025
64,16384,2,16384,972.704
64,16384,4,16,491.153
64,16384,4,32,490.833
64,16384,4,64,493.382
64,16384,4,128,496.774
64,16384,4,256,502.811
64,16384,4,512,516.582
64,16384,4,1024,550.534
64,16384,4,2048,613.992
64,16384,4,4096,731.018
64,16384,4,8192,962.806
64,16384,4,16384,1446.84
64,16384,8,16,504.155
64,16384,8,32,504.198
64,16384,8,64,505.627
64,16384,8,128,520.113
64,16384,8,256,539.153
64,16384,8,512,577.148
64,16384,8,1024,648.445
64,16384,8,2048,803.369
64,16384,8,4096,1096.5
64,16384,8,8192,1447.51
64,16384,8,16384,2420.09
64,16384,16,16,528.507
64,16384,16,32,531.963
64,16384,16,64,530.672
64,16384,16,128,567.207
64,16384,16,256,608.145
64,16384,16,512,685.736
64,16384,16,1024,862.219
64,16384,16,2048,1127.82
64,16384,16,4096,1595.11
64,16384,16,8192,2773.43
64,16384,16,16384,4835.02
64,16384,32,16,585.052
64,16384,32,32,588.157
64,16384,32,64,590.012
64,16384,32,128,662.857
64,16384,32,256,743.892
64,16384,32,512,915.808
64,16384,32,1024,1269.08
64,16384,32,2048,1890.5
64,16384,32,4096,3244.77
64,16384,32,8192,5732.92
64,16384,32,16384,10764.7
64,16384,64,16,701.085
64,16384,64,32,708.861
64,16384,64,64,712.595
64,16384,64,128,867.327
64,16384,64,256,1068.48
64,16384,64,512,1434.26
64,16384,64,1024,2173.78
64,16384,64,2048,3576.71
64,16384,64,4096,6355.83
64,16384,64,8192,11893.8
64,16384,64,16384,23456
64,16384,128,16,856.832
64,16384,128,32,868.511
64,16384,128,64,985.121
64,16384,128,128,1240.53
64,16384,128,256,1535.92
64,16384,128,512,2220.04
64,16384,128,1024,3611.62
64,16384,128,2048,6425.59
64,16384,128,4096,11978.2
64,16384,128,8192,23333.7
64,16384,128,16384,46257.2
128,0,0,0,13.4617
128,0,1,16,19.755
128,0,1,32,19.84
128,0,1,64,19.9047
128,0,1,128,23.2963
128,0,1,256,29.4723
128,0,1,512,37.185
128,0,1,1024,50.977
128,0,1,2048,80.225
128,0,1,4096,138.328
128,0,1,8192,255.896
128,0,1,16384,488.401
128,0,2,16,23.104
128,0,2,32,23.2853
128,0,2,64,23.8293
128,0,2,128,29.163
128,0,2,256,35.8723
128,0,2,512,49.451
128,0,2,1024,78.3473
128,0,2,2048,114.433
128,0,2,4096,173.175
128,0,2,8192,289.752
128,0,2,16384,523.771
128,0,4,16,30.7313
128,0,4,32,31.147
128,0,4,64,31.1893
128,0,4,128,39.179
128,0,4,256,49.2487
128,0,4,512,70.0807
128,0,4,1024,109.612
128,0,4,2048,168.909
128,0,4,4096,288.174
128,0,4,8192,517.765
128,0,4,16384,990.528
128,0,8,16,43.169
128,0,8,32,44.0857
128,0,8,64,44.822
128,0,8,128,58.902
128,0,8,256,76.374
128,0,8,512,111.414
128,0,8,1024,175.97
128,0,8,2048,293.209
128,0,8,4096,528.785
128,0,8,8192,993.728
128,0,8,16384,1955.83
128,0,16,16,67.0727
128,0,16,32,68.321
128,0,16,64,69.5583
128,0,16,128,97.7827
128,0,16,256,129.569
128,0,16,512,193.229
128,0,16,1024,311.534
128,0,16,2048,545.468
128,0,16,4096,1015.18
128,0,16,8192,1961.89
128,0,16,16384,4027.74
128,0,32,16,114.849
128,0,32,32,117.111
128,0,32,64,119.073
128,0,32,128,174.615
128,0,32,256,235.694
128,0,32,512,358.457
128,0,32,1024,598.503
128,0,32,2048,1088.47
128,0,32,4096,2214.41
128,0,32,8192,5027.69
128,0,32,16384,10322.9
128,0,64,16,209.911
128,0,64,32,214.243
128,0,64,64,218.029
128,0,64,128,329.593
128,0,64,256,464.741
128,0,64,512,805.193
128,0,64,1024,1498.36
128,0,64,2048,2939.31
128,0,64,4096,5809.39
128,0,64,8192,11581.6
128,0,64,16384,23035.1
128,0,128,16,363.834
128,0,128,32,371.588
128,0,128,64,418.586
128,0,128,128,658.876
128,0,128,256,923.531
128,0,128,512,1550.87
128,0,128,1024,2939.83
128,0,128,2048,5806.69
128,0,128,4096,11546.2
128,0,128,8192,23032.6
128,0,128,16384,45964.6
128,16,0,0,15.5307
128,16,1,16,23.2213
128,16,1,32,23.0933
128,16,1,64,23.1787
128,16,1,128,24.3307
128,16,1,256,30.9867
128,16,1,512,38.5387
128,16,1,1024,52.758
128,16,1,2048,81.729
128,16,1,4096,139.415
128,16,1,8192,256.738
128,16,1,16384,491.482
128,16,2,16,28.256
128,16,2,32,28.4377
128,16,2,64,28.6727
128,16,2,128,29.152
128,16,2,256,35.744
128,16,2,512,49.558
128,16,2,1024,78.038
128,16,2,2048,126.615
128,16,2,4096,184.599
128,16,2,8192,300.739
128,16,2,16384,532.474
128,16,4,16,35.8837
128,16,4,32,35.936
128,16,4,64,36.2247
128,16,4,128,40.4057
128,16,4,256,49.472
128,16,4,512,70.1447
128,16,4,1024,112.449
128,16,4,2048,177.058
128,16,4,4096,293.795
128,16,4,8192,524.305
128,16,4,16384,996.096
128,16,8,16,47.595
128,16,8,32,48.267
128,16,8,64,48.673
128,16,8,128,59.894
128,16,8,256,76.8437
128,16,8,512,111.809
128,16,8,1024,181.581
128,16,8,2048,297.933
128,16,8,4096,534.961
128,16,8,8192,1001.56
128,16,8,16384,1945.86
128,16,16,16,70.8913
128,16,16,32,72.0223
128,16,16,64,72.8757
128,16,16,128,99.255
128,16,16,256,130.06
128,16,16,512,192.835
128,16,16,1024,317.07
128,16,16,2048,553.66
128,16,16,4096,1020.16
128,16,16,8192,1970.03
128,16,16,16384,4167.27
128,16,32,16,117.004
128,16,32,32,119.201
128,16,32,64,120.994
128,16,32,128,176.045
128,16,32,256,237.08
128,16,32,512,363.972
128,16,32,1024,605.148
128,16,32,2048,1108.64
128,16,32,4096,2249.38
128,16,32,8192,5120.02
128,16,32,16384,10450.4
128,16,64,16,211.309
128,16,64,32,215.534
128,16,64,64,219.576
128,16,64,128,331.066
128,16,64,256,464.794
128,16,64,512,798.122
128,16,64,1024,1498.49
128,16,64,2048,2935.37
128,16,64,4096,5810.33
128,16,64,8192,11570.4
128,16,64,16384,23058.8
128,16,128,16,402.735
128,16,128,32,411.813
128,16,128,64,420.176
128,16,128,128,661.171
128,16,128,256,923.392
128,16,128,512,1552.07
128,16,128,1024,2940.5
128,16,128,2048,5805.53
128,16,128,4096,11537.1
128,16,128,8192,23012.6
128,16,128,16384,45981.6
128,32,0,0,15.7223
128,32,1,16,22.934
128,32,1,32,23.1467
128,32,1,64,23.2217
128,32,1,128,24.5443
128,32,1,256,30.9333
128,32,1,512,38.443
128,32,1,1024,53.0997
128,32,1,2048,81.59
128,32,1,4096,138.967
128,32,1,8192,255.619
128,32,1,16384,491.579
128,32,2,16,28.6617
128,32,2,32,29.025
128,32,2,64,28.6727
128,32,2,128,29.6107
128,32,2,256,35.723
128,32,2,512,49.5687
128,32,2,1024,78.4117
128,32,2,2048,127.212
128,32,2,4096,186.253
128,32,2,8192,302.094
128,32,2,16384,533.584
128,32,4,16,35.8407
128,32,4,32,36.3523
128,32,4,64,36.48
128,32,4,128,40.31
128,32,4,256,49.313
128,32,4,512,70.3477
128,32,4,1024,112.45
128,32,4,2048,177.474
128,32,4,4096,292.6
128,32,4,8192,528.24
128,32,4,16384,996.097
128,32,8,16,47.9367
128,32,8,32,48.3737
128,32,8,64,48.811
128,32,8,128,60.4383
128,32,8,256,77.014
128,32,8,512,111.618
128,32,8,1024,182.445
128,32,8,2048,299.779
128,32,8,4096,534.812
128,32,8,8192,1005.46
128,32,8,16384,1951.22
128,32,16,16,71.2323
128,32,16,32,72.1503
128,32,16,64,73.27
128,32,16,128,99.244
128,32,16,256,130.498
128,32,16,512,193.133
128,32,16,1024,316.814
128,32,16,2048,551.078
128,32,16,4096,1022.66
128,32,16,8192,1971.67
128,32,16,16384,4199.76
128,32,32,16,117.068
128,32,32,32,119.383
128,32,32,64,121.143
128,32,32,128,176.013
128,32,32,256,237.081
128,32,32,512,363.258
128,32,32,1024,606.833
128,32,32,2048,1095.21
128,32,32,4096,2296.04
128,32,32,8192,5206.88
128,32,32,16384,10250
128,32,64,16,211.192
128,32,64,32,215.48
128,32,64,64,219.544
128,32,64,128,330.756
128,32,64,256,465.36
128,32,64,512,809.3
128,32,64,1024,1497.86
128,32,64,2048,2944.1
128,32,64,4096,5807.48
128,32,64,8192,11545.4
128,32,64,16384,23039.4
128,32,128,16,362.532
128,32,128,32,370.031
128,32,128,64,420.197
128,32,128,128,661.203
128,32,128,256,923.711
128,32,128,512,1565.16
128,32,128,1024,2943.84
128,32,128,2048,5805.51
128,32,128,4096,11540.8
128,32,128,8192,23007.8
128,32,128,16384,45965
128,64,0,0,15.883
128,64,1,16,25.8247
128,64,1,32,25.931
128,64,1,64,26.2083
128,64,1,128,27.6373
128,64,1,256,31.2743
128,64,1,512,38.4857
128,64,1,1024,53.195
128,64,1,2048,81.8783
128,64,1,4096,139.137
128,64,1,8192,257.176
128,64,1,16384,487.195
128,64,2,16,28.6507
128,64,2,32,29.0243
128,64,2,64,29.1417
128,64,2,128,29.1737
128,64,2,256,35.9267
128,64,2,512,49.6863
128,64,2,1024,78.2413
128,64,2,2048,128.012
128,64,2,4096,185.57
128,64,2,8192,304.867
128,64,2,16384,536.891
128,64,4,16,36.171
128,64,4,32,36.5123
128,64,4,64,36.63
128,64,4,128,40.4373
128,64,4,256,49.6113
128,64,4,512,70.3797
128,64,4,1024,112.822
128,64,4,2048,177.912
128,64,4,4096,294.02
128,64,4,8192,528.027
128,64,4,16384,992.897
128,64,8,16,48.0113
128,64,8,32,48.427
128,64,8,64,49.152
128,64,8,128,60.2567
128,64,8,256,76.8437
128,64,8,512,111.777
128,64,8,1024,182.723
128,64,8,2048,298.563
128,64,8,4096,532.092
128,64,8,8192,1003.08
128,64,8,16384,1945.77
128,64,16,16,71.1367
128,64,16,32,72.3633
128,64,16,64,73.419
128,64,16,128,99.5847
128,64,16,256,130.658
128,64,16,512,193.752
128,64,16,1024,316.569
128,64,16,2048,551.355
128,64,16,4096,1019.59
128,64,16,8192,1968.59
128,64,16,16384,4171.36
128,64,32,16,117.015
128,64,32,32,119.692
128,64,32,64,121.313
128,64,32,128,176.194
128,64,32,256,237.155
128,64,32,512,364.825
128,64,32,1024,605.532
128,64,32,2048,1095.43
128,64,32,4096,2267.24
128,64,32,8192,5107.99
128,64,32,16384,10371.6
128,64,64,16,211.053
128,64,64,32,215.874
128,64,64,64,219.576
128,64,64,128,331.353
128,64,64,256,464.869
128,64,64,512,804.905
128,64,64,1024,1498.4
128,64,64,2048,2942.54
128,64,64,4096,5817.1
128,64,64,8192,11588.4
128,64,64,16384,23052.6
128,64,128,16,362.511
128,64,128,32,370.116
128,64,128,64,420.282
128,64,128,128,661.107
128,64,128,256,923.286
128,64,128,512,1542.11
128,64,128,1024,2938.25
128,64,128,2048,5807.1
128,64,128,4096,11540
128,64,128,8192,23024.9
128,64,128,16384,45953.9
128,128,0,0,17.1947
128,128,1,16,25.387
128,128,1,32,25.4407
128,128,1,64,25.5897
128,128,1,128,26.4213
128,128,1,256,33.43
128,128,1,512,40.8327
128,128,1,1024,55.478
128,128,1,2048,84.9397
128,128,1,4096,142.242
128,128,1,8192,260.045
128,128,1,16384,492.933
128,128,2,16,29.6537
128,128,2,32,30.0377
128,128,2,64,30.1017
128,128,2,128,30.9443
128,128,2,256,36.6403
128,128,2,512,51.062
128,128,2,1024,78.71
128,128,2,2048,136.652
128,128,2,4096,196.226
128,128,2,8192,312.271
128,128,2,16384,543.739
128,128,4,16,37.6427
128,128,4,32,37.9417
128,128,4,64,38.1873
128,128,4,128,42.3577
128,128,4,256,51.041
128,128,4,512,71.7873
128,128,4,1024,113.59
128,128,4,2048,184.354
128,128,4,4096,301.764
128,128,4,8192,538.075
128,128,4,16384,1010.02
128,128,8,16,49.6747
128,128,8,32,50.166
128,128,8,64,50.6243
128,128,8,128,63.4677
128,128,8,256,79.2863
128,128,8,512,112.716
128,128,8,1024,183.234
128,128,8,2048,304.11
128,128,8,4096,539.654
128,128,8,8192,1009.23
128,128,8,16384,1958.04
128,128,16,16,73.0143
128,128,16,32,74.102
128,128,16,64,75.5317
128,128,16,128,102.326
128,128,16,256,133.569
128,128,16,512,194.839
128,128,16,1024,322.766
128,128,16,2048,556.422
128,128,16,4096,1025.08
128,128,16,8192,1966.49
128,128,16,16384,4147.36
128,128,32,16,119.692
128,128,32,32,121.954
128,128,32,64,123.639
128,128,32,128,179.031
128,128,32,256,240.632
128,128,32,512,368.943
128,128,32,1024,615.602
128,128,32,2048,1111.85
128,128,32,4096,2200.82
128,128,32,8192,5020.25
128,128,32,16384,10320
128,128,64,16,213.41
128,128,64,32,217.784
128,128,64,64,221.645
128,128,64,128,333.528
128,128,64,256,474.117
128,128,64,512,801.972
128,128,64,1024,1500.4
128,128,64,2048,2933.72
128,128,64,4096,5808.92
128,128,64,8192,11546
128,128,64,16384,23027.7
128,128,128,16,364.527
128,128,128,32,372.228
128,128,128,64,422.512
128,128,128,128,664.477
128,128,128,256,926.966
128,128,128,512,1557.68
128,128,128,1024,2940.32
128,128,128,2048,5807.57
128,128,128,4096,11534.5
128,128,128,8192,23009.9
128,128,128,16384,45982.5
128,256,0,0,20.6933
128,256,1,16,32.0753
128,256,1,32,32.3093
128,256,1,64,32.4697
128,256,1,128,32.7577
128,256,1,256,37.28
128,256,1,512,44.9607
128,256,1,1024,59.286
128,256,1,2048,88.5663
128,256,1,4096,146.86
128,256,1,8192,264.377
128,256,1,16384,497.574
128,256,2,16,36.8533
128,256,2,32,36.8533
128,256,2,64,36.726
128,256,2,128,37.3333
128,256,2,256,38.6347
128,256,2,512,51.5953
128,256,2,1024,79.403
128,256,2,2048,137.068
128,256,2,4096,218.531
128,256,2,8192,339.012
128,256,2,16384,588.264
128,256,4,16,43.7557
128,256,4,32,43.8937
128,256,4,64,43.915
128,256,4,128,51.126
128,256,4,256,53.686
128,256,4,512,73.014
128,256,4,1024,113.559
128,256,4,2048,198.061
128,256,4,4096,315.257
128,256,4,8192,556.465
128,256,4,16384,1035.44
128,256,8,16,55.9793
128,256,8,32,56.779
128,256,8,64,57.3333
128,256,8,128,70.3257
128,256,8,256,82.593
128,256,8,512,115.18
128,256,8,1024,183.682
128,256,8,2048,316.484
128,256,8,4096,554.737
128,256,8,8192,1032.67
128,256,8,16384,1999.29
128,256,16,16,80.2677
128,256,16,32,81.1743
128,256,16,64,82.369
128,256,16,128,107.842
128,256,16,256,136.567
128,256,16,512,197.314
128,256,16,1024,328.163
128,256,16,2048,571.398
128,256,16,4096,1052.04
128,256,16,8192,2046.03
128,256,16,16384,4157.66
128,256,32,16,126.529
128,256,32,32,128.791
128,256,32,64,130.625
128,256,32,128,182.242
128,256,32,256,245.411
128,256,32,512,376.709
128,256,32,1024,640.477
128,256,32,2048,1143.47
128,256,32,4096,2292.39
128,256,32,8192,5082.11
128,256,32,16384,10372.1
128,256,64,16,218.968
128,256,64,32,223.352
128,256,64,64,226.893
128,256,64,128,337.775
128,256,64,256,481.926
128,256,64,512,796.436
128,256,64,1024,1498.76
128,256,64,2048,2940.91
128,256,64,4096,5812.66
128,256,64,8192,11577
128,256,64,16384,23056.7
128,256,128,16,368.089
128,256,128,32,375.663
128,256,128,64,426.768
128,256,128,128,668.978
128,256,128,256,933.59
128,256,128,512,1536.18
128,256,128,1024,2942.09
128,256,128,2048,5810.3
128,256,128,4096,11546.7
128,256,128,8192,23027
128,256,128,16384,45958.5
128,512,0,0,27.6483
128,512,1,16,45.1957
128,512,1,32,50.3363
128,512,1,64,50.2937
128,512,1,128,50.614
128,512,1,256,50.795
128,512,1,512,52.3953
128,512,1,1024,67.6487
128,512,1,2048,96.5023
128,512,1,4096,155.031
128,512,1,8192,271.405
128,512,1,16384,507.152
128,512,2,16,50.2297
128,512,2,32,50.2937
128,512,2,64,50.5607
128,512,2,128,51.5627
128,512,2,256,52.2887
128,512,2,512,54.1013
128,512,2,1024,81.2807
128,512,2,2048,138.284
128,512,2,4096,254.222
128,512,2,8192,382.159
128,512,2,16384,629.181
128,512,4,16,56.235
128,512,4,32,57.174
128,512,4,64,56.7787
128,512,4,128,61.217
128,512,4,256,70.614
128,512,4,512,76.2463
128,512,4,1024,116.151
128,512,4,2048,201.805
128,512,4,4096,345.732
128,512,4,8192,590.728
128,512,4,16384,1068.18
128,512,8,16,68.9717
128,512,8,32,69.2703
128,512,8,64,70.241
128,512,8,128,81.8463
128,512,8,256,96.8223
128,512,8,512,119.244
128,512,8,1024,187.021
128,512,8,2048,329.487
128,512,8,4096,583.079
128,512,8,8192,1075.96
128,512,8,16384,2046.63
128,512,16,16,92.8863
128,512,16,32,94.3367
128,512,16,64,95.5423
128,512,16,128,120.716
128,512,16,256,148.449
128,512,16,512,201.912
128,512,16,1024,331.62
128,512,16,2048,613.554
128,512,16,4096,1116.65
128,512,16,8192,2157.89
128,512,16,16384,4459.33
128,512,32,16,139.639
128,512,32,32,142.21
128,512,32,64,143.949
128,512,32,128,195.448
128,512,32,256,252.408
128,512,32,512,386.757
128,512,32,1024,687.88
128,512,32,2048,1270.34
128,512,32,4096,2438.76
128,512,32,8192,5191.23
128,512,32,16384,10537.9
128,512,64,16,232.898
128,512,64,32,236.919
128,512,64,64,240.344
128,512,64,128,346.543
128,512,64,256,483.152
128,512,64,512,813.748
128,512,64,1024,1503.44
128,512,64,2048,2945.02
128,512,64,4096,5827.32
128,512,64,8192,11559.4
128,512,64,16384,23055.6
128,512,128,16,419.237
128,512,128,32,428.005
128,512,128,64,435.952
128,512,128,128,677.395
128,512,128,256,941.312
128,512,128,512,1558.73
128,512,128,1024,2943.04
128,512,128,2048,5813.6
128,512,128,4096,11541.6
128,512,128,8192,23018.1
128,512,128,16384,45974.9
128,1024,0,0,41.7493
128,1024,1,16,60.3313
128,1024,1,32,60.9607
128,1024,1,64,61.153
128,1024,1,128,71.1147
128,1024,1,256,71.1263
128,1024,1,512,80.193
128,1024,1,1024,82.2517
128,1024,1,2048,111.692
128,1024,1,4096,169.666
128,1024,1,8192,286.35
128,1024,1,16384,517.168
128,1024,2,16,76.9713
128,1024,2,32,77.708
128,1024,2,64,78.0597
128,1024,2,128,79.9587
128,1024,2,256,79.8833
128,1024,2,512,81.569
128,1024,2,1024,84.556
128,1024,2,2048,140.556
128,1024,2,4096,254.318
128,1024,2,8192,464.678
128,1024,2,16384,708.029
128,1024,4,16,80.3423
128,1024,4,32,80.4593
128,1024,4,64,81.409
128,1024,4,128,89.3557
128,1024,4,256,94.2837
128,1024,4,512,107.286
128,1024,4,1024,121.122
128,1024,4,2048,204.727
128,1024,4,4096,371.311
128,1024,4,8192,642.6
128,1024,4,16384,1130.57
128,1024,8,16,92.865
128,1024,8,32,92.993
128,1024,8,64,93.868
128,1024,8,128,108.513
128,1024,8,256,122.028
128,1024,8,512,148.066
128,1024,8,1024,193.357
128,1024,8,2048,335.246
128,1024,8,4096,628.668
128,1024,8,8192,1136.63
128,1024,8,16384,2164.29
128,1024,16,16,117.751
128,1024,16,32,118.849
128,1024,16,64,119.073
128,1024,16,128,146.391
128,1024,16,256,174.861
128,1024,16,512,228.397
128,1024,16,1024,335.491
128,1024,16,2048,631.367
128,1024,16,4096,1229.32
128,1024,16,8192,2323.9
128,1024,16,16384,4734.56
128,1024,32,16,165.303
128,1024,32,32,167.468
128,1024,32,64,169.751
128,1024,32,128,222.051
128,1024,32,256,279.011
128,1024,32,512,402.661
128,1024,32,1024,668.403
128,1024,32,2048,1401.7
128,1024,32,4096,2728.26
128,1024,32,8192,5261.89
128,1024,32,16384,10704
128,1024,64,16,259.406
128,1024,64,32,263.192
128,1024,64,64,266.681
128,1024,64,128,374.458
128,1024,64,256,509.724
128,1024,64,512,815.551
128,1024,64,1024,1518.42
128,1024,64,2048,2954.33
128,1024,64,4096,5833.7
128,1024,64,8192,11604.1
128,1024,64,16384,23045.7
128,1024,128,16,401.295
128,1024,128,32,408.794
128,1024,128,64,464.017
128,1024,128,128,697.309
128,1024,128,256,957.92
128,1024,128,512,1566.87
128,1024,128,1024,2961.62
128,1024,128,2048,5825.73
128,1024,128,4096,11561.3
128,1024,128,8192,23052
128,1024,128,16384,45974.5
128,2048,0,0,69.6863
128,2048,1,16,87.3717
128,2048,1,32,87.489
128,2048,1,64,87.489
128,2048,1,128,99.2013
128,2048,1,256,126.167
128,2048,1,512,138.114
128,2048,1,1024,138.157
128,2048,1,2048,142.743
128,2048,1,4096,200.791
128,2048,1,8192,318.895
128,2048,1,16384,554.246
128,2048,2,16,107.052
128,2048,2,32,107.67
128,2048,2,64,107.702
128,2048,2,128,124.62
128,2048,2,256,137.42
128,2048,2,512,137.634
128,2048,2,1024,139.479
128,2048,2,2048,144.3
128,2048,2,4096,258.584
128,2048,2,8192,490.438
128,2048,2,16384,877.578
128,2048,4,16,132.759
128,2048,4,32,134.05
128,2048,4,64,135.117
128,2048,4,128,137.665
128,2048,4,256,141.143
128,2048,4,512,158.348
128,2048,4,1024,179.138
128,2048,4,2048,210.808
128,2048,4,4096,385.764
128,2048,4,8192,716.744
128,2048,4,16384,1246.19
128,2048,8,16,143.959
128,2048,8,32,143.511
128,2048,8,64,143.97
128,2048,8,128,156.055
128,2048,8,256,166.786
128,2048,8,512,199.021
128,2048,8,1024,250.008
128,2048,8,2048,340.143
128,2048,8,4096,632.829
128,2048,8,8192,1232.9
128,2048,8,16384,2254.75
128,2048,16,16,164.642
128,2048,16,32,166.541
128,2048,16,64,167.17
128,2048,16,128,194.722
128,2048,16,256,222.786
128,2048,16,512,281.316
128,2048,16,1024,391.044
128,2048,16,2048,603.634
128,2048,16,4096,1261.81
128,2048,16,8192,2567.69
128,2048,16,16384,4933.83
128,2048,32,16,214.818
128,2048,32,32,216.056
128,2048,32,64,218.627
128,2048,32,128,271.726
128,2048,32,256,330.948
128,2048,32,512,457.125
128,2048,32,1024,714.952
128,2048,32,2048,1303.58
128,2048,32,4096,2785.38
128,2048,32,8192,5465.2
128,2048,32,16384,10644.2
128,2048,64,16,310.617
128,2048,64,32,314.436
128,2048,64,64,318.329
128,2048,64,128,427.536
128,2048,64,256,567.932
128,2048,64,512,862.228
128,2048,64,1024,1542.5
128,2048,64,2048,2983.83
128,2048,64,4096,5845.03
128,2048,64,8192,11598.6
128,2048,64,16384,23079.6
128,2048,128,16,500.294
128,2048,128,32,508.401
128,2048,128,64,518.001
128,2048,128,128,753.704
128,2048,128,256,1007.12
128,2048,128,512,1596.36
128,2048,128,1024,2983.21
128,2048,128,2048,5856.57
128,2048,128,4096,11579.4
128,2048,128,8192,23063.4
128,2048,128,16384,45997.8
128,4096,0,0,124.716
128,4096,1,16,138.998
128,4096,1,32,139.297
128,4096,1,64,140.748
128,4096,1,128,151.628
128,4096,1,256,184.13
128,4096,1,512,212.184
128,4096,1,1024,252.237
128,4096,1,2048,252.728
128,4096,1,4096,261.624
128,4096,1,8192,379.343
128,4096,1,16384,615.464
128,4096,2,16,165.516
128,4096,2,32,166.519
128,4096,2,64,166.444
128,4096,2,128,183.202
128,4096,2,256,200.685
128,4096,2,512,234.338
128,4096,2,1024,252.334
128,4096,2,2048,253.741
128,4096,2,4096,263.15
128,4096,2,8192,496.485
128,4096,2,16384,969.249
128,4096,4,16,191.97
128,4096,4,32,193.741
128,4096,4,64,193.005
128,4096,4,128,225.165
128,4096,4,256,252.493
128,4096,4,512,253.23
128,4096,4,1024,287.459
128,4096,4,2048,325.743
128,4096,4,4096,388.421
128,4096,4,8192,739.006
128,4096,4,16384,1414.3
128,4096,8,16,238.296
128,4096,8,32,240.515
128,4096,8,64,241.272
128,4096,8,128,256.408
128,4096,8,256,266.552
128,4096,8,512,294.884
128,4096,8,1024,357.957
128,4096,8,2048,456.059
128,4096,8,4096,636.679
128,4096,8,8192,1223.93
128,4096,8,16384,2440.76
128,4096,16,16,265.433
128,4096,16,32,263.619
128,4096,16,64,266.872
128,4096,16,128,288.238
128,4096,16,256,316.58
128,4096,16,512,377.54
128,4096,16,1024,503.355
128,4096,16,2048,714.226
128,4096,16,4096,1139.07
128,4096,16,8192,2599.25
128,4096,16,16384,5198.05
128,4096,32,16,309.327
128,4096,32,32,312.708
128,4096,32,64,312.728
128,4096,32,128,370.735
128,4096,32,256,431.652
128,4096,32,512,558.428
128,4096,32,1024,833.716
128,4096,32,2048,1415.84
128,4096,32,4096,2688.3
128,4096,32,8192,5549.03
128,4096,32,16384,10898.4
128,4096,64,16,410.181
128,4096,64,32,412.869
128,4096,64,64,417.018
128,4096,64,128,529.84
128,4096,64,256,670.344
128,4096,64,512,968.15
128,4096,64,1024,1647.36
128,4096,64,2048,3028.01
128,4096,64,4096,5897.49
128,4096,64,8192,11652.7
128,4096,64,16384,23109.4
128,4096,128,16,603.282
128,4096,128,32,613.895
128,4096,128,64,625.543
128,4096,128,128,862.666
128,4096,128,256,1120.17
128,4096,128,512,1696.76
128,4096,128,1024,3039.99
128,4096,128,2048,5897.57
128,4096,128,4096,11612.7
128,4096,128,8192,23098.2
128,4096,128,16384,46052.3
128,8192,0,0,233.688
128,8192,1,16,243.448
128,8192,1,32,243.501
128,8192,1,64,245.283
128,8192,1,128,256.152
128,8192,1,256,299.886
128,8192,1,512,328.313
128,8192,1,1024,384.719
128,8192,1,2048,479.995
128,8192,1,4096,491.995
128,8192,1,8192,498.182
128,8192,1,16384,734.121
128,8192,2,16,281.454
128,8192,2,32,282.968
128,8192,2,64,282.99
128,8192,2,128,299.907
128,8192,2,256,314.682
128,8192,2,512,351.832
128,8192,2,1024,420.24
128,8192,2,2048,480.624
128,8192,2,4096,494.544
128,8192,2,8192,499.665
128,8192,2,16384,966.891
128,8192,4,16,308.409
128,8192,4,32,310.34
128,8192,4,64,309.476
128,8192,4,128,342.585
128,8192,4,256,378.095
128,8192,4,512,449.424
128,8192,4,1024,487.269
128,8192,4,2048,547.259
128,8192,4,4096,615.25
128,8192,4,8192,742.248
128,8192,4,16384,1442.52
128,8192,8,16,354.553
128,8192,8,32,356.153
128,8192,8,64,358.148
128,8192,8,128,418.853
128,8192,8,256,481.456
128,8192,8,512,491.205
128,8192,8,1024,558.513
128,8192,8,2048,675.08
128,8192,8,4096,862.709
128,8192,8,8192,1228.06
128,8192,8,16384,2472.31
128,8192,16,16,451.419
128,8192,16,32,455.28
128,8192,16,64,457.179
128,8192,16,128,497.51
128,8192,16,256,513.872
128,8192,16,512,570.833
128,8192,16,1024,697.906
128,8192,16,2048,945.237
128,8192,16,4096,1386.95
128,8192,16,8192,2424.32
128,8192,16,16384,5338.41
128,8192,32,16,503.963
128,8192,32,32,504.966
128,8192,32,64,510.801
128,8192,32,128,557.5
128,8192,32,256,615.356
128,8192,32,512,746.974
128,8192,32,1024,1048.66
128,8192,32,2048,1663.73
128,8192,32,4096,2953.35
128,8192,32,8192,5496.39
128,8192,32,16384,11120.6
128,8192,64,16,599.377
128,8192,64,32,603.442
128,8192,64,64,607.047
128,8192,64,128,728.584
128,8192,64,256,871.264
128,8192,64,512,1168.91
128,8192,64,1024,1849
128,8192,64,2048,3230.29
128,8192,64,4096,5988.71
128,8192,64,8192,11744.2
128,8192,64,16384,23252.9
128,8192,128,16,722.483
128,8192,128,32,735.091
128,8192,128,64,828.287
128,8192,128,128,1071.25
128,8192,128,256,1332.73
128,8192,128,512,1900.84
128,8192,128,1024,3259.49
128,8192,128,2048,6037.9
128,8192,128,4096,11713.3
128,8192,128,8192,23220.7
128,8192,128,16384,46128.4
128,16384,0,0,455.268
128,16384,1,16,450.255
128,16384,1,32,450.809
128,16384,1,64,450.725
128,16384,1,128,463.109
128,16384,1,256,531.675
128,16384,1,512,558.93
128,16384,1,1024,614.772
128,16384,1,2048,741.88
128,16384,1,4096,959.294
128,16384,1,8192,963.508
128,16384,1,16384,972.107
128,16384,2,16,515.408
128,16384,2,32,515.505
128,16384,2,64,515.334
128,16384,2,128,534.79
128,16384,2,256,550.056
128,16384,2,512,583.337
128,16384,2,1024,655.83
128,16384,2,2048,802.181
128,16384,2,4096,947.283
128,16384,2,8192,964.446
128,16384,2,16384,979.563
128,16384,4,16,539.367
128,16384,4,32,544.263
128,16384,4,64,541.596
128,16384,4,128,575.729
128,16384,4,256,617.449
128,16384,4,512,687.126
128,16384,4,1024,829.754
128,16384,4,2048,940.019
128,16384,4,4096,1088.28
128,16384,4,8192,1197.82
128,16384,4,16384,1461.67
128,16384,8,16,588.702
128,16384,8,32,590.057
128,16384,8,64,590.888
128,16384,8,128,661.323
128,16384,8,256,722.563
128,16384,8,512,849.072
128,16384,8,1024,942.442
128,16384,8,2048,1049.48
128,16384,8,4096,1331.61
128,16384,8,8192,1682.28
128,16384,8,16384,2477.31
128,16384,16,16,691.755
128,16384,16,32,696.087
128,16384,16,64,696.972
128,16384,16,128,809.722
128,16384,16,256,930.717
128,16384,16,512,968.746
128,16384,16,1024,1078.84
128,16384,16,2048,1325.88
128,16384,16,4096,1855.04
128,16384,16,8192,2881.52
128,16384,16,16384,5326.94
128,16384,32,16,886.076
128,16384,32,32,892.722
128,16384,32,64,897.053
128,16384,32,128,967.7
128,16384,32,256,1014.02
128,16384,32,512,1129.44
128,16384,32,1024,1443.16
128,16384,32,2048,2068.5
128,16384,32,4096,3377.53
128,16384,32,8192,5960.01
128,16384,32,16384,11086.7
128,16384,64,16,997.727
128,16384,64,32,1007.08
128,16384,64,64,1001.46
128,16384,64,128,1115.58
128,16384,64,256,1252
128,16384,64,512,1552.35
128,16384,64,1024,2223.24
128,16384,64,2048,3637.04
128,16384,64,4096,6372.48
128,16384,64,8192,11961.8
128,16384,64,16384,23416.9
128,16384,128,16,1073.61
128,16384,128,32,1081.38
128,16384,128,64,1212.64
128,16384,128,128,1466.96
128,16384,128,256,1744.25
128,16384,128,512,2314.78
128,16384,128,1024,3661.41
128,16384,128,2048,6440.42
128,16384,128,4096,11985.1
128,16384,128,8192,23376.4
128,16384,128,16384,46273.9
256,0,0,0,27.926
256,0,1,16,35.5213
256,0,1,32,35.1793
256,0,1,64,36.641
256,0,1,128,37.324
256,0,1,256,42.348
256,0,1,512,50.1347
256,0,1,1024,66.818
256,0,1,2048,95.6293
256,0,1,4096,152.836
256,0,1,8192,268.414
256,0,1,16384,499.888
256,0,2,16,40.289
256,0,2,32,40.6303
256,0,2,64,40.7263
256,0,2,128,42.4547
256,0,2,256,48.9723
256,0,2,512,61.3673
256,0,2,1024,86.3917
256,0,2,2048,139.173
256,0,2,4096,223.548
256,0,2,8192,345.835
256,0,2,16384,594.131
256,0,4,16,47.7347
256,0,4,32,47.927
256,0,4,64,48.204
256,0,4,128,53.4207
256,0,4,256,63.5213
256,0,4,512,82.8613
256,0,4,1024,120.676
256,0,4,2048,200.816
256,0,4,4096,322.527
256,0,4,8192,559.399
256,0,4,16384,1034.4
256,0,8,16,61.5373
256,0,8,32,62.0507
256,0,8,64,62.7223
256,0,8,128,75.234
256,0,8,256,92.2587
256,0,8,512,126.361
256,0,8,1024,191.761
256,0,8,2048,324.181
256,0,8,4096,555.857
256,0,8,8192,1031.22
256,0,8,16384,1994.1
256,0,16,16,89.3787
256,0,16,32,90.562
256,0,16,64,91.544
256,0,16,128,118.361
256,0,16,256,149.668
256,0,16,512,211.974
256,0,16,1024,339.712
256,0,16,2048,576.999
256,0,16,4096,1042.85
256,0,16,8192,1991.1
256,0,16,16384,3942.2
256,0,32,16,143.396
256,0,32,32,145.466
256,0,32,64,147.417
256,0,32,128,203.238
256,0,32,256,264.488
256,0,32,512,392.598
256,0,32,1024,662.335
256,0,32,2048,1153.27
256,0,32,4096,2237.88
256,0,32,8192,4913.05
256,0,32,16384,10431.3
256,0,64,16,254.461
256,0,64,32,258.856
256,0,64,64,262.227
256,0,64,128,373.452
256,0,64,256,501.808
256,0,64,512,831.62
256,0,64,1024,1522.58
256,0,64,2048,2936.28
256,0,64,4096,5813.43
256,0,64,8192,11560.5
256,0,64,16384,23033
256,0,128,16,459.832
256,0,128,32,468.505
256,0,128,64,496.484
256,0,128,128,738.23
256,0,128,256,995.636
256,0,128,512,1576.84
256,0,128,1024,2954.95
256,0,128,2048,5825.72
256,0,128,4096,11538.3
256,0,128,8192,22994.7
256,0,128,16384,45970.2
256,16,0,0,33.3667
256,16,1,16,39.9483
256,16,1,32,40.0117
256,16,1,64,40.524
256,16,1,128,42.54
256,16,1,256,42.9347
256,16,1,512,54.178
256,16,1,1024,71.1487
256,16,1,2048,99.9817
256,16,1,4096,156.4
256,16,1,8192,272.488
256,16,1,16384,503.939
256,16,2,16,46.1567
256,16,2,32,45.9217
256,16,2,64,46.6793
256,16,2,128,48.833
256,16,2,256,51.543
256,16,2,512,65.1327
256,16,2,1024,89.678
256,16,2,2048,139.055
256,16,2,4096,245.224
256,16,2,8192,364.535
256,16,2,16384,608.626
256,16,4,16,53.122
256,16,4,32,53.5167
256,16,4,64,53.6657
256,16,4,128,59.554
256,16,4,256,65.9327
256,16,4,512,86.051
256,16,4,1024,123.801
256,16,4,2048,203.611
256,16,4,4096,337.013
256,16,4,8192,574.236
256,16,4,16384,1056.59
256,16,8,16,67.3837
256,16,8,32,67.8103
256,16,8,64,68.482
256,16,8,128,80.9943
256,16,8,256,95.416
256,16,8,512,129.87
256,16,8,1024,195.12
256,16,8,2048,333.247
256,16,8,4096,568.967
256,16,8,8192,1043.15
256,16,8,16384,2030.33
256,16,16,16,95.0847
256,16,16,32,96.6003
256,16,16,64,97.773
256,16,16,128,122.51
256,16,16,256,153.444
256,16,16,512,215.377
256,16,16,1024,349.087
256,16,16,2048,593.693
256,16,16,4096,1062.45
256,16,16,8192,2021.44
256,16,16,16384,4039.38
256,16,32,16,149.679
256,16,32,32,151.748
256,16,32,64,153.594
256,16,32,128,206.374
256,16,32,256,267.549
256,16,32,512,394.913
256,16,32,1024,685.546
256,16,32,2048,1186.62
256,16,32,4096,2196.17
256,16,32,8192,5056.2
256,16,32,16384,10432.7
256,16,64,16,258.034
256,16,64,32,262.343
256,16,64,64,265.747
256,16,64,128,376.822
256,16,64,256,504.708
256,16,64,512,822.99
256,16,64,1024,1521.29
256,16,64,2048,2945.22
256,16,64,4096,5812.96
256,16,64,8192,11608.1
256,16,64,16384,23065.6
256,16,128,16,483.182
256,16,128,32,491.62
256,16,128,64,500.302
256,16,128,128,740.886
256,16,128,256,998.899
256,16,128,512,1565.08
256,16,128,1024,2955.07
256,16,128,2048,5817.72
256,16,128,4096,11550.2
256,16,128,8192,23046.5
256,16,128,16384,45973.4
256,32,0,0,33.7613
256,32,1,16,40.5987
256,32,1,32,40.844
256,32,1,64,40.471
256,32,1,128,42.465
256,32,1,256,45.868
256,32,1,512,53.7187
256,32,1,1024,71.991
256,32,1,2048,100.185
256,32,1,4096,156.901
256,32,1,8192,273
256,32,1,16384,504.484
256,32,2,16,46.3587
256,32,2,32,46.2313
256,32,2,64,46.7433
256,32,2,128,48.5987
256,32,2,256,51.7667
256,32,2,512,64.311
256,32,2,1024,88.8777
256,32,2,2048,139.247
256,32,2,4096,245.596
256,32,2,8192,367.797
256,32,2,16384,615.912
256,32,4,16,53.8683
256,32,4,32,53.7187
256,32,4,64,53.7193
256,32,4,128,59.522
256,32,4,256,65.9537
256,32,4,512,86.381
256,32,4,1024,124.665
256,32,4,2048,202.769
256,32,4,4096,336.735
256,32,4,8192,574.46
256,32,4,16384,1057.54
256,32,8,16,67.512
256,32,8,32,68.1623
256,32,8,64,68.4607
256,32,8,128,80.973
256,32,8,256,95.341
256,32,8,512,129.764
256,32,8,1024,195.601
256,32,8,2048,333.216
256,32,8,4096,572.219
256,32,8,8192,1044.63
256,32,8,16384,2015.72
256,32,16,16,95.6297
256,32,16,32,97.0377
256,32,16,64,97.9433
256,32,16,128,122.948
256,32,16,256,153.455
256,32,16,512,215.847
256,32,16,1024,347.434
256,32,16,2048,593.276
256,32,16,4096,1062.77
256,32,16,8192,2028.44
256,32,16,16384,4045.16
256,32,32,16,149.541
256,32,32,32,152.079
256,32,32,64,153.743
256,32,32,128,206.448
256,32,32,256,267.549
256,32,32,512,395.553
256,32,32,1024,686.121
256,32,32,2048,1177.52
256,32,32,4096,2182.46
256,32,32,8192,4845.36
256,32,32,16384,10332.1
256,32,64,16,258.375
256,32,64,32,262.653
256,32,64,64,265.789
256,32,64,128,377.035
256,32,64,256,505.177
256,32,64,512,826.157
256,32,64,1024,1522.95
256,32,64,2048,2946.45
256,32,64,4096,5810.58
256,32,64,8192,11617.5
256,32,64,16384,23088.5
256,32,128,16,452.322
256,32,128,32,460.248
256,32,128,64,500.121
256,32,128,128,741.962
256,32,128,256,997.757
256,32,128,512,1566.5
256,32,128,1024,2957.89
256,32,128,2048,5816.04
256,32,128,4096,11550.3
256,32,128,8192,23035.8
256,32,128,16384,45977.6
256,64,0,0,34.2093
256,64,1,16,41.6867
256,64,1,32,41.2173
256,64,1,64,40.9827
256,64,1,128,43.372
256,64,1,256,46.0813
256,64,1,512,53.8577
256,64,1,1024,71.2973
256,64,1,2048,100.568
256,64,1,4096,157.583
256,64,1,8192,271.357
256,64,1,16384,502.148
256,64,2,16,46.306
256,64,2,32,46.7957
256,64,2,64,46.5933
256,64,2,128,49.143
256,64,2,256,51.7347
256,64,2,512,64.9617
256,64,2,1024,89.5917
256,64,2,2048,138.852
256,64,2,4096,246.514
256,64,2,8192,370.816
256,64,2,16384,614.726
256,64,4,16,53.676
256,64,4,32,53.4417
256,64,4,64,54.4123
256,64,4,128,59.788
256,64,4,256,66.2203
256,64,4,512,85.8583
256,64,4,1024,124.312
256,64,4,2048,203.216
256,64,4,4096,336.489
256,64,4,8192,577.487
256,64,4,16384,1058.91
256,64,8,16,67.4043
256,64,8,32,68.119
256,64,8,64,68.6313
256,64,8,128,81.122
256,64,8,256,95.256
256,64,8,512,129.71
256,64,8,1024,195.749
256,64,8,2048,332.948
256,64,8,4096,569.338
256,64,8,8192,1042.69
256,64,8,16384,2012.76
256,64,16,16,95.949
256,64,16,32,96.909
256,64,16,64,98.2427
256,64,16,128,122.947
256,64,16,256,153.615
256,64,16,512,215.472
256,64,16,1024,349.354
256,64,16,2048,595.653
256,64,16,4096,1060.16
256,64,16,8192,2025.39
256,64,16,16384,4022.34
256,64,32,16,149.968
256,64,32,32,152.26
256,64,32,64,153.924
256,64,32,128,206.523
256,64,32,256,267.591
256,64,32,512,394.816
256,64,32,1024,685.918
256,64,32,2048,1170.65
256,64,32,4096,2224.86
256,64,32,8192,4920.56
256,64,32,16384,10385
256,64,64,16,258.503
256,64,64,32,262.514
256,64,64,64,265.842
256,64,64,128,376.906
256,64,64,256,505.529
256,64,64,512,824.513
256,64,64,1024,1526.9
256,64,64,2048,2942.7
256,64,64,4096,5811.78
256,64,64,8192,11603.7
256,64,64,16384,23047.2
256,64,128,16,435.063
256,64,128,32,443.553
256,64,128,64,500.184
256,64,128,128,741.311
256,64,128,256,998.182
256,64,128,512,1566.92
256,64,128,1024,2961.05
256,64,128,2048,5822.44
256,64,128,4096,11552.5
256,64,128,8192,23046.1
256,64,128,16384,45934.2
256,128,0,0,35.19
256,128,1,16,44.0863
256,128,1,32,44.8437
256,128,1,64,43.7877
256,128,1,128,46.6467
256,128,1,256,50.1027
256,128,1,512,58.1453
256,128,1,1024,77.9437
256,128,1,2048,106.222
256,128,1,4096,163.183
256,128,1,8192,277.917
256,128,1,16384,507.17
256,128,2,16,49.6767
256,128,2,32,50.0173
256,128,2,64,50.3587
256,128,2,128,53.6223
256,128,2,256,54.6147
256,128,2,512,68.6207
256,128,2,1024,93.7207
256,128,2,2048,140.473
256,128,2,4096,255.516
256,128,2,8192,381.173
256,128,2,16384,629.627
256,128,4,16,57.1
256,128,4,32,57.42
256,128,4,64,57.9003
256,128,4,128,64.1293
256,128,4,256,70.0923
256,128,4,512,90.317
256,128,4,1024,128.217
256,128,4,2048,204.422
256,128,4,4096,348.201
256,128,4,8192,585.787
256,128,4,16384,1073.12
256,128,8,16,71.842
256,128,8,32,72.1617
256,128,8,64,72.61
256,128,8,128,85.666
256,128,8,256,100.28
256,128,8,512,134.009
256,128,8,1024,200.272
256,128,8,2048,335.742
256,128,8,4096,588.186
256,128,8,8192,1060.64
256,128,8,16384,2043.69
256,128,16,16,99.8103
256,128,16,32,100.781
256,128,16,64,101.656
256,128,16,128,127.299
256,128,16,256,157.412
256,128,16,512,219.728
256,128,16,1024,351.497
256,128,16,2048,608.603
256,128,16,4096,1091.03
256,128,16,8192,2043.7
256,128,16,16384,4123.27
256,128,32,16,154.148
256,128,32,32,156.004
256,128,32,64,157.924
256,128,32,128,210.555
256,128,32,256,271.772
256,128,32,512,399.861
256,128,32,1024,712.914
256,128,32,2048,1202.83
256,128,32,4096,2209.25
256,128,32,8192,5020.68
256,128,32,16384,10409.9
256,128,64,16,262.662
256,128,64,32,266.909
256,128,64,64,270.023
256,128,64,128,381.482
256,128,64,256,509.998
256,128,64,512,824.939
256,128,64,1024,1530.32
256,128,64,2048,2947.84
256,128,64,4096,5832.03
256,128,64,8192,11613.3
256,128,64,16384,23062.2
256,128,128,16,438.38
256,128,128,32,445.825
256,128,128,64,504.557
256,128,128,128,746.175
256,128,128,256,1003.06
256,128,128,512,1569.94
256,128,128,1024,2966.63
256,128,128,2048,5817.32
256,128,128,4096,11554.4
256,128,128,8192,23018.6
256,128,128,16384,45970.5
256,256,0,0,42.0497
256,256,1,16,53.153
256,256,1,32,54.721
256,256,1,64,53.1213
256,256,1,128,53.3457
256,256,1,256,59.0097
256,256,1,512,65.207
256,256,1,1024,79.5977
256,256,1,2048,117.635
256,256,1,4096,174.329
256,256,1,8192,290.087
256,256,1,16384,516.76
256,256,2,16,59.1693
256,256,2,32,59.6173
256,256,2,64,59.927
256,256,2,128,62.2413
256,256,2,256,64.1933
256,256,2,512,74.349
256,256,2,1024,98.4983
256,256,2,2048,152.409
256,256,2,4096,254.257
256,256,2,8192,412.437
256,256,2,16384,661.148
256,256,4,16,66.6253
256,256,4,32,66.562
256,256,4,64,66.86
256,256,4,128,73.7183
256,256,4,256,79.8423
256,256,4,512,96.803
256,256,4,1024,134.414
256,256,4,2048,210.342
256,256,4,4096,373.258
256,256,4,8192,610.159
256,256,4,16384,1101.51
256,256,8,16,81.5597
256,256,8,32,82.1457
256,256,8,64,82.5087
256,256,8,128,95.4263
256,256,8,256,109.475
256,256,8,512,140.27
256,256,8,1024,206.587
256,256,8,2048,341.395
256,256,8,4096,613.765
256,256,8,8192,1084.37
256,256,8,16384,2068.99
256,256,16,16,109.485
256,256,16,32,110.733
256,256,16,64,111.897
256,256,16,128,137.102
256,256,16,256,165.38
256,256,16,512,226.491
256,256,16,1024,355.039
256,256,16,2048,646.459
256,256,16,4096,1141.39
256,256,16,8192,2159.65
256,256,16,16384,4348.79
256,256,32,16,164.196
256,256,32,32,166.212
256,256,32,64,167.823
256,256,32,128,219.845
256,256,32,256,279.357
256,256,32,512,409.695
256,256,32,1024,744.851
256,256,32,2048,1296.97
256,256,32,4096,2402.96
256,256,32,8192,5032.8
256,256,32,16384,10378.8
256,256,64,16,272.903
256,256,64,32,276.925
256,256,64,64,280.146
256,256,64,128,388.81
256,256,64,256,518.413
256,256,64,512,817.184
256,256,64,1024,1531.61
256,256,64,2048,2940.6
256,256,64,4096,5809.56
256,256,64,8192,11606.8
256,256,64,16384,23068.6
256,256,128,16,489.783
256,256,128,32,498.242
256,256,128,64,511.799
256,256,128,128,753.727
256,256,128,256,1011.49
256,256,128,512,1564.4
256,256,128,1024,2974.24
256,256,128,2048,5825.53
256,256,128,4096,11556
256,256,128,8192,23062.1
256,256,128,16384,45963.5
256,512,0,0,55.447
256,512,1,16,72.4287
256,512,1,32,72.215
256,512,1,64,74.487
256,512,1,128,78.775
256,512,1,256,79.1273
256,512,1,512,81.6663
256,512,1,1024,94.4773
256,512,1,2048,137.433
256,512,1,4096,196.144
256,512,1,8192,309.907
256,512,1,16384,540.878
256,512,2,16,79.2127
256,512,2,32,79.074
256,512,2,64,79.117
256,512,2,128,81.933
256,512,2,256,84.3543
256,512,2,512,85.9217
256,512,2,1024,115.182
256,512,2,2048,163.46
256,512,2,4096,255.985
256,512,2,8192,482.338
256,512,2,16384,732.051
256,512,4,16,85.4207
256,512,4,32,85.602
256,512,4,64,86.4557
256,512,4,128,92.7917
256,512,4,256,99.0423
256,512,4,512,109.241
256,512,4,1024,150.361
256,512,4,2048,226.513
256,512,4,4096,380.233
256,512,4,8192,665.19
256,512,4,16384,1147.44
256,512,8,16,99.789
256,512,8,32,101.059
256,512,8,64,101.144
256,512,8,128,114.147
256,512,8,256,129.38
256,512,8,512,155.3
256,512,8,1024,220.4
256,512,8,2048,357.438
256,512,8,4096,648.155
256,512,8,8192,1141.81
256,512,8,16384,2145.12
256,512,16,16,128.857
256,512,16,32,129.827
256,512,16,64,131.48
256,512,16,128,157.402
256,512,16,256,185.157
256,512,16,512,241.126
256,512,16,1024,369.759
256,512,16,2048,691.175
256,512,16,4096,1272.6
256,512,16,8192,2373.51
256,512,16,16384,4904.19
256,512,32,16,183.759
256,512,32,32,185.883
256,512,32,64,187.748
256,512,32,128,239.451
256,512,32,256,296.594
256,512,32,512,423.403
256,512,32,1024,743.016
256,512,32,2048,1462.13
256,512,32,4096,2754.53
256,512,32,8192,5493.02
256,512,32,16384,10885.6
256,512,64,16,293.01
256,512,64,32,297.138
256,512,64,64,300.552
256,512,64,128,406.752
256,512,64,256,533.411
256,512,64,512,824.117
256,512,64,1024,1521.35
256,512,64,2048,2946.29
256,512,64,4096,5823.3
256,512,64,8192,11597.8
256,512,64,16384,23045
256,512,128,16,512.045
256,512,128,32,520.237
256,512,128,64,528.878
256,512,128,128,769.16
256,512,128,256,1027.24
256,512,128,512,1597.35
256,512,128,1024,2963.82
256,512,128,2048,5827.1
256,512,128,4096,11565.5
256,512,128,8192,23044.1
256,512,128,16384,45963.2
256,1024,0,0,80.386
256,1024,1,16,97.9223
256,1024,1,32,96.0877
256,1024,1,64,98.8827
256,1024,1,128,107.576
256,1024,1,256,120.291
256,1024,1,512,122.296
256,1024,1,1024,124.43
256,1024,1,2048,151.887
256,1024,1,4096,240.443
256,1024,1,8192,354.324
256,1024,1,16384,579.737
256,1024,2,16,114.339
256,1024,2,32,115.309
256,1024,2,64,115.054
256,1024,2,128,121.688
256,1024,2,256,123.47
256,1024,2,512,128.131
256,1024,2,1024,129.784
256,1024,2,2048,187.354
256,1024,2,4096,290.94
256,1024,2,8192,488.471
256,1024,2,16384,872.748
256,1024,4,16,123.981
256,1024,4,32,123.299
256,1024,4,64,124.088
256,1024,4,128,129.604
256,1024,4,256,137.231
256,1024,4,512,149.582
256,1024,4,1024,166.585
256,1024,4,2048,251.857
256,1024,4,4096,414.933
256,1024,4,8192,734.972
256,1024,4,16384,1249.47
256,1024,8,16,137.369
256,1024,8,32,137.347
256,1024,8,64,138.521
256,1024,8,128,151.215
256,1024,8,256,166.478
256,1024,8,512,193.797
256,1024,8,1024,244.123
256,1024,8,2048,382.965
256,1024,8,4096,645.573
256,1024,8,8192,1260.63
256,1024,8,16384,2395.36
256,1024,16,16,166.318
256,1024,16,32,166.842
256,1024,16,64,167.93
256,1024,16,128,194.917
256,1024,16,256,224.059
256,1024,16,512,278.769
256,1024,16,1024,391.337
256,1024,16,2048,687.228
256,1024,16,4096,1383.5
256,1024,16,8192,2569.58
256,1024,16,16384,5126.75
256,1024,32,16,221.681
256,1024,32,32,224.091
256,1024,32,64,225.435
256,1024,32,128,279.089
256,1024,32,256,336.552
256,1024,32,512,452.416
256,1024,32,1024,732.178
256,1024,32,2048,1471.15
256,1024,32,4096,2869.64
256,1024,32,8192,5527.23
256,1024,32,16384,11021.3
256,1024,64,16,333.491
256,1024,64,32,336.787
256,1024,64,64,340.414
256,1024,64,128,447.297
256,1024,64,256,572.676
256,1024,64,512,849.674
256,1024,64,1024,1530.42
256,1024,64,2048,2963.22
256,1024,64,4096,5827.17
256,1024,64,8192,11614.9
256,1024,64,16384,23079.5
256,1024,128,16,497.1
256,1024,128,32,504.354
256,1024,128,64,570.211
256,1024,128,128,802.9
256,1024,128,256,1055.28
256,1024,128,512,1602.36
256,1024,128,1024,2968.18
256,1024,128,2048,5837.78
256,1024,128,4096,11591.5
256,1024,128,8192,23082.3
256,1024,128,16384,45985.6
256,2048,0,0,132.078
256,2048,1,16,150.564
256,2048,1,32,150.244
256,2048,1,64,151.364
256,2048,1,128,161.113
256,2048,1,256,183.269
256,2048,1,512,205.317
256,2048,1,1024,206.854
256,2048,1,2048,211.056
256,2048,1,4096,267.068
256,2048,1,8192,441.28
256,2048,1,16384,680.699
256,2048,2,16,171.407
256,2048,2,32,172.068
256,2048,2,64,172.164
256,2048,2,128,185.84
256,2048,2,256,200.613
256,2048,2,512,208.037
256,2048,2,1024,212.794
256,2048,2,2048,215.61
256,2048,2,4096,330.035
256,2048,2,8192,552.003
256,2048,2,16384,959.063
256,2048,4,16,188.175
256,2048,4,32,189.071
256,2048,4,64,188.73
256,2048,4,128,208.303
256,2048,4,256,211.813
256,2048,4,512,228.87
256,2048,4,1024,250.662
256,2048,4,2048,282.492
256,2048,4,4096,455.637
256,2048,4,8192,764.712
256,2048,4,16384,1427.52
256,2048,8,16,213.339
256,2048,8,32,216.005
256,2048,8,64,215.055
256,2048,8,128,224.688
256,2048,8,256,240.272
256,2048,8,512,271.036
256,2048,8,1024,324.467
256,2048,8,2048,417.257
256,2048,8,4096,710.267
256,2048,8,8192,1364.27
256,2048,8,16384,2543.87
256,2048,16,16,240.347
256,2048,16,32,240.571
256,2048,16,64,242.107
256,2048,16,128,269.105
256,2048,16,256,299.175
256,2048,16,512,357.256
256,2048,16,1024,471.211
256,2048,16,2048,682.8
256,2048,16,4096,1370.27
256,2048,16,8192,2732.4
256,2048,16,16384,5202.71
256,2048,32,16,296.54
256,2048,32,32,299.132
256,2048,32,64,300.348
256,2048,32,128,355.134
256,2048,32,256,413.727
256,2048,32,512,532.727
256,2048,32,1024,807.988
256,2048,32,2048,1356.94
256,2048,32,4096,2899.27
256,2048,32,8192,5676.85
256,2048,32,16384,11080
256,2048,64,16,411.061
256,2048,64,32,414.293
256,2048,64,64,417.717
256,2048,64,128,527.906
256,2048,64,256,656.432
256,2048,64,512,922.667
256,2048,64,1024,1571.9
256,2048,64,2048,2986.06
256,2048,64,4096,5874.15
256,2048,64,8192,11649.2
256,2048,64,16384,23108.2
256,2048,128,16,568.622
256,2048,128,32,575.705
256,2048,128,64,651.579
256,2048,128,128,885.387
256,2048,128,256,1132.11
256,2048,128,512,1653.82
256,2048,128,1024,3000.61
256,2048,128,2048,5860.28
256,2048,128,4096,11614
256,2048,128,8192,23107.2
256,2048,128,16384,45979.6
256,4096,0,0,236.934
256,4096,1,16,252.668
256,4096,1,32,277.51
256,4096,1,64,275.719
256,4096,1,128,286.151
256,4096,1,256,297.607
256,4096,1,512,318.397
256,4096,1,1024,361.139
256,4096,1,2048,377.79
256,4096,1,4096,381.812
256,4096,1,8192,498.444
256,4096,1,16384,850.974
256,4096,2,16,285.394
256,4096,2,32,285.959
256,4096,2,64,285.212
256,4096,2,128,299.399
256,4096,2,256,312.967
256,4096,2,512,341.682
256,4096,2,1024,379.86
256,4096,2,2048,383.508
256,4096,2,4096,392.127
256,4096,2,8192,621.689
256,4096,2,16384,1100.52
256,4096,4,16,301.65
256,4096,4,32,302.321
256,4096,4,64,302.151
256,4096,4,128,324.211
256,4096,4,256,347.912
256,4096,4,512,378.58
256,4096,4,1024,399.999
256,4096,4,2048,449.13
256,4096,4,4096,518.135
256,4096,4,8192,865.289
256,4096,4,16384,1475.21
256,4096,8,16,335.901
256,4096,8,32,336.691
256,4096,8,64,337.949
256,4096,8,128,377.246
256,4096,8,256,387.891
256,4096,8,512,410.25
256,4096,8,1024,475.488
256,4096,8,2048,583.641
256,4096,8,4096,768.403
256,4096,8,8192,1367.76
256,4096,8,16384,2744
256,4096,16,16,394.249
256,4096,16,32,394.303
256,4096,16,64,394.74
256,4096,16,128,418.687
256,4096,16,256,446.143
256,4096,16,512,506.379
256,4096,16,1024,628.143
256,4096,16,2048,850.227
256,4096,16,4096,1282.89
256,4096,16,8192,2816.98
256,4096,16,16384,5483.88
256,4096,32,16,444.032
256,4096,32,32,445.013
256,4096,32,64,447.328
256,4096,32,128,503.393
256,4096,32,256,563.385
256,4096,32,512,685.349
256,4096,32,1024,962.358
256,4096,32,2048,1526.91
256,4096,32,4096,2892.69
256,4096,32,8192,5776.67
256,4096,32,16384,11334
256,4096,64,16,559.683
256,4096,64,32,563.671
256,4096,64,64,568.344
256,4096,64,128,683.973
256,4096,64,256,815.368
256,4096,64,512,1073.33
256,4096,64,1024,1665.34
256,4096,64,2048,3043.23
256,4096,64,4096,5918.88
256,4096,64,8192,11691.7
256,4096,64,16384,23196.6
256,4096,128,16,788.104
256,4096,128,32,798.461
256,4096,128,64,812.307
256,4096,128,128,1047.3
256,4096,128,256,1325.96
256,4096,128,512,1799.66
256,4096,128,1024,3052.89
256,4096,128,2048,5907.96
256,4096,128,4096,11639.2
256,4096,128,8192,23144.3
256,4096,128,16384,46086.3
256,8192,0,0,444.693
256,8192,1,16,458.57
256,8192,1,32,459.403
256,8192,1,64,460.544
256,8192,1,128,511.382
256,8192,1,256,524.269
256,8192,1,512,545.912
256,8192,1,1024,587.256
256,8192,1,2048,673.243
256,8192,1,4096,717.329
256,8192,1,8192,724.208
256,8192,1,16384,961.825
256,8192,2,16,511.703
256,8192,2,32,511.575
256,8192,2,64,511.532
256,8192,2,128,525.9
256,8192,2,256,541.506
256,8192,2,512,568.44
256,8192,2,1024,624.676
256,8192,2,2048,718.065
256,8192,2,4096,722.992
256,8192,2,8192,746.267
256,8192,2,16384,1209.06
256,8192,4,16,527.863
256,8192,4,32,528.365
256,8192,4,64,528.652
256,8192,4,128,550.521
256,8192,4,256,573.902
256,8192,4,512,616.697
256,8192,4,1024,702.64
256,8192,4,2048,747.91
256,8192,4,4096,851.145
256,8192,4,8192,991.307
256,8192,4,16384,1686.28
256,8192,8,16,562.199
256,8192,8,32,564.674
256,8192,8,64,564.322
256,8192,8,128,602.392
256,8192,8,256,642.137
256,8192,8,512,721.585
256,8192,8,1024,770.791
256,8192,8,2048,882.867
256,8192,8,4096,1106.95
256,8192,8,8192,1482.96
256,8192,8,16384,2751.22
256,8192,16,16,630.906
256,8192,16,32,633.092
256,8192,16,64,635.812
256,8192,16,128,706.64
256,8192,16,256,748.85
256,8192,16,512,798.312
256,8192,16,1024,924.683
256,8192,16,2048,1162
256,8192,16,4096,1637.86
256,8192,16,8192,2601.58
256,8192,16,16384,5678.99
256,8192,32,16,747.463
256,8192,32,32,751.015
256,8192,32,64,750.716
256,8192,32,128,799.72
256,8192,32,256,861.204
256,8192,32,512,989.302
256,8192,32,1024,1249.97
256,8192,32,2048,1831.69
256,8192,32,4096,3058.4
256,8192,32,8192,5776.65
256,8192,32,16384,11545.2
256,8192,64,16,856.073
256,8192,64,32,860.692
256,8192,64,64,863.284
256,8192,64,128,984.844
256,8192,64,256,1117.15
256,8192,64,512,1379.8
256,8192,64,1024,1927.26
256,8192,64,2048,3239
256,8192,64,4096,6017.73
256,8192,64,8192,11834.2
256,8192,64,16384,23387.8
256,8192,128,16,1094.8
256,8192,128,32,1106.7
256,8192,128,64,1119.48
256,8192,128,128,1360.81
256,8192,128,256,1608.64
256,8192,128,512,2114.79
256,8192,128,1024,3288.51
256,8192,128,2048,6055.71
256,8192,128,4096,11740.4
256,8192,128,8192,23234
256,8192,128,16384,46273.9
256,16384,0,0,863.54
256,16384,1,16,875.679
256,16384,1,32,876.692
256,16384,1,64,874.43
256,16384,1,128,883.583
256,16384,1,256,985.014
256,16384,1,512,1006.37
256,16384,1,1024,1049.39
256,16384,1,2048,1138.47
256,16384,1,4096,1319.56
256,16384,1,8192,1405.65
256,16384,1,16384,1420.22
256,16384,2,16,970.218
256,16384,2,32,970.475
256,16384,2,64,972.843
256,16384,2,128,982.923
256,16384,2,256,997.654
256,16384,2,512,1029.5
256,16384,2,1024,1085.7
256,16384,2,2048,1210.78
256,16384,2,4096,1408.78
256,16384,2,8192,1409.68
256,16384,2,16384,1461.29
256,16384,4,16,988.428
256,16384,4,32,989.985
256,16384,4,64,985.078
256,16384,4,128,1007.31
256,16384,4,256,1030.5
256,16384,4,512,1072.06
256,16384,4,1024,1160.31
256,16384,4,2048,1343.91
256,16384,4,4096,1443.18
256,16384,4,8192,1662.21
256,16384,4,16384,1947.61
256,16384,8,16,1024.11
256,16384,8,32,1021.43
256,16384,8,64,1018.93
256,16384,8,128,1059.46
256,16384,8,256,1099.61
256,16384,8,512,1183.92
256,16384,8,1024,1350.78
256,16384,8,2048,1477.59
256,16384,8,4096,1698.32
256,16384,8,8192,2153.38
256,16384,8,16384,2967.51
256,16384,16,16,1095.56
256,16384,16,32,1095.93
256,16384,16,64,1097.17
256,16384,16,128,1166.55
256,16384,16,256,1247.99
256,16384,16,512,1403.2
256,16384,16,1024,1521.25
256,16384,16,2048,1759.28
256,16384,16,4096,2232.84
256,16384,16,8192,3264.72
256,16384,16,16384,5681.49
256,16384,32,16,1233.65
256,16384,32,32,1240.38
256,16384,32,64,1242.31
256,16384,32,128,1382.32
256,16384,32,256,1470.04
256,16384,32,512,1581.66
256,16384,32,1024,1839.56
256,16384,32,2048,2342.67
256,16384,32,4096,3601.05
256,16384,32,8192,6194.9
256,16384,32,16384,11495.5
256,16384,64,16,1474.38
256,16384,64,32,1477.21
256,16384,64,64,1479.03
256,16384,64,128,1588.54
256,16384,64,256,1713.7
256,16384,64,512,1983.75
256,16384,64,1024,2518.67
256,16384,64,2048,3674.17
256,16384,64,4096,6396.63
256,16384,64,8192,11989
256,16384,64,16384,23632.8
256,16384,128,16,1698.02
256,16384,128,32,1708.28
256,16384,128,64,1718.35
256,16384,128,128,1964.64
256,16384,128,256,2226.49
256,16384,128,512,2740.82
256,16384,128,1024,3825.6
256,16384,128,2048,6465.39
256,16384,128,4096,11980.9
256,16384,128,8192,23430.5
256,16384,128,16384,46536
512,0,0,0,69.3563
512,0,1,16,78.6897
512,0,1,32,78.3487
512,0,1,64,78.7753
512,0,1,128,80.471
512,0,1,256,82.22
512,0,1,512,87.81
512,0,1,1024,107.437
512,0,1,2048,141.796
512,0,1,4096,201.327
512,0,1,8192,315.101
512,0,1,16384,543.959
512,0,2,16,83.2767
512,0,2,32,83.8097
512,0,2,64,83.799
512,0,2,128,86.658
512,0,2,256,89.9217
512,0,2,512,99.6077
512,0,2,1024,124.568
512,0,2,2048,172.419
512,0,2,4096,271.152
512,0,2,8192,491.296
512,0,2,16384,739.611
512,0,4,16,91.7463
512,0,4,32,92.2687
512,0,4,64,92.4613
512,0,4,128,98.7543
512,0,4,256,105.517
512,0,4,512,122.69
512,0,4,1024,161.241
512,0,4,2048,236.56
512,0,4,4096,392.979
512,0,4,8192,667.545
512,0,4,16384,1152.26
512,0,8,16,109.997
512,0,8,32,110.414
512,0,8,64,110.626
512,0,8,128,123.598
512,0,8,256,137.347
512,0,8,512,169.945
512,0,8,1024,236.623
512,0,8,2048,375.902
512,0,8,4096,665.699
512,0,8,8192,1161.41
512,0,8,16384,2152.55
512,0,16,16,145.646
512,0,16,32,146.916
512,0,16,64,147.267
512,0,16,128,173.017
512,0,16,256,201.445
512,0,16,512,263.804
512,0,16,1024,396.778
512,0,16,2048,727.184
512,0,16,4096,1283.11
512,0,16,8192,2372.26
512,0,16,16384,4738.76
512,0,32,16,216.506
512,0,32,32,217.968
512,0,32,64,219.151
512,0,32,128,271.57
512,0,32,256,332.253
512,0,32,512,457.675
512,0,32,1024,789.094
512,0,32,2048,1463.53
512,0,32,4096,2595.07
512,0,32,8192,4933.06
512,0,32,16384,10471.5
512,0,64,16,356.68
512,0,64,32,360.509
512,0,64,64,363.613
512,0,64,128,473.759
512,0,64,256,603.394
512,0,64,512,885.619
512,0,64,1024,1576.48
512,0,64,2048,2976.96
512,0,64,4096,5819.47
512,0,64,8192,11591.2
512,0,64,16384,23070.4
512,0,128,16,644.515
512,0,128,32,652.771
512,0,128,64,661.987
512,0,128,128,905.566
512,0,128,256,1158.01
512,0,128,512,1679.67
512,0,128,1024,3003.58
512,0,128,2048,5837.93
512,0,128,4096,11569.5
512,0,128,8192,23076.1
512,0,128,16384,45926.2
512,16,0,0,77.8583
512,16,1,16,82.146
512,16,1,32,81.932
512,16,1,64,82.3483
512,16,1,128,83.202
512,16,1,256,90.989
512,16,1,512,93.8047
512,16,1,1024,113.538
512,16,1,2048,150.425
512,16,1,4096,210.607
512,16,1,8192,324.498
512,16,1,16384,555.756
512,16,2,16,91.9057
512,16,2,32,91.97
512,16,2,64,92.013
512,16,2,128,95.224
512,16,2,256,98.7753
512,16,2,512,105.997
512,16,2,1024,131.203
512,16,2,2048,180.185
512,16,2,4096,275.921
512,16,2,8192,497.162
512,16,2,16384,774.011
512,16,4,16,100.983
512,16,4,32,101.314
512,16,4,64,101.463
512,16,4,128,107.939
512,16,4,256,114.477
512,16,4,512,129.186
512,16,4,1024,168.238
512,16,4,2048,243.493
512,16,4,4096,399.923
512,16,4,8192,696.847
512,16,4,16384,1187.21
512,16,8,16,119.053
512,16,8,32,119.608
512,16,8,64,120.323
512,16,8,128,132.856
512,16,8,256,146.67
512,16,8,512,176.388
512,16,8,1024,243.419
512,16,8,2048,376.766
512,16,8,4096,677.316
512,16,8,8192,1197.86
512,16,8,16384,2191.13
512,16,16,16,154.841
512,16,16,32,155.918
512,16,16,64,156.281
512,16,16,128,182.607
512,16,16,256,210.149
512,16,16,512,271.099
512,16,16,1024,400.2
512,16,16,2048,733.819
512,16,16,4096,1345.82
512,16,16,8192,2590.83
512,16,16,16384,4948.41
512,16,32,16,225.296
512,16,32,32,227.599
512,16,32,64,229.466
512,16,32,128,281.212
512,16,32,256,338.727
512,16,32,512,464.479
512,16,32,1024,787.888
512,16,32,2048,1484.79
512,16,32,4096,2720.94
512,16,32,8192,5209.53
512,16,32,16384,10660.2
512,16,64,16,366.12
512,16,64,32,369.629
512,16,64,64,372.734
512,16,64,128,480.671
512,16,64,256,609.997
512,16,64,512,890.824
512,16,64,1024,1581.21
512,16,64,2048,2980.32
512,16,64,4096,5826.18
512,16,64,8192,11600.9
512,16,64,16384,23069.7
512,16,128,16,651.587
512,16,128,32,660.142
512,16,128,64,668.483
512,16,128,128,911.806
512,16,128,256,1164.82
512,16,128,512,1686.18
512,16,128,1024,3015.86
512,16,128,2048,5840.45
512,16,128,4096,11575.5
512,16,128,8192,23056
512,16,128,16384,45960.6
512,32,0,0,77.58
512,32,1,16,81.5053
512,32,1,32,81.997
512,32,1,64,81.5907
512,32,1,128,86.7217
512,32,1,256,91.0523
512,32,1,512,94.5513
512,32,1,1024,113.954
512,32,1,2048,150.457
512,32,1,4096,211.269
512,32,1,8192,325.884
512,32,1,16384,552.065
512,32,2,16,91.7993
512,32,2,32,92.396
512,32,2,64,92.1827
512,32,2,128,95.4467
512,32,2,256,98.6477
512,32,2,512,106.263
512,32,2,1024,130.445
512,32,2,2048,180.185
512,32,2,4096,276.208
512,32,2,8192,496.607
512,32,2,16384,777.626
512,32,4,16,103.331
512,32,4,32,101.57
512,32,4,64,101.687
512,32,4,128,107.65
512,32,4,256,115.117
512,32,4,512,129.421
512,32,4,1024,168.579
512,32,4,2048,243.653
512,32,4,4096,399.944
512,32,4,8192,693.55
512,32,4,16384,1182.77
512,32,8,16,119.107
512,32,8,32,119.917
512,32,8,64,120.194
512,32,8,128,133.197
512,32,8,256,146.584
512,32,8,512,176.836
512,32,8,1024,243.472
512,32,8,2048,379.111
512,32,8,4096,679.332
512,32,8,8192,1186.09
512,32,8,16384,2190.14
512,32,16,16,155.139
512,32,16,32,156.12
512,32,16,64,157.006
512,32,16,128,182.841
512,32,16,256,210.97
512,32,16,512,270.373
512,32,16,1024,401.619
512,32,16,2048,731.172
512,32,16,4096,1339.86
512,32,16,8192,2442.84
512,32,16,16384,4955.88
512,32,32,16,225.53
512,32,32,32,227.514
512,32,32,64,229.476
512,32,32,128,281.232
512,32,32,256,339.133
512,32,32,512,464.661
512,32,32,1024,789.691
512,32,32,2048,1487.47
512,32,32,4096,2700.05
512,32,32,8192,5151.86
512,32,32,16384,10493
512,32,64,16,366.184
512,32,64,32,370.237
512,32,64,64,372.765
512,32,64,128,481.375
512,32,64,256,610.36
512,32,64,512,892.252
512,32,64,1024,1580.03
512,32,64,2048,2994.83
512,32,64,4096,5820.92
512,32,64,8192,11553.6
512,32,64,16384,23057.8
512,32,128,16,626.723
512,32,128,32,627.906
512,32,128,64,668.782
512,32,128,128,915.506
512,32,128,256,1165.59
512,32,128,512,1687.2
512,32,128,1024,3019.69
512,32,128,2048,5845.99
512,32,128,4096,11579.5
512,32,128,8192,23027.4
512,32,128,16384,45958.2
512,64,0,0,77.633
512,64,1,16,87.9913
512,64,1,32,87.1913
512,64,1,64,88.1087
512,64,1,128,89.4313
512,64,1,256,91.1167
512,64,1,512,94.3693
512,64,1,1024,113.954
512,64,1,2048,149.87
512,64,1,4096,210.991
512,64,1,8192,324.636
512,64,1,16384,553.696
512,64,2,16,92.1297
512,64,2,32,92.2047
512,64,2,64,92.2897
512,64,2,128,96.0017
512,64,2,256,99.1057
512,64,2,512,106.018
512,64,2,1024,131.47
512,64,2,2048,179.076
512,64,2,4096,277.947
512,64,2,8192,492.874
512,64,2,16384,777.446
512,64,4,16,101.41
512,64,4,32,101.687
512,64,4,64,101.805
512,64,4,128,107.736
512,64,4,256,114.402
512,64,4,512,129.464
512,64,4,1024,169.646
512,64,4,2048,243.226
512,64,4,4096,397.448
512,64,4,8192,692.473
512,64,4,16384,1183.68
512,64,8,16,118.723
512,64,8,32,119.842
512,64,8,64,120.216
512,64,8,128,132.835
512,64,8,256,146.872
512,64,8,512,176.526
512,64,8,1024,243.707
512,64,8,2048,380.125
512,64,8,4096,685.838
512,64,8,8192,1199.18
512,64,8,16384,2272.88
512,64,16,16,155.214
512,64,16,32,156.142
512,64,16,64,157.027
512,64,16,128,183.054
512,64,16,256,211.193
512,64,16,512,270.608
512,64,16,1024,401.021
512,64,16,2048,733.636
512,64,16,4096,1352.7
512,64,16,8192,2532.84
512,64,16,16384,4994.54
512,64,32,16,225.807
512,64,32,32,227.472
512,64,32,64,229.007
512,64,32,128,281.126
512,64,32,256,338.855
512,64,32,512,464.51
512,64,32,1024,791.035
512,64,32,2048,1489.88
512,64,32,4096,2754.17
512,64,32,8192,5183.69
512,64,32,16384,10437.7
512,64,64,16,366.29
512,64,64,32,369.97
512,64,64,64,373.597
512,64,64,128,481.14
512,64,64,256,610.391
512,64,64,512,891.346
512,64,64,1024,1582.75
512,64,64,2048,2979.07
512,64,64,4096,5826.53
512,64,64,8192,11610.8
512,64,64,16384,23054.5
512,64,128,16,651.597
512,64,128,32,659.961
512,64,128,64,668.92
512,64,128,128,912.819
512,64,128,256,1166.21
512,64,128,512,1686.04
512,64,128,1024,3013.7
512,64,128,2048,5843.57
512,64,128,4096,11586.4
512,64,128,8192,23074.9
512,64,128,16384,45954
512,128,0,0,84.3963
512,128,1,16,88.5673
512,128,1,32,88.3107
512,128,1,64,88.7487
512,128,1,128,90.1993
512,128,1,256,98.658
512,128,1,512,102.285
512,128,1,1024,120.023
512,128,1,2048,157.998
512,128,1,4096,221.338
512,128,1,8192,333.884
512,128,1,16384,561.931
512,128,2,16,99.458
512,128,2,32,99.426
512,128,2,64,99.532
512,128,2,128,103.052
512,128,2,256,106.743
512,128,2,512,113.005
512,128,2,1024,138.841
512,128,2,2048,187.545
512,128,2,4096,285.777
512,128,2,8192,493.844
512,128,2,16384,801.872
512,128,4,16,108.183
512,128,4,32,108.951
512,128,4,64,108.994
512,128,4,128,115.127
512,128,4,256,121.389
512,128,4,512,136.322
512,128,4,1024,175.832
512,128,4,2048,251.269
512,128,4,4096,404.926
512,128,4,8192,714.159
512,128,4,16384,1202.25
512,128,8,16,126.595
512,128,8,32,126.829
512,128,8,64,127.245
512,128,8,128,140.333
512,128,8,256,154.275
512,128,8,512,186.713
512,128,8,1024,251.567
512,128,8,2048,384.178
512,128,8,4096,696.376
512,128,8,8192,1213.59
512,128,8,16384,2255.09
512,128,16,16,162.542
512,128,16,32,163.459
512,128,16,64,164.9
512,128,16,128,190.469
512,128,16,256,217.978
512,128,16,512,278.139
512,128,16,1024,407.549
512,128,16,2048,741.711
512,128,16,4096,1375.59
512,128,16,8192,2552.51
512,128,16,16384,5099.88
512,128,32,16,233.595
512,128,32,32,234.906
512,128,32,64,236.784
512,128,32,128,288.465
512,128,32,256,346.663
512,128,32,512,472.042
512,128,32,1024,790.234
512,128,32,2048,1499.65
512,128,32,4096,2820.3
512,128,32,8192,5344.33
512,128,32,16384,10565.8
512,128,64,16,374.12
512,128,64,32,377.575
512,128,64,64,380.552
512,128,64,128,489.108
512,128,64,256,618.252
512,128,64,512,897.17
512,128,64,1024,1585.57
512,128,64,2048,3002.37
512,128,64,4096,5830.87
512,128,64,8192,11565.3
512,128,64,16384,23054.2
512,128,128,16,607.66
512,128,128,32,603.425
512,128,128,64,676.557
512,128,128,128,921.266
512,128,128,256,1173.08
512,128,128,512,1693.05
512,128,128,1024,3017.21
512,128,128,2048,5854.21
512,128,128,4096,11582.4
512,128,128,8192,23011.9
512,128,128,16384,45957.4
512,256,0,0,98.7327
512,256,1,16,102.775
512,256,1,32,103.799
512,256,1,64,103.319
512,256,1,128,105.026
512,256,1,256,115.01
512,256,1,512,119.15
512,256,1,1024,133.902
512,256,1,2048,171.513
512,256,1,4096,239.61
512,256,1,8192,354.854
512,256,1,16384,581.868
512,256,2,16,115.405
512,256,2,32,115.736
512,256,2,64,116.056
512,256,2,128,118.274
512,256,2,256,122.914
512,256,2,512,129.539
512,256,2,1024,153.464
512,256,2,2048,202.863
512,256,2,4096,297.276
512,256,2,8192,503.38
512,256,2,16384,861.094
512,256,4,16,124.6
512,256,4,32,124.621
512,256,4,64,124.482
512,256,4,128,131.363
512,256,4,256,139.363
512,256,4,512,151.256
512,256,4,1024,190.084
512,256,4,2048,266.373
512,256,4,4096,417.683
512,256,4,8192,751.481
512,256,4,16384,1251.29
512,256,8,16,142.872
512,256,8,32,143.181
512,256,8,64,143.885
512,256,8,128,156.419
512,256,8,256,170.744
512,256,8,512,197.326
512,256,8,1024,264.869
512,256,8,2048,400.68
512,256,8,4096,711.609
512,256,8,8192,1260.64
512,256,8,16384,2369.81
512,256,16,16,178.755
512,256,16,32,179.011
512,256,16,64,180.537
512,256,16,128,207.141
512,256,16,256,235.14
512,256,16,512,292.987
512,256,16,1024,421.097
512,256,16,2048,756.42
512,256,16,4096,1435.39
512,256,16,8192,2716.33
512,256,16,16384,5318.05
512,256,32,16,249.754
512,256,32,32,251.493
512,256,32,64,253.456
512,256,32,128,306.278
512,256,32,256,362.567
512,256,32,512,486.506
512,256,32,1024,796.709
512,256,32,2048,1505.43
512,256,32,4096,2909.65
512,256,32,8192,5654.28
512,256,32,16384,11159.1
512,256,64,16,391.123
512,256,64,32,394.909
512,256,64,64,397.938
512,256,64,128,503.529
512,256,64,256,633.912
512,256,64,512,905.661
512,256,64,1024,1590.31
512,256,64,2048,2994.79
512,256,64,4096,5831.41
512,256,64,8192,11606.4
512,256,64,16384,23064.7
512,256,128,16,608.31
512,256,128,32,618.646
512,256,128,64,693.048
512,256,128,128,934.429
512,256,128,256,1188.15
512,256,128,512,1703.88
512,256,128,1024,3027.11
512,256,128,2048,5848.35
512,256,128,4096,11580.8
512,256,128,8192,23077.4
512,256,128,16384,45944.2
512,512,0,0,127.896
512,512,1,16,132.099
512,512,1,32,143.32
512,512,1,64,143.821
512,512,1,128,145.858
512,512,1,256,147.341
512,512,1,512,150.264
512,512,1,1024,160.632
512,512,1,2048,197.849
512,512,1,4096,272.539
512,512,1,8192,390.514
512,512,1,16384,615.255
512,512,2,16,146.904
512,512,2,32,147.149
512,512,2,64,147.331
512,512,2,128,151.331
512,512,2,256,154.285
512,512,2,512,161.198
512,512,2,1024,178.211
512,512,2,2048,229.764
512,512,2,4096,327.249
512,512,2,8192,518.41
512,512,2,16384,983.07
512,512,4,16,156.206
512,512,4,32,156.461
512,512,4,64,156.899
512,512,4,128,163.758
512,512,4,256,171.427
512,512,4,512,183.94
512,512,4,1024,217.029
512,512,4,2048,294.256
512,512,4,4096,444.765
512,512,4,8192,775.481
512,512,4,16384,1354.26
512,512,8,16,174.627
512,512,8,32,174.873
512,512,8,64,175.587
512,512,8,128,188.366
512,512,8,256,204.164
512,512,8,512,230.063
512,512,8,1024,292.646
512,512,8,2048,428.371
512,512,8,4096,725.603
512,512,8,8192,1362.22
512,512,8,16384,2487.34
512,512,16,16,210.617
512,512,16,32,212.388
512,512,16,64,213.049
512,512,16,128,240.506
512,512,16,256,268.283
512,512,16,512,323.697
512,512,16,1024,446.792
512,512,16,2048,754.244
512,512,16,4096,1474.75
512,512,16,8192,2795.14
512,512,16,16384,5390.39
512,512,32,16,282.768
512,512,32,32,284.56
512,512,32,64,286.032
512,512,32,128,339.899
512,512,32,256,395.986
512,512,32,512,514.293
512,512,32,1024,812.475
512,512,32,2048,1516.19
512,512,32,4096,2932.82
512,512,32,8192,5772.32
512,512,32,16384,11394.2
512,512,64,16,424.776
512,512,64,32,428.211
512,512,64,64,431.741
512,512,64,128,539.082
512,512,64,256,663.863
512,512,64,512,929.053
512,512,64,1024,1588.36
512,512,64,2048,3016.08
512,512,64,4096,5842.26
512,512,64,8192,11583.3
512,512,64,16384,23080.2
512,512,128,16,675.213
512,512,128,32,680.589
512,512,128,64,723.107
512,512,128,128,963.922
512,512,128,256,1216.43
512,512,128,512,1731.28
512,512,128,1024,3031.46
512,512,128,2048,5882.03
512,512,128,4096,11589.7
512,512,128,8192,23044
512,512,128,16384,45947.2
512,1024,0,0,183.897
512,1024,1,16,189.71
512,1024,1,32,191.524
512,1024,1,64,190.596
512,1024,1,128,192.494
512,1024,1,256,212.079
512,1024,1,512,215.897
512,1024,1,1024,222.372
512,1024,1,2048,248.688
512,1024,1,4096,332.56
512,1024,1,8192,463.176
512,1024,1,16384,690.264
512,1024,2,16,210.82
512,1024,2,32,211.055
512,1024,2,64,210.671
512,1024,2,128,216.441
512,1024,2,256,219.652
512,1024,2,512,226.788
512,1024,2,1024,234.991
512,1024,2,2048,284.443
512,1024,2,4096,382.332
512,1024,2,8192,575.339
512,1024,2,16384,1013.41
512,1024,4,16,220.932
512,1024,4,32,221.349
512,1024,4,64,221.582
512,1024,4,128,227.354
512,1024,4,256,234.553
512,1024,4,512,248.165
512,1024,4,1024,273.082
512,1024,4,2048,351.302
512,1024,4,4096,512.5
512,1024,4,8192,818.98
512,1024,4,16384,1492.25
512,1024,8,16,238.159
512,1024,8,32,239.311
512,1024,8,64,239.194
512,1024,8,128,252.602
512,1024,8,256,268.368
512,1024,8,512,295.461
512,1024,8,1024,347.74
512,1024,8,2048,483.38
512,1024,8,4096,776.24
512,1024,8,8192,1436.23
512,1024,8,16384,2688.55
512,1024,16,16,275.739
512,1024,16,32,276.038
512,1024,16,64,276.816
512,1024,16,128,304.688
512,1024,16,256,333.948
512,1024,16,512,391.24
512,1024,16,1024,505.088
512,1024,16,2048,808.848
512,1024,16,4096,1504.16
512,1024,16,8192,2870.54
512,1024,16,16384,5546.8
512,1024,32,16,348.295
512,1024,32,32,349.191
512,1024,32,64,351.143
512,1024,32,128,404.797
512,1024,32,256,463.006
512,1024,32,512,578.593
512,1024,32,1024,867.814
512,1024,32,2048,1527.14
512,1024,32,4096,2966.33
512,1024,32,8192,5802.12
512,1024,32,16384,11444.5
512,1024,64,16,491.007
512,1024,64,32,494.239
512,1024,64,64,498.26
512,1024,64,128,606.252
512,1024,64,256,732.58
512,1024,64,512,984.199
512,1024,64,1024,1579.68
512,1024,64,2048,3004.71
512,1024,64,4096,5866.4
512,1024,64,8192,11621.4
512,1024,64,16384,23092.3
512,1024,128,16,736.281
512,1024,128,32,743.598
512,1024,128,64,791.994
512,1024,128,128,1025.35
512,1024,128,256,1272.6
512,1024,128,512,1786.72
512,1024,128,1024,3017.57
512,1024,128,2048,5884.7
512,1024,128,4096,11616.1
512,1024,128,8192,23109.9
512,1024,128,16384,45970.6
512,2048,0,0,291.077
512,2048,1,16,297.105
512,2048,1,32,297.958
512,2048,1,64,297.948
512,2048,1,128,305.733
512,2048,1,256,336.433
512,2048,1,512,347.729
512,2048,1,1024,356.359
512,2048,1,2048,363.911
512,2048,1,4096,421.821
512,2048,1,8192,590.987
512,2048,1,16384,832.624
512,2048,2,16,325.265
512,2048,2,32,324.305
512,2048,2,64,326.161
512,2048,2,128,335.483
512,2048,2,256,345.649
512,2048,2,512,357.575
512,2048,2,1024,367.015
512,2048,2,2048,378.044
512,2048,2,4096,484.563
512,2048,2,8192,697.825
512,2048,2,16384,1112.68
512,2048,4,16,336.358
512,2048,4,32,337.212
512,2048,4,64,337.351
512,2048,4,128,353.895
512,2048,4,256,364.082
512,2048,4,512,378.684
512,2048,4,1024,406.044
512,2048,4,2048,448.745
512,2048,4,4096,611.446
512,2048,4,8192,941.373
512,2048,4,16384,1564.51
512,2048,8,16,364.924
512,2048,8,32,365.127
512,2048,8,64,366.162
512,2048,8,128,381.437
512,2048,8,256,394.749
512,2048,8,512,425.224
512,2048,8,1024,481.822
512,2048,8,2048,583.083
512,2048,8,4096,866.288
512,2048,8,8192,1539.08
512,2048,8,16384,2843.11
512,2048,16,16,403.784
512,2048,16,32,404.573
512,2048,16,64,405.096
512,2048,16,128,433.757
512,2048,16,256,462.28
512,2048,16,512,519.967
512,2048,16,1024,637.943
512,2048,16,2048,878.278
512,2048,16,4096,1494.08
512,2048,16,8192,2963.74
512,2048,16,16384,5703.78
512,2048,32,16,476.873
512,2048,32,32,478.43
512,2048,32,64,480.095
512,2048,32,128,535.69
512,2048,32,256,594.102
512,2048,32,512,712.237
512,2048,32,1024,962.301
512,2048,32,2048,1558.89
512,2048,32,4096,3010.32
512,2048,32,8192,5881.99
512,2048,32,16384,11553
512,2048,64,16,621.644
512,2048,64,32,626.049
512,2048,64,64,629.164
512,2048,64,128,740.558
512,2048,64,256,869.212
512,2048,64,512,1111.96
512,2048,64,1024,1664.32
512,2048,64,2048,3028.7
512,2048,64,4096,5897.07
512,2048,64,8192,11682.2
512,2048,64,16384,23168.6
512,2048,128,16,859.674
512,2048,128,32,863.345
512,2048,128,64,926.343
512,2048,128,128,1160.73
512,2048,128,256,1404.5
512,2048,128,512,1897.84
512,2048,128,1024,3092.37
512,2048,128,2048,5891.1
512,2048,128,4096,11647.7
512,2048,128,8192,23123
512,2048,128,16384,46040.7
512,4096,0,0,503.593
512,4096,1,16,502.932
512,4096,1,32,507.124
512,4096,1,64,547.221
512,4096,1,128,554.933
512,4096,1,256,561.738
512,4096,1,512,576.032
512,4096,1,1024,602.688
512,4096,1,2048,641.153
512,4096,1,4096,649.121
512,4096,1,8192,764.003
512,4096,1,16384,1113.58
512,4096,2,16,552.554
512,4096,2,32,555.669
512,4096,2,64,551.584
512,4096,2,128,565.076
512,4096,2,256,570.997
512,4096,2,512,596.886
512,4096,2,1024,637.687
512,4096,2,2048,652.897
512,4096,2,4096,664.097
512,4096,2,8192,885.947
512,4096,2,16384,1353.49
512,4096,4,16,565.633
512,4096,4,32,565.919
512,4096,4,64,564.522
512,4096,4,128,583.392
512,4096,4,256,599.19
512,4096,4,512,633.579
512,4096,4,1024,664.609
512,4096,4,2048,721.25
512,4096,4,4096,795.492
512,4096,4,8192,1135.75
512,4096,4,16384,1757.86
512,4096,8,16,590.485
512,4096,8,32,591.957
512,4096,8,64,592.875
512,4096,8,128,620.32
512,4096,8,256,652.278
512,4096,8,512,679.148
512,4096,8,1024,738.563
512,4096,8,2048,856.986
512,4096,8,4096,1042.98
512,4096,8,8192,1628.53
512,4096,8,16384,2972.82
512,4096,16,16,650.22
512,4096,16,32,650.337
512,4096,16,64,651.522
512,4096,16,128,690.924
512,4096,16,256,718.776
512,4096,16,512,777.956
512,4096,16,1024,898.822
512,4096,16,2048,1132.69
512,4096,16,4096,1586.58
512,4096,16,8192,2981.58
512,4096,16,16384,5890.36
512,4096,32,16,733.442
512,4096,32,32,736.205
512,4096,32,64,736.994
512,4096,32,128,793.71
512,4096,32,256,855.29
512,4096,32,512,979.847
512,4096,32,1024,1219.66
512,4096,32,2048,1735.91
512,4096,32,4096,3015.11
512,4096,32,8192,6027.52
512,4096,32,16384,11714.5
512,4096,64,16,880.432
512,4096,64,32,884.24
512,4096,64,64,887.483
512,4096,64,128,1005.6
512,4096,64,256,1132.13
512,4096,64,512,1379.27
512,4096,64,1024,1876.71
512,4096,64,2048,3125.95
512,4096,64,4096,6013.98
512,4096,64,8192,11803.9
512,4096,64,16384,23283.1
512,4096,128,16,1054.47
512,4096,128,32,1085
512,4096,128,64,1199.84
512,4096,128,128,1429.42
512,4096,128,256,1673.41
512,4096,128,512,2153.65
512,4096,128,1024,3237.73
512,4096,128,2048,5956.16
512,4096,128,4096,11756.9
512,4096,128,8192,23303.4
512,4096,128,16384,46180.2
512,8192,0,0,913.575
512,8192,1,16,916.923
512,8192,1,32,918.384
512,8192,1,64,920.017
512,8192,1,128,921.808
512,8192,1,256,1019.16
512,8192,1,512,1031.45
512,8192,1,1024,1062.31
512,8192,1,2048,1116.21
512,8192,1,4096,1209.36
512,8192,1,8192,1216.51
512,8192,1,16384,1450.38
512,8192,2,16,1008.36
512,8192,2,32,1009.43
512,8192,2,64,1008.91
512,8192,2,128,1016.7
512,8192,2,256,1029.98
512,8192,2,512,1049.5
512,8192,2,1024,1093
512,8192,2,2048,1182.13
512,8192,2,4096,1221
512,8192,2,8192,1235.76
512,8192,2,16384,1696.19
512,8192,4,16,1021.99
512,8192,4,32,1018.77
512,8192,4,64,1019.54
512,8192,4,128,1035.34
512,8192,4,256,1055.24
512,8192,4,512,1090.13
512,8192,4,1024,1163.62
512,8192,4,2048,1234.74
512,8192,4,4096,1345.92
512,8192,4,8192,1485.56
512,8192,4,16384,2176.16
512,8192,8,16,1042.87
512,8192,8,32,1045.41
512,8192,8,64,1045.13
512,8192,8,128,1072.64
512,8192,8,256,1103.96
512,8192,8,512,1157.42
512,8192,8,1024,1256.26
512,8192,8,2048,1365.48
512,8192,8,4096,1606.12
512,8192,8,8192,1969.73
512,8192,8,16384,3183.23
512,8192,16,16,1105.48
512,8192,16,32,1103.63
512,8192,16,64,1106.47
512,8192,16,128,1156.91
512,8192,16,256,1209.89
512,8192,16,512,1293.11
512,8192,16,1024,1414.06
512,8192,16,2048,1661.16
512,8192,16,4096,2120.26
512,8192,16,8192,3031.23
512,8192,16,16384,6196.69
512,8192,32,16,1218.02
512,8192,32,32,1220.82
512,8192,32,64,1223.7
512,8192,32,128,1309.76
512,8192,32,256,1370.79
512,8192,32,512,1495.96
512,8192,32,1024,1743.96
512,8192,32,2048,2210.62
512,8192,32,4096,3309.24
512,8192,32,8192,6104.57
512,8192,32,16384,12035.7
512,8192,64,16,1397.3
512,8192,64,32,1400.09
512,8192,64,64,1404.37
512,8192,64,128,1522.04
512,8192,64,256,1653.05
512,8192,64,512,1904.69
512,8192,64,1024,2406.73
512,8192,64,2048,3455.02
512,8192,64,4096,6126.4
512,8192,64,8192,12035.8
512,8192,64,16384,23474.7
512,8192,128,16,1535.97
512,8192,128,32,1575.78
512,8192,128,64,1720.47
512,8192,128,128,1971.03
512,8192,128,256,2202.59
512,8192,128,512,2690.17
512,8192,128,1024,3694.97
512,8192,128,2048,6117.64
512,8192,128,4096,11838.7
512,8192,128,8192,23448.5
512,8192,128,16384,46386.5
512,16384,0,0,1740.84
512,16384,1,16,1758.25
512,16384,1,32,1740.52
512,16384,1,64,1743.64
512,16384,1,128,1750.09
512,16384,1,256,1931.9
512,16384,1,512,1945.95
512,16384,1,1024,1971.58
512,16384,1,2048,2029.04
512,16384,1,4096,2153.33
512,16384,1,8192,2346.68
512,16384,1,16384,2359.61
512,16384,2,16,1924.9
512,16384,2,32,1925.72
512,16384,2,64,1920.7
512,16384,2,128,1936.99
512,16384,2,256,1943.49
512,16384,2,512,1964.41
512,16384,2,1024,2006.2
512,16384,2,2048,2098.25
512,16384,2,4096,2275.07
512,16384,2,8192,2370.32
512,16384,2,16384,2400.36
512,16384,4,16,1937.83
512,16384,4,32,1929.77
512,16384,4,64,1935.03
512,16384,4,128,1947.96
512,16384,4,256,1965.02
512,16384,4,512,2001.8
512,16384,4,1024,2074.12
512,16384,4,2048,2225.34
512,16384,4,4096,2371.9
512,16384,4,8192,2609.41
512,16384,4,16384,2913.72
512,16384,8,16,1957.52
512,16384,8,32,1958.45
512,16384,8,64,1959.19
512,16384,8,128,1984.69
512,16384,8,256,2014.71
512,16384,8,512,2073.94
512,16384,8,1024,2180.22
512,16384,8,2048,2414.88
512,16384,8,4096,2634.99
512,16384,8,8192,3103.2
512,16384,8,16384,3905.52
512,16384,16,16,2019.41
512,16384,16,32,2020.77
512,16384,16,64,2020.57
512,16384,16,128,2070.82
512,16384,16,256,2122.98
512,16384,16,512,2233.16
512,16384,16,1024,2446.41
512,16384,16,2048,2704.35
512,16384,16,4096,3185.51
512,16384,16,8192,4124.57
512,16384,16,16384,6375.75
512,16384,32,16,2139.26
512,16384,32,32,2133.94
512,16384,32,64,2140.98
512,16384,32,128,2239.55
512,16384,32,256,2348.29
512,16384,32,512,2532.49
512,16384,32,1024,2770.03
512,16384,32,2048,3279.85
512,16384,32,4096,4223.41
512,16384,32,8192,6579.73
512,16384,32,16384,12230.9
512,16384,64,16,2381.25
512,16384,64,32,2403.82
512,16384,64,64,2395.16
512,16384,64,128,2563.45
512,16384,64,256,2693.8
512,16384,64,512,2942.09
512,16384,64,1024,3449.53
512,16384,64,2048,4469.53
512,16384,64,4096,6724.14
512,16384,64,8192,12303.6
512,16384,64,16384,23845.7
512,16384,128,16,2483.35
512,16384,128,32,2495.92
512,16384,128,64,2763.1
512,16384,128,128,3000.47
512,16384,128,256,3262.19
512,16384,128,512,3782.24
512,16384,128,1024,4746.11
512,16384,128,2048,6876.64
512,16384,128,4096,12099.1
512,16384,128,8192,23638.8
512,16384,128,16384,46807.1
1024,0,0,0,190.628
1024,0,1,16,186.809
1024,0,1,32,192.28
1024,0,1,64,186.862
1024,0,1,128,210.425
1024,0,1,256,211.929
1024,0,1,512,215.439
1024,0,1,1024,225.881
1024,0,1,2048,266.469
1024,0,1,4096,339.857
1024,0,1,8192,473.939
1024,0,1,16384,698.935
1024,0,2,16,214.393
1024,0,2,32,214.34
1024,0,2,64,215.193
1024,0,2,128,220.398
1024,0,2,256,224.153
1024,0,2,512,228.527
1024,0,2,1024,246.585
1024,0,2,2048,298.726
1024,0,2,4096,399.037
1024,0,2,8192,587.541
1024,0,2,16384,1035.97
1024,0,4,16,227.011
1024,0,4,32,226.628
1024,0,4,64,228.943
1024,0,4,128,233.657
1024,0,4,256,240.921
1024,0,4,512,255.503
1024,0,4,1024,287.909
1024,0,4,2048,366.951
1024,0,4,4096,517.428
1024,0,4,8192,845.209
1024,0,4,16384,1522.1
1024,0,8,16,253.06
1024,0,8,32,252.569
1024,0,8,64,253.434
1024,0,8,128,268.644
1024,0,8,256,281.413
1024,0,8,512,309.296
1024,0,8,1024,371.9
1024,0,8,2048,506.697
1024,0,8,4096,823.982
1024,0,8,8192,1523.53
1024,0,8,16384,2790.97
1024,0,16,16,304.517
1024,0,16,32,309.274
1024,0,16,64,308.315
1024,0,16,128,332.113
1024,0,16,256,359.899
1024,0,16,512,414.823
1024,0,16,1024,542.409
1024,0,16,2048,839.769
1024,0,16,4096,1549.04
1024,0,16,8192,2949.49
1024,0,16,16384,5678.31
1024,0,32,16,406.002
1024,0,32,32,407.879
1024,0,32,64,409.063
1024,0,32,128,463.304
1024,0,32,256,525.673
1024,0,32,512,640.833
1024,0,32,1024,914.469
1024,0,32,2048,1579.98
1024,0,32,4096,3002.97
1024,0,32,8192,5851.17
1024,0,32,16384,11561.1
1024,0,64,16,609.589
1024,0,64,32,613.76
1024,0,64,64,616.896
1024,0,64,128,723.404
1024,0,64,256,855.696
1024,0,64,512,1113.7
1024,0,64,1024,1745.48
1024,0,64,2048,3134.14
1024,0,64,4096,5953.2
1024,0,64,8192,11637
1024,0,64,16384,23087.6
1024,0,128,16,977.18
1024,0,128,32,978.951
1024,0,128,64,1055.95
1024,0,128,128,1309.02
1024,0,128,256,1573.37
1024,0,128,512,2045.48
1024,0,128,1024,3212.06
1024,0,128,2048,5958.62
1024,0,128,4096,11659.2
1024,0,128,8192,23063.3
1024,0,128,16384,45963.1
1024,16,0,0,205.487
1024,16,1,16,201.903
1024,16,1,32,201.977
1024,16,1,64,204.28
1024,16,1,128,203.556
1024,16,1,256,228.271
1024,16,1,512,230.948
1024,16,1,1024,237.775
1024,16,1,2048,278.234
1024,16,1,4096,354.726
1024,16,1,8192,492.296
1024,16,1,16384,719.713
1024,16,2,16,230.041
1024,16,2,32,229.764
1024,16,2,64,230.191
1024,16,2,128,233.999
1024,16,2,256,237.242
1024,16,2,512,244.495
1024,16,2,1024,260.837
1024,16,2,2048,313.627
1024,16,2,4096,417.224
1024,16,2,8192,600.629
1024,16,2,16384,1021.43
1024,16,4,16,242.255
1024,16,4,32,242.489
1024,16,4,64,242.405
1024,16,4,128,250.362
1024,16,4,256,258.042
1024,16,4,512,270.223
1024,16,4,1024,302
1024,16,4,2048,380.945
1024,16,4,4096,532.628
1024,16,4,8192,857.753
1024,16,4,16384,1542.34
1024,16,8,16,270.703
1024,16,8,32,270.917
1024,16,8,64,268.89
1024,16,8,128,282.757
1024,16,8,256,299.962
1024,16,8,512,325.073
1024,16,8,1024,386.396
1024,16,8,2048,521.705
1024,16,8,4096,841.839
1024,16,8,8192,1534.9
1024,16,8,16384,2802.15
1024,16,16,16,318.95
1024,16,16,32,319.387
1024,16,16,64,321.008
1024,16,16,128,348.294
1024,16,16,256,376.102
1024,16,16,512,430.823
1024,16,16,1024,556.458
1024,16,16,2048,852.218
1024,16,16,4096,1558.65
1024,16,16,8192,2954.75
1024,16,16,16384,5709.05
1024,16,32,16,422.45
1024,16,32,32,424.551
1024,16,32,64,426.184
1024,16,32,128,479.849
1024,16,32,256,535.774
1024,16,32,512,655.851
1024,16,32,1024,948.464
1024,16,32,2048,1591.38
1024,16,32,4096,3021.71
1024,16,32,8192,5862.72
1024,16,32,16384,11584.3
1024,16,64,16,625.984
1024,16,64,32,642.945
1024,16,64,64,632.801
1024,16,64,128,757.848
1024,16,64,256,903.419
1024,16,64,512,1127.27
1024,16,64,1024,1751.53
1024,16,64,2048,3134.16
1024,16,64,4096,5967.24
1024,16,64,8192,11640.6
1024,16,64,16384,23103.5
1024,16,128,16,942.662
1024,16,128,32,963.195
1024,16,128,64,1079.13
1024,16,128,128,1331.69
1024,16,128,256,1549.49
1024,16,128,512,2059.88
1024,16,128,1024,3231.49
1024,16,128,2048,5940.33
1024,16,128,4096,11660.1
1024,16,128,8192,23104.8
1024,16,128,16384,45975.3
1024,32,0,0,205.87
1024,32,1,16,202.105
1024,32,1,32,202.799
1024,32,1,64,206.361
1024,32,1,128,205.017
1024,32,1,256,227.716
1024,32,1,512,231.801
1024,32,1,1024,238.425
1024,32,1,2048,277.647
1024,32,1,4096,353.659
1024,32,1,8192,500.819
1024,32,1,16384,726.668
1024,32,2,16,230.255
1024,32,2,32,229.977
1024,32,2,64,230.927
1024,32,2,128,235.204
1024,32,2,256,239.535
1024,32,2,512,244.335
1024,32,2,1024,260.538
1024,32,2,2048,312.859
1024,32,2,4096,412.252
1024,32,2,8192,602.005
1024,32,2,16384,1029.47
1024,32,4,16,242.105
1024,32,4,32,243.066
1024,32,4,64,243.098
1024,32,4,128,250.276
1024,32,4,256,259.524
1024,32,4,512,270.703
1024,32,4,1024,302.778
1024,32,4,2048,380.721
1024,32,4,4096,533.47
1024,32,4,8192,852.591
1024,32,4,16384,1536.19
1024,32,8,16,268.847
1024,32,8,32,270.212
1024,32,8,64,269.349
1024,32,8,128,282.426
1024,32,8,256,296.838
1024,32,8,512,325.264
1024,32,8,1024,386.097
1024,32,8,2048,524.34
1024,32,8,4096,840.793
1024,32,8,8192,1535.09
1024,32,8,16384,2808.69
1024,32,16,16,322.672
1024,32,16,32,321.584
1024,32,16,64,320.71
1024,32,16,128,347.697
1024,32,16,256,375.601
1024,32,16,512,433.384
1024,32,16,1024,557.066
1024,32,16,2048,856.718
1024,32,16,4096,1558.17
1024,32,16,8192,2968.12
1024,32,16,16384,5699.43
1024,32,32,16,422.802
1024,32,32,32,424.199
1024,32,32,64,427.911
1024,32,32,128,479.635
1024,32,32,256,535.839
1024,32,32,512,671.671
1024,32,32,1024,927.408
1024,32,32,2048,1582.14
1024,32,32,4096,3013.78
1024,32,32,8192,5859.6
1024,32,32,16384,11588.6
1024,32,64,16,625.887
1024,32,64,32,629.856
1024,32,64,64,632.384
1024,32,64,128,739.661
1024,32,64,256,888.218
1024,32,64,512,1126.96
1024,32,64,1024,1726.73
1024,32,64,2048,3117.74
1024,32,64,4096,5964.33
1024,32,64,8192,11625.6
1024,32,64,16384,23101
1024,32,128,16,987.59
1024,32,128,32,999.622
1024,32,128,64,1073.1
1024,32,128,128,1327.12
1024,32,128,256,1562.99
1024,32,128,512,2060.09
1024,32,128,1024,3197.16
1024,32,128,2048,5954.15
1024,32,128,4096,11648.2
1024,32,128,8192,23098.4
1024,32,128,16384,45983.4
1024,64,0,0,205.966
1024,64,1,16,202.265
1024,64,1,32,202.073
1024,64,1,64,202.478
1024,64,1,128,226.436
1024,64,1,256,228.271
1024,64,1,512,231.62
1024,64,1,1024,239.194
1024,64,1,2048,282.383
1024,64,1,4096,351.889
1024,64,1,8192,492.189
1024,64,1,16384,719.575
1024,64,2,16,229.7
1024,64,2,32,231.023
1024,64,2,64,230.543
1024,64,2,128,234.319
1024,64,2,256,237.071
1024,64,2,512,246.021
1024,64,2,1024,262.394
1024,64,2,2048,317.126
1024,64,2,4096,412.551
1024,64,2,8192,602.719
1024,64,2,16384,1011.99
1024,64,4,16,243.706
1024,64,4,32,243.919
1024,64,4,64,244.271
1024,64,4,128,250.351
1024,64,4,256,258.788
1024,64,4,512,270.522
1024,64,4,1024,302.917
1024,64,4,2048,380.561
1024,64,4,4096,533.598
1024,64,4,8192,869.977
1024,64,4,16384,1534.02
1024,64,8,16,269.221
1024,64,8,32,269.232
1024,64,8,64,270.01
1024,64,8,128,284.229
1024,64,8,256,297.563
1024,64,8,512,329.349
1024,64,8,1024,386.801
1024,64,8,2048,522.451
1024,64,8,4096,836.302
1024,64,8,8192,1548.1
1024,64,8,16384,2834.25
1024,64,16,16,318.875
1024,64,16,32,321.52
1024,64,16,64,320.261
1024,64,16,128,348.401
1024,64,16,256,376.401
1024,64,16,512,431.453
1024,64,16,1024,565.94
1024,64,16,2048,850.467
1024,64,16,4096,1558.62
1024,64,16,8192,2961.08
1024,64,16,16384,5730.82
1024,64,32,16,421.991
1024,64,32,32,424.658
1024,64,32,64,425.906
1024,64,32,128,479.89
1024,64,32,256,535.924
1024,64,32,512,659.723
1024,64,32,1024,932.571
1024,64,32,2048,1595.93
1024,64,32,4096,3010.77
1024,64,32,8192,5869.66
1024,64,32,16384,11568.3
1024,64,64,16,625.781
1024,64,64,32,633.035
1024,64,64,64,632.811
1024,64,64,128,757.954
1024,64,64,256,885.337
1024,64,64,512,1126.88
1024,64,64,1024,1747.59
1024,64,64,2048,3136.47
1024,64,64,4096,5966
1024,64,64,8192,11635.6
1024,64,64,16384,23104.9
1024,64,128,16,929.924
1024,64,128,32,963.226
1024,64,128,64,1053.18
1024,64,128,128,1324.33
1024,64,128,256,1550.22
1024,64,128,512,2065.69
1024,64,128,1024,3311.49
1024,64,128,2048,5944.48
1024,64,128,4096,11667.1
1024,64,128,8192,23101.8
1024,64,128,16384,45972
1024,128,0,0,220.558
1024,128,1,16,221.337
1024,128,1,32,216.654
1024,128,1,64,217.006
1024,128,1,128,217.038
1024,128,1,256,241.721
1024,128,1,512,246.009
1024,128,1,1024,252.644
1024,128,1,2048,294.181
1024,128,1,4096,367.952
1024,128,1,8192,512.957
1024,128,1,16384,751.191
1024,128,2,16,244.772
1024,128,2,32,244.388
1024,128,2,64,245.177
1024,128,2,128,248.196
1024,128,2,256,253.699
1024,128,2,512,259.972
1024,128,2,1024,273.413
1024,128,2,2048,326.939
1024,128,2,4096,428.978
1024,128,2,8192,618.218
1024,128,2,16384,1035.61
1024,128,4,16,256.612
1024,128,4,32,257.178
1024,128,4,64,257.54
1024,128,4,128,264.388
1024,128,4,256,271.716
1024,128,4,512,286.33
1024,128,4,1024,316.602
1024,128,4,2048,395.793
1024,128,4,4096,547.966
1024,128,4,8192,890.692
1024,128,4,16384,1591.92
1024,128,8,16,283.439
1024,128,8,32,282.501
1024,128,8,64,283.471
1024,128,8,128,298.362
1024,128,8,256,311.759
1024,128,8,512,339.642
1024,128,8,1024,401.255
1024,128,8,2048,538.26
1024,128,8,4096,849.006
1024,128,8,8192,1551.82
1024,128,8,16384,2843.54
1024,128,16,16,334.246
1024,128,16,32,334.726
1024,128,16,64,335.761
1024,128,16,128,366.651
1024,128,16,256,390.823
1024,128,16,512,446.642
1024,128,16,1024,578.623
1024,128,16,2048,872.975
1024,128,16,4096,1564.27
1024,128,16,8192,2969.89
1024,128,16,16384,5731.67
1024,128,32,16,437.32
1024,128,32,32,439.507
1024,128,32,64,440.647
1024,128,32,128,494.056
1024,128,32,256,553.534
1024,128,32,512,672.47
1024,128,32,1024,941.52
1024,128,32,2048,1606.01
1024,128,32,4096,3019.66
1024,128,32,8192,5877.6
1024,128,32,16384,11593.1
1024,128,64,16,644.811
1024,128,64,32,644.043
1024,128,64,64,646.966
1024,128,64,128,754.519
1024,128,64,256,898.405
1024,128,64,512,1141.35
1024,128,64,1024,1767.01
1024,128,64,2048,3151.1
1024,128,64,4096,5984.62
1024,128,64,8192,11639.2
1024,128,64,16384,23104.8
1024,128,128,16,943.024
1024,128,128,32,986.716
1024,128,128,64,1096.83
1024,128,128,128,1336.15
1024,128,128,256,1597.48
1024,128,128,512,2063.19
1024,128,128,1024,3218.31
1024,128,128,2048,5964.26
1024,128,128,4096,11673.9
1024,128,128,8192,23134.5
1024,128,128,16384,45967.7
1024,256,0,0,248.302
1024,256,1,16,244.73
1024,256,1,32,243.481
1024,256,1,64,251.055
1024,256,1,128,247.257
1024,256,1,256,271.919
1024,256,1,512,276.271
1024,256,1,1024,282.821
1024,256,1,2048,322.438
1024,256,1,4096,398.951
1024,256,1,8192,545.246
1024,256,1,16384,783.884
1024,256,2,16,276.538
1024,256,2,32,274.671
1024,256,2,64,274.298
1024,256,2,128,278.703
1024,256,2,256,282.767
1024,256,2,512,289.477
1024,256,2,1024,302.746
1024,256,2,2048,355.761
1024,256,2,4096,456.615
1024,256,2,8192,647.124
1024,256,2,16384,1055.25
1024,256,4,16,287.909
1024,256,4,32,287.568
1024,256,4,64,286.959
1024,256,4,128,293.722
1024,256,4,256,302.319
1024,256,4,512,315.386
1024,256,4,1024,343.376
1024,256,4,2048,421.937
1024,256,4,4096,578.889
1024,256,4,8192,905.434
1024,256,4,16384,1614
1024,256,8,16,312.079
1024,256,8,32,318.992
1024,256,8,64,312.997
1024,256,8,128,327.472
1024,256,8,256,344.038
1024,256,8,512,375.814
1024,256,8,1024,430.78
1024,256,8,2048,566.687
1024,256,8,4096,871.779
1024,256,8,8192,1583.16
1024,256,8,16384,2926.29
1024,256,16,16,363.44
1024,256,16,32,363.963
1024,256,16,64,365.222
1024,256,16,128,393.052
1024,256,16,256,420.721
1024,256,16,512,476.179
1024,256,16,1024,599.049
1024,256,16,2048,886.905
1024,256,16,4096,1577.38
1024,256,16,8192,2993.98
1024,256,16,16384,5754.14
1024,256,32,16,468.317
1024,256,32,32,469.32
1024,256,32,64,471.197
1024,256,32,128,531.998
1024,256,32,256,588.319
1024,256,32,512,719.447
1024,256,32,1024,967.962
1024,256,32,2048,1612.45
1024,256,32,4096,3035.06
1024,256,32,8192,5900.7
1024,256,32,16384,11620.1
1024,256,64,16,671.083
1024,256,64,32,674.997
1024,256,64,64,677.953
1024,256,64,128,802.328
1024,256,64,256,932.602
1024,256,64,512,1168.32
1024,256,64,1024,1763.85
1024,256,64,2048,3160.84
1024,256,64,4096,6015.92
1024,256,64,8192,11662.9
1024,256,64,16384,23109.5
1024,256,128,16,985.03
1024,256,128,32,992.304
1024,256,128,64,1096.34
1024,256,128,128,1342.05
1024,256,128,256,1593.44
1024,256,128,512,2127.32
1024,256,128,1024,3242.21
1024,256,128,2048,5984.32
1024,256,128,4096,11698.1
1024,256,128,8192,23097.6
1024,256,128,16384,45973.5
1024,512,0,0,305.637
1024,512,1,16,302.448
1024,512,1,32,301.509
1024,512,1,64,302.277
1024,512,1,128,303.844
1024,512,1,256,333.552
1024,512,1,512,337.253
1024,512,1,1024,343.259
1024,512,1,2048,373.606
1024,512,1,4096,458.29
1024,512,1,8192,601.161
1024,512,1,16384,853.848
1024,512,2,16,335.078
1024,512,2,32,336.282
1024,512,2,64,335.845
1024,512,2,128,338.299
1024,512,2,256,342.395
1024,512,2,512,350.566
1024,512,2,1024,364.358
1024,512,2,2048,415.73
1024,512,2,4096,512.477
1024,512,2,8192,708.236
1024,512,2,16384,1133.97
1024,512,4,16,348.24
1024,512,4,32,349.062
1024,512,4,64,348.891
1024,512,4,128,354.843
1024,512,4,256,361.627
1024,512,4,512,375.697
1024,512,4,1024,406.631
1024,512,4,2048,485.448
1024,512,4,4096,637.717
1024,512,4,8192,959.429
1024,512,4,16384,1667.9
1024,512,8,16,372.678
1024,512,8,32,375.377
1024,512,8,64,374.097
1024,512,8,128,388.006
1024,512,8,256,401.713
1024,512,8,512,430.524
1024,512,8,1024,485.833
1024,512,8,2048,626.069
1024,512,8,4096,916.955
1024,512,8,8192,1613.9
1024,512,8,16384,3044.86
1024,512,16,16,432.7
1024,512,16,32,423.954
1024,512,16,64,426.78
1024,512,16,128,453.031
1024,512,16,256,481.117
1024,512,16,512,536.489
1024,512,16,1024,652.459
1024,512,16,2048,950.309
1024,512,16,4096,1604.17
1024,512,16,8192,3051.38
1024,512,16,16384,5808.82
1024,512,32,16,527.432
1024,512,32,32,530.248
1024,512,32,64,531.614
1024,512,32,128,585.481
1024,512,32,256,643.253
1024,512,32,512,759.095
1024,512,32,1024,1021.31
1024,512,32,2048,1627.09
1024,512,32,4096,3067.89
1024,512,32,8192,5933.81
1024,512,32,16384,11671
1024,512,64,16,731.82
1024,512,64,32,758.647
1024,512,64,64,738.679
1024,512,64,128,849.412
1024,512,64,256,976.923
1024,512,64,512,1225.16
1024,512,64,1024,1832.38
1024,512,64,2048,3175.66
1024,512,64,4096,6031.7
1024,512,64,8192,11696.9
1024,512,64,16384,23143.7
1024,512,128,16,1160.33
1024,512,128,32,1148.7
1024,512,128,64,1159.29
1024,512,128,128,1397.77
1024,512,128,256,1664.06
1024,512,128,512,2159.14
1024,512,128,1024,3299.89
1024,512,128,2048,6065.59
1024,512,128,4096,11740.8
1024,512,128,8192,23124.8
1024,512,128,16384,45991.6
1024,1024,0,0,418.663
1024,1024,1,16,415.804
1024,1024,1,32,425.191
1024,1024,1,64,424.594
1024,1024,1,128,416.871
1024,1024,1,256,452.029
1024,1024,1,512,455.997
1024,1024,1,1024,465.309
1024,1024,1,2048,484.84
1024,1024,1,4096,572.458
1024,1024,1,8192,720.748
1024,1024,1,16384,1026.24
1024,1024,2,16,460.157
1024,1024,2,32,453.96
1024,1024,2,64,454.824
1024,1024,2,128,460.306
1024,1024,2,256,464.072
1024,1024,2,512,469.15
1024,1024,2,1024,484.179
1024,1024,2,2048,528.734
1024,1024,2,4096,625.269
1024,1024,2,8192,828.973
1024,1024,2,16384,1233.3
1024,1024,4,16,466.045
1024,1024,4,32,465.896
1024,1024,4,64,467.048
1024,1024,4,128,473.768
1024,1024,4,256,482.408
1024,1024,4,512,496.904
1024,1024,4,1024,525.512
1024,1024,4,2048,589.652
1024,1024,4,4096,753.569
1024,1024,4,8192,1083.27
1024,1024,4,16384,1807.4
1024,1024,8,16,491.613
1024,1024,8,32,492.872
1024,1024,8,64,492.563
1024,1024,8,128,508.328
1024,1024,8,256,523.155
1024,1024,8,512,557.203
1024,1024,8,1024,606.185
1024,1024,8,2048,740.161
1024,1024,8,4096,1030.16
1024,1024,8,8192,1680.35
1024,1024,8,16384,3118.81
1024,1024,16,16,541.47
1024,1024,16,32,542.782
1024,1024,16,64,543.188
1024,1024,16,128,571.06
1024,1024,16,256,601.108
1024,1024,16,512,656.885
1024,1024,16,1024,788.375
1024,1024,16,2048,1036.87
1024,1024,16,4096,1671.85
1024,1024,16,8192,3130.25
1024,1024,16,16384,5949.47
1024,1024,32,16,655.232
1024,1024,32,32,649.707
1024,1024,32,64,651.446
1024,1024,32,128,707.094
1024,1024,32,256,764.705
1024,1024,32,512,883.716
1024,1024,32,1024,1160.9
1024,1024,32,2048,1688.28
1024,1024,32,4096,3117.68
1024,1024,32,8192,5973.77
1024,1024,32,16384,11714.5
1024,1024,64,16,858.04
1024,1024,64,32,878.169
1024,1024,64,64,888.676
1024,1024,64,128,970.298
1024,1024,64,256,1098.27
1024,1024,64,512,1336.6
1024,1024,64,1024,1912.52
1024,1024,64,2048,3243.14
1024,1024,64,4096,6072.8
1024,1024,64,8192,11762.8
1024,1024,64,16384,23208
1024,1024,128,16,1146.46
1024,1024,128,32,1212.68
1024,1024,128,64,1314.85
1024,1024,128,128,1515.76
1024,1024,128,256,1776.26
1024,1024,128,512,2287.09
1024,1024,128,1024,3392.45
1024,1024,128,2048,6070.49
1024,1024,128,4096,11782.9
1024,1024,128,8192,23171.3
1024,1024,128,16384,46065.4
1024,2048,0,0,642.4
1024,2048,1,16,641.397
1024,2048,1,32,640.287
1024,2048,1,64,643.893
1024,2048,1,128,654.689
1024,2048,1,256,692.353
1024,2048,1,512,698.176
1024,2048,1,1024,707.115
1024,2048,1,2048,735.115
1024,2048,1,4096,794.061
1024,2048,1,8192,946.021
1024,2048,1,16384,1249.37
1024,2048,2,16,693.089
1024,2048,2,32,691.318
1024,2048,2,64,694.188
1024,2048,2,128,698.604
1024,2048,2,256,700.918
1024,2048,2,512,713.569
1024,2048,2,1024,727.564
1024,2048,2,2048,752.769
1024,2048,2,4096,844.312
1024,2048,2,8192,1080.25
1024,2048,2,16384,1452.5
1024,2048,4,16,707.703
1024,2048,4,32,707.851
1024,2048,4,64,710.636
1024,2048,4,128,721.91
1024,2048,4,256,722.455
1024,2048,4,512,737.185
1024,2048,4,1024,765.537
1024,2048,4,2048,822.478
1024,2048,4,4096,973.456
1024,2048,4,8192,1306.38
1024,2048,4,16384,2012.7
1024,2048,8,16,742.668
1024,2048,8,32,732.396
1024,2048,8,64,733.782
1024,2048,8,128,747.564
1024,2048,8,256,763.553
1024,2048,8,512,794.552
1024,2048,8,1024,863.31
1024,2048,8,2048,963.247
1024,2048,8,4096,1251.03
1024,2048,8,8192,1836.26
1024,2048,8,16384,3267.29
1024,2048,16,16,792.247
1024,2048,16,32,780.705
1024,2048,16,64,781.004
1024,2048,16,128,810.349
1024,2048,16,256,849.752
1024,2048,16,512,901.572
1024,2048,16,1024,1045.45
1024,2048,16,2048,1258.63
1024,2048,16,4096,1814.97
1024,2048,16,8192,3195.97
1024,2048,16,16384,6164.41
1024,2048,32,16,893.24
1024,2048,32,32,890.777
1024,2048,32,64,891.748
1024,2048,32,128,948.548
1024,2048,32,256,1025.39
1024,2048,32,512,1129.81
1024,2048,32,1024,1378.09
1024,2048,32,2048,1882.2
1024,2048,32,4096,3172.94
1024,2048,32,8192,6118.92
1024,2048,32,16384,11852.9
1024,2048,64,16,1093.97
1024,2048,64,32,1098.38
1024,2048,64,64,1101.29
1024,2048,64,128,1215.85
1024,2048,64,256,1341.75
1024,2048,64,512,1581.03
1024,2048,64,1024,2104.42
1024,2048,64,2048,3272.9
1024,2048,64,4096,6150.42
1024,2048,64,8192,11852.6
1024,2048,64,16384,23303.8
1024,2048,128,16,1424.03
1024,2048,128,32,1413.69
1024,2048,128,64,1569.53
1024,2048,128,128,1762.79
1024,2048,128,256,2039.99
1024,2048,128,512,2534.87
1024,2048,128,1024,3560.96
1024,2048,128,2048,6156.45
1024,2048,128,4096,11881.3
1024,2048,128,8192,23336.3
1024,2048,128,16384,46157.5
1024,4096,0,0,1086.38
1024,4096,1,16,1083.13
1024,4096,1,32,1111.35
1024,4096,1,64,1086.58
1024,4096,1,128,1172.54
1024,4096,1,256,1177.49
1024,4096,1,512,1198.55
1024,4096,1,1024,1191.45
1024,4096,1,2048,1208.65
1024,4096,1,4096,1235.08
1024,4096,1,8192,1356.64
1024,4096,1,16384,1689.12
1024,4096,2,16,1180.36
1024,4096,2,32,1181.11
1024,4096,2,64,1186.09
1024,4096,2,128,1188.51
1024,4096,2,256,1195.76
1024,4096,2,512,1232.7
1024,4096,2,1024,1220.02
1024,4096,2,2048,1233.93
1024,4096,2,4096,1273.74
1024,4096,2,8192,1501.57
1024,4096,2,16384,1930.81
1024,4096,4,16,1203.72
1024,4096,4,32,1195.91
1024,4096,4,64,1208.35
1024,4096,4,128,1199.12
1024,4096,4,256,1207.33
1024,4096,4,512,1218.73
1024,4096,4,1024,1279.87
1024,4096,4,2048,1324.78
1024,4096,4,4096,1415.46
1024,4096,4,8192,1790.13
1024,4096,4,16384,2417.09
1024,4096,8,16,1197.04
1024,4096,8,32,1197.9
1024,4096,8,64,1201.13
1024,4096,8,128,1232.28
1024,4096,8,256,1260.35
1024,4096,8,512,1269.62
1024,4096,8,1024,1348.65
1024,4096,8,2048,1450.51
1024,4096,8,4096,1679.55
1024,4096,8,8192,2252.54
1024,4096,8,16384,3594.71
1024,4096,16,16,1277.19
1024,4096,16,32,1244.25
1024,4096,16,64,1238.2
1024,4096,16,128,1281.55
1024,4096,16,256,1316.67
1024,4096,16,512,1377.92
1024,4096,16,1024,1506.22
1024,4096,16,2048,1741.33
1024,4096,16,4096,2210.61
1024,4096,16,8192,3446.74
1024,4096,16,16384,6334.99
1024,4096,32,16,1381.43
1024,4096,32,32,1364.53
1024,4096,32,64,1386.98
1024,4096,32,128,1427.96
1024,4096,32,256,1519.27
1024,4096,32,512,1624.89
1024,4096,32,1024,1874.81
1024,4096,32,2048,2424.76
1024,4096,32,4096,3465.92
1024,4096,32,8192,6289.32
1024,4096,32,16384,12164.7
1024,4096,64,16,1574.94
1024,4096,64,32,1629.12
1024,4096,64,64,1640.21
1024,4096,64,128,1704.66
1024,4096,64,256,1892.52
1024,4096,64,512,2068.49
1024,4096,64,1024,2627.56
1024,4096,64,2048,3653.48
1024,4096,64,4096,6255.05
1024,4096,64,8192,12011.8
1024,4096,64,16384,23467.4
1024,4096,128,16,1798.58
1024,4096,128,32,1889.81
1024,4096,128,64,2065.75
1024,4096,128,128,2249.92
1024,4096,128,256,2491.07
1024,4096,128,512,3098.61
1024,4096,128,1024,3969.51
1024,4096,128,2048,6390.55
1024,4096,128,4096,11998.8
1024,4096,128,8192,23502.3
1024,4096,128,16384,46333.2
1024,8192,0,0,1966.29
1024,8192,1,16,1914.99
1024,8192,1,32,1992.11
1024,8192,1,64,1921.73
1024,8192,1,128,1922.63
1024,8192,1,256,2103.34
1024,8192,1,512,2115.34
1024,8192,1,1024,2120.62
1024,8192,1,2048,2143.89
1024,8192,1,4096,2228.6
1024,8192,1,8192,2308.65
1024,8192,1,16384,2519.58
1024,8192,2,16,2134.87
1024,8192,2,32,2125.04
1024,8192,2,64,2093.04
1024,8192,2,128,2113.85
1024,8192,2,256,2109.05
1024,8192,2,512,2112.25
1024,8192,2,1024,2145.77
1024,8192,2,2048,2192.15
1024,8192,2,4096,2307.08
1024,8192,2,8192,2359
1024,8192,2,16384,2854.08
1024,8192,4,16,2160.78
1024,8192,4,32,2149.61
1024,8192,4,64,2163.77
1024,8192,4,128,2147.35
1024,8192,4,256,2149.04
1024,8192,4,512,2127.19
1024,8192,4,1024,2232.1
1024,8192,4,2048,2274.12
1024,8192,4,4096,2460.01
1024,8192,4,8192,2632.62
1024,8192,4,16384,3286.88
1024,8192,8,16,2105.41
1024,8192,8,32,2114.8
1024,8192,8,64,2132.73
1024,8192,8,128,2115.96
1024,8192,8,256,2190.47
1024,8192,8,512,2177.79
1024,8192,8,1024,2286.07
1024,8192,8,2048,2480.46
1024,8192,8,4096,2730.53
1024,8192,8,8192,3176.02
1024,8192,8,16384,4223.12
1024,8192,16,16,2141.61
1024,8192,16,32,2170.19
1024,8192,16,64,2143.86
1024,8192,16,128,2177.69
1024,8192,16,256,2220.31
1024,8192,16,512,2302.87
1024,8192,16,1024,2529.74
1024,8192,16,2048,2788.43
1024,8192,16,4096,3279.17
1024,8192,16,8192,4261.48
1024,8192,16,16384,6963.03
1024,8192,32,16,2337.73
1024,8192,32,32,2274.34
1024,8192,32,64,2342.69
1024,8192,32,128,2417.06
1024,8192,32,256,2490.05
1024,8192,32,512,2581.28
1024,8192,32,1024,2824.45
1024,8192,32,2048,3313.32
1024,8192,32,4096,4380.43
1024,8192,32,8192,6742.83
1024,8192,32,16384,12606
1024,8192,64,16,2599.2
1024,8192,64,32,2524.82
1024,8192,64,64,2526.21
1024,8192,64,128,2681.54
1024,8192,64,256,2788.96
1024,8192,64,512,3131.14
1024,8192,64,1024,3561.39
1024,8192,64,2048,4537.4
1024,8192,64,4096,6804.84
1024,8192,64,8192,12475.8
1024,8192,64,16384,23975.8
1024,8192,128,16,2829.05
1024,8192,128,32,2750.19
1024,8192,128,64,3123.26
1024,8192,128,128,3337.72
1024,8192,128,256,3621.8
1024,8192,128,512,4073.08
1024,8192,128,1024,4949.36
1024,8192,128,2048,7083.12
1024,8192,128,4096,12325.7
1024,8192,128,8192,23973
1024,8192,128,16384,46808
1024,16384,0,0,3577.84
1024,16384,1,16,3595.59
1024,16384,1,32,3595.75
1024,16384,1,64,3680.21
1024,16384,1,128,4014.56
1024,16384,1,256,4036.78
1024,16384,1,512,3930.42
1024,16384,1,1024,3988.77
1024,16384,1,2048,3984.84
1024,16384,1,4096,4224.41
1024,16384,1,8192,4403.26
1024,16384,1,16384,4415.27
1024,16384,2,16,3984.91
1024,16384,2,32,3982.82
1024,16384,2,64,3980.34
1024,16384,2,128,3931.71
1024,16384,2,256,4039.29
1024,16384,2,512,4048.28
1024,16384,2,1024,3978.13
1024,16384,2,2048,4032.95
1024,16384,2,4096,4341.32
1024,16384,2,8192,4355.33
1024,16384,2,16384,4463.53
1024,16384,4,16,3975.54
1024,16384,4,32,4028.41
1024,16384,4,64,4032.06
1024,16384,4,128,3946.4
1024,16384,4,256,3983.2
1024,16384,4,512,4050.21
1024,16384,4,1024,4011.21
1024,16384,4,2048,4197.94
1024,16384,4,4096,4420.91
1024,16384,4,8192,4719.3
1024,16384,4,16384,5084.22
1024,16384,8,16,4032.28
1024,16384,8,32,3992.77
1024,16384,8,64,3949.42
1024,16384,8,128,4057.95
1024,16384,8,256,3971.1
1024,16384,8,512,4113.96
1024,16384,8,1024,4104.54
1024,16384,8,2048,4383.58
1024,16384,8,4096,4735.35
1024,16384,8,8192,5230.38
1024,16384,8,16384,6250.54
1024,16384,16,16,4072.74
1024,16384,16,32,4011.51
1024,16384,16,64,3960.56
1024,16384,16,128,4112.29
1024,16384,16,256,4045.14
1024,16384,16,512,4124.56
1024,16384,16,1024,4348.92
1024,16384,16,2048,4630.16
1024,16384,16,4096,5176.66
1024,16384,16,8192,6305.03
1024,16384,16,16384,8229.22
1024,16384,32,16,4174.51
1024,16384,32,32,4133.56
1024,16384,32,64,4218.33
1024,16384,32,128,4212.93
1024,16384,32,256,4389.07
1024,16384,32,512,4549.49
1024,16384,32,1024,4829.78
1024,16384,32,2048,5497.89
1024,16384,32,4096,6472.4
1024,16384,32,8192,8267.08
1024,16384,32,16384,13300.7
1024,16384,64,16,4272.93
1024,16384,64,32,4363.09
1024,16384,64,64,4307.65
1024,16384,64,128,4590.03
1024,16384,64,256,4782.82
1024,16384,64,512,5037.69
1024,16384,64,1024,5724.03
1024,16384,64,2048,6725.88
1024,16384,64,4096,8707.95
1024,16384,64,8192,13507.3
1024,16384,64,16384,24796.6
1024,16384,128,16,5008.1
1024,16384,128,32,5073.87
1024,16384,128,64,5067.49
1024,16384,128,128,5277.21
1024,16384,128,256,5512.1
1024,16384,128,512,6254.2
1024,16384,128,1024,7226.47
1024,16384,128,2048,9086.82
1024,16384,128,4096,13767.5
1024,16384,128,8192,24571.3
1024,16384,128,16384,47655.4
2048,0,0,0,582.164
2048,0,1,16,601.961
2048,0,1,32,648.49
2048,0,1,64,622.537
2048,0,1,128,638.677
2048,0,1,256,669.867
2048,0,1,512,639.722
2048,0,1,1024,669.066
2048,0,1,2048,694.997
2048,0,1,4096,770.668
2048,0,1,8192,939.855
2048,0,1,16384,1240.74
2048,0,2,16,661.781
2048,0,2,32,652.362
2048,0,2,64,686.506
2048,0,2,128,672.895
2048,0,2,256,677.685
2048,0,2,512,658.751
2048,0,2,1024,675.786
2048,0,2,2048,711.926
2048,0,2,4096,815.212
2048,0,2,8192,1059.66
2048,0,2,16384,1536.78
2048,0,4,16,678.869
2048,0,4,32,682.527
2048,0,4,64,678.996
2048,0,4,128,689.163
2048,0,4,256,717.696
2048,0,4,512,711.617
2048,0,4,1024,744.46
2048,0,4,2048,835.352
2048,0,4,4096,994.181
2048,0,4,8192,1323.8
2048,0,4,16384,2064.85
2048,0,8,16,727.691
2048,0,8,32,724.779
2048,0,8,64,724.864
2048,0,8,128,739.595
2048,0,8,256,757.174
2048,0,8,512,787.34
2048,0,8,1024,849.784
2048,0,8,2048,965.711
2048,0,8,4096,1293.4
2048,0,8,8192,1883.09
2048,0,8,16384,3365.76
2048,0,16,16,809.826
2048,0,16,32,821.304
2048,0,16,64,819.555
2048,0,16,128,841.602
2048,0,16,256,874.104
2048,0,16,512,915.662
2048,0,16,1024,1043.61
2048,0,16,2048,1329.13
2048,0,16,4096,1891.91
2048,0,16,8192,3296.06
2048,0,16,16384,6192.61
2048,0,32,16,991.385
2048,0,32,32,980.272
2048,0,32,64,1016.13
2048,0,32,128,1034.66
2048,0,32,256,1088.03
2048,0,32,512,1231.76
2048,0,32,1024,1508.13
2048,0,32,2048,2038.56
2048,0,32,4096,3277.17
2048,0,32,8192,6166.46
2048,0,32,16384,11889.8
2048,0,64,16,1260.03
2048,0,64,32,1269.53
2048,0,64,64,1267.24
2048,0,64,128,1400.85
2048,0,64,256,1579.98
2048,0,64,512,1809.37
2048,0,64,1024,2486.46
2048,0,64,2048,3641.67
2048,0,64,4096,6477.24
2048,0,64,8192,12135.9
2048,0,64,16384,23526.6
2048,0,128,16,2042.07
2048,0,128,32,1956.22
2048,0,128,64,2029.67
2048,0,128,128,2292.71
2048,0,128,256,2605.56
2048,0,128,512,3070.28
2048,0,128,1024,4187.94
2048,0,128,2048,6598.94
2048,0,128,4096,12089.8
2048,0,128,8192,23462.4
2048,0,128,16384,46235.7
2048,16,0,0,661.94
2048,16,1,16,667.691
2048,16,1,32,651.114
2048,16,1,64,670.827
2048,16,1,128,672.661
2048,16,1,256,691.958
2048,16,1,512,694.325
2048,16,1,1024,697.035
2048,16,1,2048,723.596
2048,16,1,4096,816.77
2048,16,1,8192,963.194
2048,16,1,16384,1271
2048,16,2,16,720.544
2048,16,2,32,700.448
2048,16,2,64,700.086
2048,16,2,128,698.838
2048,16,2,256,683.67
2048,16,2,512,716.012
2048,16,2,1024,723.596
2048,16,2,2048,762.23
2048,16,2,4096,874.509
2048,16,2,8192,1091.26
2048,16,2,16384,1514.51
2048,16,4,16,723.937
2048,16,4,32,732.545
2048,16,4,64,715.926
2048,16,4,128,719.99
2048,16,4,256,732.865
2048,16,4,512,755.746
2048,16,4,1024,779.638
2048,16,4,2048,866.723
2048,16,4,4096,1009.5
2048,16,4,8192,1355.49
2048,16,4,16384,2051.74
2048,16,8,16,756.267
2048,16,8,32,756.449
2048,16,8,64,756.577
2048,16,8,128,769.932
2048,16,8,256,785.26
2048,16,8,512,819.255
2048,16,8,1024,888.91
2048,16,8,2048,1026.29
2048,16,8,4096,1309.02
2048,16,8,8192,1955.57
2048,16,8,16384,3419.76
2048,16,16,16,862.339
2048,16,16,32,852.067
2048,16,16,64,821.495
2048,16,16,128,872.014
2048,16,16,256,940.153
2048,16,16,512,976.207
2048,16,16,1024,1108.51
2048,16,16,2048,1359.53
2048,16,16,4096,1990.58
2048,16,16,8192,3322.47
2048,16,16,16384,6214.58
2048,16,32,16,1013.82
2048,16,32,32,1008.29
2048,16,32,64,1021.58
2048,16,32,128,1072.25
2048,16,32,256,1161.52
2048,16,32,512,1269.63
2048,16,32,1024,1517.22
2048,16,32,2048,2125.97
2048,16,32,4096,3338.39
2048,16,32,8192,6205.07
2048,16,32,16384,11911.3
2048,16,64,16,1416.97
2048,16,64,32,1370.27
2048,16,64,64,1359.51
2048,16,64,128,1480.68
2048,16,64,256,1628.1
2048,16,64,512,1922.7
2048,16,64,1024,2386.46
2048,16,64,2048,3700.16
2048,16,64,4096,6491.76
2048,16,64,8192,12167.4
2048,16,64,16384,23583.5
2048,16,128,16,1902.07
2048,16,128,32,2106.71
2048,16,128,64,2151.39
2048,16,128,128,2400.5
2048,16,128,256,2681.5
2048,16,128,512,3220.81
2048,16,128,1024,4200.36
2048,16,128,2048,6632.06
2048,16,128,4096,12215
2048,16,128,8192,23502.8
2048,16,128,16384,46217.5
2048,32,0,0,643.977
2048,32,1,16,650.143
2048,32,1,32,663.754
2048,32,1,64,654.154
2048,32,1,128,659.551
2048,32,1,256,686.666
2048,32,1,512,678.71
2048,32,1,1024,705.771
2048,32,1,2048,729.292
2048,32,1,4096,776.119
2048,32,1,8192,979.492
2048,32,1,16384,1254.12
2048,32,2,16,694.539
2048,32,2,32,675.999
2048,32,2,64,693.739
2048,32,2,128,693.685
2048,32,2,256,677.045
2048,32,2,512,718.955
2048,32,2,1024,737.302
2048,32,2,2048,756.833
2048,32,2,4096,853.923
2048,32,2,8192,1095.23
2048,32,2,16384,1538.47
2048,32,4,16,712.46
2048,32,4,32,740.311
2048,32,4,64,714.08
2048,32,4,128,712.609
2048,32,4,256,733.217
2048,32,4,512,725.686
2048,32,4,1024,759.5
2048,32,4,2048,842.883
2048,32,4,4096,1027.05
2048,32,4,8192,1367.2
2048,32,4,16384,2081.23
2048,32,8,16,775.521
2048,32,8,32,755.671
2048,32,8,64,731.361
2048,32,8,128,791.415
2048,32,8,256,798.689
2048,32,8,512,815.97
2048,32,8,1024,874.658
2048,32,8,2048,1011.91
2048,32,8,4096,1311.16
2048,32,8,8192,1946.36
2048,32,8,16384,3398.57
2048,32,16,16,851.811
2048,32,16,32,840.856
2048,32,16,64,852.813
2048,32,16,128,874.274
2048,32,16,256,901.881
2048,32,16,512,970.425
2048,32,16,1024,1096.74
2048,32,16,2048,1359.31
2048,32,16,4096,1937.47
2048,32,16,8192,3317.78
2048,32,16,16384,6226.6
2048,32,32,16,1006.61
2048,32,32,32,1022.69
2048,32,32,64,1023.81
2048,32,32,128,1063.78
2048,32,32,256,1140.73
2048,32,32,512,1261.79
2048,32,32,1024,1512.31
2048,32,32,2048,2080.51
2048,32,32,4096,3332.83
2048,32,32,8192,6179.11
2048,32,32,16384,11903
2048,32,64,16,1277.66
2048,32,64,32,1411.24
2048,32,64,64,1280.9
2048,32,64,128,1479.72
2048,32,64,256,1665.65
2048,32,64,512,1885.82
2048,32,64,1024,2515.53
2048,32,64,2048,3637.48
2048,32,64,4096,6495.65
2048,32,64,8192,12182
2048,32,64,16384,23482.9
2048,32,128,16,1863.72
2048,32,128,32,1941.75
2048,32,128,64,2091.86
2048,32,128,128,2407.75
2048,32,128,256,2600.45
2048,32,128,512,3223.44
2048,32,128,1024,4195.34
2048,32,128,2048,6626.82
2048,32,128,4096,12142.7
2048,32,128,8192,23542.6
2048,32,128,16384,46235.8
2048,64,0,0,649.983
2048,64,1,16,652.095
2048,64,1,32,645.374
2048,64,1,64,651.391
2048,64,1,128,686.314
2048,64,1,256,688.811
2048,64,1,512,722.176
2048,64,1,1024,676.363
2048,64,1,2048,729.675
2048,64,1,4096,800.012
2048,64,1,8192,964.889
2048,64,1,16384,1267.45
2048,64,2,16,670.431
2048,64,2,32,707.307
2048,64,2,64,701.973
2048,64,2,128,701.279
2048,64,2,256,700.415
2048,64,2,512,689.781
2048,64,2,1024,726.145
2048,64,2,2048,757.217
2048,64,2,4096,867.95
2048,64,2,8192,1095.69
2048,64,2,16384,1530.39
2048,64,4,16,713.526
2048,64,4,32,720.32
2048,64,4,64,712.299
2048,64,4,128,728.3
2048,64,4,256,731.521
2048,64,4,512,756.364
2048,64,4,1024,771.489
2048,64,4,2048,809.581
2048,64,4,4096,1061.35
2048,64,4,8192,1406.38
2048,64,4,16384,2102.59
2048,64,8,16,755.681
2048,64,8,32,756.865
2048,64,8,64,762.603
2048,64,8,128,778.326
2048,64,8,256,821.687
2048,64,8,512,802.871
2048,64,8,1024,884.227
2048,64,8,2048,1012.18
2048,64,8,4096,1370.77
2048,64,8,8192,1926.59
2048,64,8,16384,3398.32
2048,64,16,16,853.783
2048,64,16,32,853.005
2048,64,16,64,870.99
2048,64,16,128,873.646
2048,64,16,256,906.381
2048,64,16,512,1002.61
2048,64,16,1024,1087.05
2048,64,16,2048,1368.39
2048,64,16,4096,1936.26
2048,64,16,8192,3316.53
2048,64,16,16384,6246.5
2048,64,32,16,1007.71
2048,64,32,32,1015.39
2048,64,32,64,1041.07
2048,64,32,128,1069
2048,64,32,256,1131.23
2048,64,32,512,1289.75
2048,64,32,1024,1517.65
2048,64,32,2048,2067.95
2048,64,32,4096,3336.8
2048,64,32,8192,6182.2
2048,64,32,16384,11904.6
2048,64,64,16,1352.47
2048,64,64,32,1356.8
2048,64,64,64,1385.59
2048,64,64,128,1475.01
2048,64,64,256,1677.02
2048,64,64,512,1867.15
2048,64,64,1024,2396.78
2048,64,64,2048,3652.74
2048,64,64,4096,6496.71
2048,64,64,8192,12173.4
2048,64,64,16384,23540.9
2048,64,128,16,2095.4
2048,64,128,32,2046.36
2048,64,128,64,2046.35
2048,64,128,128,2390.95
2048,64,128,256,2652.91
2048,64,128,512,3110.81
2048,64,128,1024,4296.6
2048,64,128,2048,6585.54
2048,64,128,4096,12133
2048,64,128,8192,23495.5
2048,64,128,16384,46269.7
2048,128,0,0,638.42
2048,128,1,16,682.89
2048,128,1,32,694.901
2048,128,1,64,687.573
2048,128,1,128,688.65
2048,128,1,256,720.172
2048,128,1,512,721.696
2048,128,1,1024,730.486
2048,128,1,2048,738.582
2048,128,1,4096,856.578
2048,128,1,8192,988.431
2048,128,1,16384,1298.67
2048,128,2,16,724.587
2048,128,2,32,707.584
2048,128,2,64,739.393
2048,128,2,128,734.465
2048,128,2,256,732.246
2048,128,2,512,743.873
2048,128,2,1024,755.777
2048,128,2,2048,806.754
2048,128,2,4096,901.998
2048,128,2,8192,1115.25
2048,128,2,16384,1537.84
2048,128,4,16,745.675
2048,128,4,32,743.084
2048,128,4,64,719.574
2048,128,4,128,732.523
2048,128,4,256,766.401
2048,128,4,512,762.252
2048,128,4,1024,802.263
2048,128,4,2048,893.134
2048,128,4,4096,1066.95
2048,128,4,8192,1420.34
2048,128,4,16384,2125
2048,128,8,16,798.305
2048,128,8,32,767.34
2048,128,8,64,785.868
2048,128,8,128,821.442
2048,128,8,256,823.896
2048,128,8,512,847.683
2048,128,8,1024,883.097
2048,128,8,2048,1077.18
2048,128,8,4096,1354.75
2048,128,8,8192,1973.38
2048,128,8,16384,3407.11
2048,128,16,16,888.334
2048,128,16,32,856.088
2048,128,16,64,884.473
2048,128,16,128,924.324
2048,128,16,256,950.948
2048,128,16,512,1040.45
2048,128,16,1024,1130.71
2048,128,16,2048,1365.6
2048,128,16,4096,1959.51
2048,128,16,8192,3286.11
2048,128,16,16384,6237.2
2048,128,32,16,1039.88
2048,128,32,32,1037.96
2048,128,32,64,1048.83
2048,128,32,128,1094.48
2048,128,32,256,1172.22
2048,128,32,512,1286.69
2048,128,32,1024,1553.26
2048,128,32,2048,2080.3
2048,128,32,4096,3292.96
2048,128,32,8192,6212.35
2048,128,32,16384,11924.5
2048,128,64,16,1300.17
2048,128,64,32,1317.25
2048,128,64,64,1358.71
2048,128,64,128,1445.4
2048,128,64,256,1641.31
2048,128,64,512,1903.18
2048,128,64,1024,2450.44
2048,128,64,2048,3627.55
2048,128,64,4096,6492.23
2048,128,64,8192,12214
2048,128,64,16384,23524.7
2048,128,128,16,1961.98
2048,128,128,32,2133.99
2048,128,128,64,2103.98
2048,128,128,128,2348.76
2048,128,128,256,2717.92
2048,128,128,512,3272.76
2048,128,128,1024,4237.37
2048,128,128,2048,6625.36
2048,128,128,4096,12203.3
2048,128,128,8192,23518.5
2048,128,128,16384,46294
2048,256,0,0,695.381
2048,256,1,16,699.04
2048,256,1,32,736.982
2048,256,1,64,773.857
2048,256,1,128,793.655
2048,256,1,256,784.118
2048,256,1,512,817.986
2048,256,1,1024,806.241
2048,256,1,2048,812.695
2048,256,1,4096,895.278
2048,256,1,8192,1043.3
2048,256,1,16384,1414.06
2048,256,2,16,799.767
2048,256,2,32,789.985
2048,256,2,64,793.175
2048,256,2,128,795.596
2048,256,2,256,785.345
2048,256,2,512,802.167
2048,256,2,1024,834.968
2048,256,2,2048,842.456
2048,256,2,4096,966.692
2048,256,2,8192,1174.95
2048,256,2,16384,1601.77
2048,256,4,16,785.591
2048,256,4,32,809.421
2048,256,4,64,821.474
2048,256,4,128,798.167
2048,256,4,256,819.287
2048,256,4,512,839.02
2048,256,4,1024,897.998
2048,256,4,2048,945.124
2048,256,4,4096,1103.22
2048,256,4,8192,1443.12
2048,256,4,16384,2133.37
2048,256,8,16,848.6
2048,256,8,32,846.435
2048,256,8,64,853.773
2048,256,8,128,836.322
2048,256,8,256,872.077
2048,256,8,512,937.849
2048,256,8,1024,966.319
2048,256,8,2048,1138.31
2048,256,8,4096,1403.17
2048,256,8,8192,1994.2
2048,256,8,16384,3463.34
2048,256,16,16,941.54
2048,256,16,32,958.244
2048,256,16,64,973.018
2048,256,16,128,965.743
2048,256,16,256,992.346
2048,256,16,512,1049.98
2048,256,16,1024,1165.09
2048,256,16,2048,1482.47
2048,256,16,4096,2001.42
2048,256,16,8192,3379.64
2048,256,16,16384,6289.09
2048,256,32,16,1099.93
2048,256,32,32,1131.31
2048,256,32,64,1099.42
2048,256,32,128,1170.82
2048,256,32,256,1229.61
2048,256,32,512,1346.32
2048,256,32,1024,1611.48
2048,256,32,2048,2169.18
2048,256,32,4096,3327.27
2048,256,32,8192,6254.8
2048,256,32,16384,11950.4
2048,256,64,16,1462.27
2048,256,64,32,1459.68
2048,256,64,64,1469.16
2048,256,64,128,1565.57
2048,256,64,256,1759.38
2048,256,64,512,1984.3
2048,256,64,1024,2510.68
2048,256,64,2048,3669.58
2048,256,64,4096,6557.1
2048,256,64,8192,12257.2
2048,256,64,16384,23564
2048,256,128,16,2087.5
2048,256,128,32,2146.21
2048,256,128,64,2164.12
2048,256,128,128,2444.3
2048,256,128,256,2672.7
2048,256,128,512,3233.23
2048,256,128,1024,4349.49
2048,256,128,2048,6681.4
2048,256,128,4096,12258.9
2048,256,128,8192,23565
2048,256,128,16384,46290.3
2048,512,0,0,854.871
2048,512,1,16,877.24
2048,512,1,32,862.403
2048,512,1,64,868.386
2048,512,1,128,865.486
2048,512,1,256,896.675
2048,512,1,512,901.923
2048,512,1,1024,910.861
2048,512,1,2048,896.451
2048,512,1,4096,1027.89
2048,512,1,8192,1164.89
2048,512,1,16384,1485.75
2048,512,2,16,907.672
2048,512,2,32,908.803
2048,512,2,64,911.513
2048,512,2,128,904.952
2048,512,2,256,898.478
2048,512,2,512,919.364
2048,512,2,1024,934.233
2048,512,2,2048,966.671
2048,512,2,4096,1085.82
2048,512,2,8192,1294.77
2048,512,2,16384,1786.92
2048,512,4,16,921.614
2048,512,4,32,930.073
2048,512,4,64,933.081
2048,512,4,128,940.249
2048,512,4,256,941.081
2048,512,4,512,955.375
2048,512,4,1024,950.126
2048,512,4,2048,1025.99
2048,512,4,4096,1206.58
2048,512,4,8192,1586.48
2048,512,4,16384,2230.98
2048,512,8,16,976.175
2048,512,8,32,962.905
2048,512,8,64,1003.61
2048,512,8,128,987.15
2048,512,8,256,1005.5
2048,512,8,512,1039.37
2048,512,8,1024,1135.03
2048,512,8,2048,1234.58
2048,512,8,4096,1520.73
2048,512,8,8192,2173.96
2048,512,8,16384,3568.89
2048,512,16,16,1094.86
2048,512,16,32,1065.12
2048,512,16,64,1064.38
2048,512,16,128,1105.26
2048,512,16,256,1108.83
2048,512,16,512,1183.52
2048,512,16,1024,1294.21
2048,512,16,2048,1632.5
2048,512,16,4096,2113.57
2048,512,16,8192,3389.29
2048,512,16,16384,6371.26
2048,512,32,16,1214.66
2048,512,32,32,1215.87
2048,512,32,64,1217.77
2048,512,32,128,1282.21
2048,512,32,256,1350.84
2048,512,32,512,1483.78
2048,512,32,1024,1711.53
2048,512,32,2048,2261.91
2048,512,32,4096,3420.11
2048,512,32,8192,6295.06
2048,512,32,16384,12002
2048,512,64,16,1477.08
2048,512,64,32,1490.81
2048,512,64,64,1507.08
2048,512,64,128,1613.37
2048,512,64,256,1842.29
2048,512,64,512,2077.84
2048,512,64,1024,2658.35
2048,512,64,2048,3776.59
2048,512,64,4096,6651.34
2048,512,64,8192,12329.7
2048,512,64,16384,23638.9
2048,512,128,16,2306.35
2048,512,128,32,2349.69
2048,512,128,64,2259.75
2048,512,128,128,2554.51
2048,512,128,256,2892.04
2048,512,128,512,3372.87
2048,512,128,1024,4495.77
2048,512,128,2048,6737.24
2048,512,128,4096,12292.5
2048,512,128,8192,23675.4
2048,512,128,16384,46421.7
2048,1024,0,0,1083.93
2048,1024,1,16,1094.48
2048,1024,1,32,1098.25
2048,1024,1,64,1091.6
2048,1024,1,128,1135.92
2048,1024,1,256,1146.1
2048,1024,1,512,1193.34
2048,1024,1,1024,1160.92
2048,1024,1,2048,1181.77
2048,1024,1,4096,1228.08
2048,1024,1,8192,1422.56
2048,1024,1,16384,1733.62
2048,1024,2,16,1145.3
2048,1024,2,32,1142.1
2048,1024,2,64,1145.79
2048,1024,2,128,1142.5
2048,1024,2,256,1164.31
2048,1024,2,512,1171.85
2048,1024,2,1024,1188.86
2048,1024,2,2048,1204.79
2048,1024,2,4096,1305.84
2048,1024,2,8192,1526.41
2048,1024,2,16384,1968.58
2048,1024,4,16,1160.11
2048,1024,4,32,1216
2048,1024,4,64,1175.08
2048,1024,4,128,1177.99
2048,1024,4,256,1182.09
2048,1024,4,512,1209.99
2048,1024,4,1024,1277.29
2048,1024,4,2048,1287.13
2048,1024,4,4096,1456.14
2048,1024,4,8192,1794.68
2048,1024,4,16384,2554.48
2048,1024,8,16,1204.12
2048,1024,8,32,1214.77
2048,1024,8,64,1237.4
2048,1024,8,128,1247.35
2048,1024,8,256,1235.29
2048,1024,8,512,1251.46
2048,1024,8,1024,1344.12
2048,1024,8,2048,1444.64
2048,1024,8,4096,1790.69
2048,1024,8,8192,2410.45
2048,1024,8,16384,3668.23
2048,1024,16,16,1286.97
2048,1024,16,32,1306.88
2048,1024,16,64,1305.58
2048,1024,16,128,1330.74
2048,1024,16,256,1380.41
2048,1024,16,512,1423.65
2048,1024,16,1024,1546.4
2048,1024,16,2048,1794.61
2048,1024,16,4096,2450.61
2048,1024,16,8192,3649.69
2048,1024,16,16384,6518.49
2048,1024,32,16,1507.66
2048,1024,32,32,1492.75
2048,1024,32,64,1452.26
2048,1024,32,128,1527.28
2048,1024,32,256,1574.02
2048,1024,32,512,1754.14
2048,1024,32,1024,1974.68
2048,1024,32,2048,2474.47
2048,1024,32,4096,3616.77
2048,1024,32,8192,6442.28
2048,1024,32,16384,12152.1
2048,1024,64,16,1729.64
2048,1024,64,32,1776.85
2048,1024,64,64,1883.7
2048,1024,64,128,1852
2048,1024,64,256,2110.05
2048,1024,64,512,2417.8
2048,1024,64,1024,2843.18
2048,1024,64,2048,4057.17
2048,1024,64,4096,6803.06
2048,1024,64,8192,12471
2048,1024,64,16384,23809.4
2048,1024,128,16,2506.64
2048,1024,128,32,2508.51
2048,1024,128,64,2521.62
2048,1024,128,128,2881.21
2048,1024,128,256,3141.79
2048,1024,128,512,3550.98
2048,1024,128,1024,4752.18
2048,1024,128,2048,7060.48
2048,1024,128,4096,12507.1
2048,1024,128,8192,23816
2048,1024,128,16384,46594.7
2048,2048,0,0,1551.46
2048,2048,1,16,1677.24
2048,2048,1,32,1561.1
2048,2048,1,64,1554.17
2048,2048,1,128,1612.33
2048,2048,1,256,1629.86
2048,2048,1,512,1617.17
2048,2048,1,1024,1629.13
2048,2048,1,2048,1686.45
2048,2048,1,4096,1700.24
2048,2048,1,8192,1856.66
2048,2048,1,16384,2254.69
2048,2048,2,16,1657.99
2048,2048,2,32,1638.88
2048,2048,2,64,1622.49
2048,2048,2,128,1642.4
2048,2048,2,256,1658.32
2048,2048,2,512,1611.18
2048,2048,2,1024,1657.15
2048,2048,2,2048,1707.55
2048,2048,2,4096,1823.44
2048,2048,2,8192,2015.2
2048,2048,2,16384,2448.58
2048,2048,4,16,1638.39
2048,2048,4,32,1647.23
2048,2048,4,64,1706.35
2048,2048,4,128,1662.97
2048,2048,4,256,1654.45
2048,2048,4,512,1664.61
2048,2048,4,1024,1699.8
2048,2048,4,2048,1794
2048,2048,4,4096,1950.3
2048,2048,4,8192,2348.53
2048,2048,4,16384,3062.47
2048,2048,8,16,1680.37
2048,2048,8,32,1727.29
2048,2048,8,64,1761.6
2048,2048,8,128,1732.93
2048,2048,8,256,1738.42
2048,2048,8,512,1747.63
2048,2048,8,1024,1802.64
2048,2048,8,2048,1940.56
2048,2048,8,4096,2311.52
2048,2048,8,8192,2919.09
2048,2048,8,16384,4175.24
2048,2048,16,16,1843.43
2048,2048,16,32,1830.52
2048,2048,16,64,1820.87
2048,2048,16,128,1797.76
2048,2048,16,256,1836.37
2048,2048,16,512,1937.87
2048,2048,16,1024,2070.09
2048,2048,16,2048,2344.77
2048,2048,16,4096,2957.39
2048,2048,16,8192,4129.53
2048,2048,16,16384,6752.76
2048,2048,32,16,1932.93
2048,2048,32,32,1941.59
2048,2048,32,64,1914.19
2048,2048,32,128,1988.46
2048,2048,32,256,2048.08
2048,2048,32,512,2292.99
2048,2048,32,1024,2441.29
2048,2048,32,2048,2940.3
2048,2048,32,4096,4197.11
2048,2048,32,8192,6632.73
2048,2048,32,16384,12461.2
2048,2048,64,16,2260.79
2048,2048,64,32,2163.95
2048,2048,64,64,2206.48
2048,2048,64,128,2527.02
2048,2048,64,256,2574.53
2048,2048,64,512,2842.25
2048,2048,64,1024,3298.16
2048,2048,64,2048,4547.35
2048,2048,64,4096,7136.93
2048,2048,64,8192,12817.2
2048,2048,64,16384,24192.2
2048,2048,128,16,2968.5
2048,2048,128,32,3039.12
2048,2048,128,64,3143.01
2048,2048,128,128,3355.83
2048,2048,128,256,3506.09
2048,2048,128,512,4106.19
2048,2048,128,1024,5210.94
2048,2048,128,2048,7558.76
2048,2048,128,4096,12803.7
2048,2048,128,8192,24158.2
2048,2048,128,16384,46814
2048,4096,0,0,2485.24
2048,4096,1,16,2480.47
2048,4096,1,32,2525.33
2048,4096,1,64,2645.64
2048,4096,1,128,2632.83
2048,4096,1,256,2577.54
2048,4096,1,512,2714.65
2048,4096,1,1024,2724.42
2048,4096,1,2048,2660.38
2048,4096,1,4096,2737.82
2048,4096,1,8192,2901.7
2048,4096,1,16384,3257.86
2048,4096,2,16,2595.18
2048,4096,2,32,2615.12
2048,4096,2,64,2686.3
2048,4096,2,128,2663.81
2048,4096,2,256,2585.43
2048,4096,2,512,2679.71
2048,4096,2,1024,2620.3
2048,4096,2,2048,2764.75
2048,4096,2,4096,2768.07
2048,4096,2,8192,2939.28
2048,4096,2,16384,3522.42
2048,4096,4,16,2622.67
2048,4096,4,32,2726.47
2048,4096,4,64,2631.99
2048,4096,4,128,2631.67
2048,4096,4,256,2632.37
2048,4096,4,512,2635.83
2048,4096,4,1024,2695.88
2048,4096,4,2048,2774.38
2048,4096,4,4096,2969.03
2048,4096,4,8192,3324.4
2048,4096,4,16384,3881.74
2048,4096,8,16,2756.09
2048,4096,8,32,2687.49
2048,4096,8,64,2748.49
2048,4096,8,128,2771.94
2048,4096,8,256,2740.03
2048,4096,8,512,2837.58
2048,4096,8,1024,2768.56
2048,4096,8,2048,3016.01
2048,4096,8,4096,3140.63
2048,4096,8,8192,3884.82
2048,4096,8,16384,5146.57
2048,4096,16,16,2860.31
2048,4096,16,32,2762.04
2048,4096,16,64,2765.15
2048,4096,16,128,2909.63
2048,4096,16,256,2906.07
2048,4096,16,512,2861.96
2048,4096,16,1024,3112.29
2048,4096,16,2048,3363.52
2048,4096,16,4096,3918.42
2048,4096,16,8192,4858.84
2048,4096,16,16384,7605.94
2048,4096,32,16,2896.68
2048,4096,32,32,2984.91
2048,4096,32,64,3042.56
2048,4096,32,128,3020.5
2048,4096,32,256,2988.34
2048,4096,32,512,3159.65
2048,4096,32,1024,3559.87
2048,4096,32,2048,4104.05
2048,4096,32,4096,5084.46
2048,4096,32,8192,7486.79
2048,4096,32,16384,13145.6
2048,4096,64,16,3378.76
2048,4096,64,32,3318.96
2048,4096,64,64,3400.22
2048,4096,64,128,3525.12
2048,4096,64,256,3527.72
2048,4096,64,512,3884.49
2048,4096,64,1024,4325.36
2048,4096,64,2048,5463.3
2048,4096,64,4096,7853.42
2048,4096,64,8192,13523.2
2048,4096,64,16384,24814.3
2048,4096,128,16,3913
2048,4096,128,32,3840.61
2048,4096,128,64,4129.33
2048,4096,128,128,4363.54
2048,4096,128,256,4633.03
2048,4096,128,512,5084.52
2048,4096,128,1024,6191.03
2048,4096,128,2048,8168.47
2048,4096,128,4096,13608.6
2048,4096,128,8192,24831.1
2048,4096,128,16384,47340.2
2048,8192,0,0,4399.49
2048,8192,1,16,4498.29
2048,8192,1,32,4447.17
2048,8192,1,64,4626.69
2048,8192,1,128,4376.71
2048,8192,1,256,4571.23
2048,8192,1,512,4702.37
2048,8192,1,1024,4694.23
2048,8192,1,2048,4581.81
2048,8192,1,4096,4745.97
2048,8192,1,8192,4833.98
2048,8192,1,16384,5061.65
2048,8192,2,16,4552.57
2048,8192,2,32,4508.3
2048,8192,2,64,4621.07
2048,8192,2,128,4714.37
2048,8192,2,256,4586.89
2048,8192,2,512,4676.59
2048,8192,2,1024,4741.02
2048,8192,2,2048,4724.25
2048,8192,2,4096,4702.69
2048,8192,2,8192,4967.28
2048,8192,2,16384,5436.77
2048,8192,4,16,4538.35
2048,8192,4,32,4693.79
2048,8192,4,64,4759.9
2048,8192,4,128,4705.42
2048,8192,4,256,4577.95
2048,8192,4,512,4754.47
2048,8192,4,1024,4802.81
2048,8192,4,2048,4767.55
2048,8192,4,4096,4947.93
2048,8192,4,8192,5184.41
2048,8192,4,16384,5905.18
2048,8192,8,16,4600.34
2048,8192,8,32,4676.45
2048,8192,8,64,4655.68
2048,8192,8,128,4715.16
2048,8192,8,256,4796.24
2048,8192,8,512,4804.12
2048,8192,8,1024,4945.5
2048,8192,8,2048,4992.72
2048,8192,8,4096,5100.98
2048,8192,8,8192,5869.99
2048,8192,8,16384,7021.56
2048,8192,16,16,4723.25
2048,8192,16,32,4842.68
2048,8192,16,64,4902.12
2048,8192,16,128,4901.39
2048,8192,16,256,4835.67
2048,8192,16,512,4947.55
2048,8192,16,1024,5052.56
2048,8192,16,2048,5365.76
2048,8192,16,4096,5896.05
2048,8192,16,8192,6932.44
2048,8192,16,16384,9202.27
2048,8192,32,16,4915.71
2048,8192,32,32,4699.52
2048,8192,32,64,4796.24
2048,8192,32,128,4945.58
2048,8192,32,256,4847.42
2048,8192,32,512,5211.66
2048,8192,32,1024,5339.88
2048,8192,32,2048,5987.5
2048,8192,32,4096,7067.16
2048,8192,32,8192,9370.74
2048,8192,32,16384,14560.4
2048,8192,64,16,5154.4
2048,8192,64,32,5251.52
2048,8192,64,64,4976.84
2048,8192,64,128,5316.85
2048,8192,64,256,5628.65
2048,8192,64,512,5814.19
2048,8192,64,1024,6409.49
2048,8192,64,2048,7440.77
2048,8192,64,4096,9729.66
2048,8192,64,8192,14886.9
2048,8192,64,16384,26032.5
2048,8192,128,16,5878.77
2048,8192,128,32,5477
2048,8192,128,64,6043
2048,8192,128,128,6287.3
2048,8192,128,256,6608.28
2048,8192,128,512,7166.65
2048,8192,128,1024,8227.34
2048,8192,128,2048,10413.5
2048,8192,128,4096,15237.9
2048,8192,128,8192,26060.5
2048,8192,128,16384,48630.8
2048,16384,0,0,8514.26
2048,16384,1,16,8574.64
2048,16384,1,32,8557.91
2048,16384,1,64,8636.75
2048,16384,1,128,8759.62
2048,16384,1,256,8615.51
2048,16384,1,512,8612.16
2048,16384,1,1024,8706
2048,16384,1,2048,8775.58
2048,16384,1,4096,8819.59
2048,16384,1,8192,8977.78
2048,16384,1,16384,8876.9
2048,16384,2,16,8693.26
2048,16384,2,32,8693
2048,16384,2,64,8792.48
2048,16384,2,128,8768.49
2048,16384,2,256,8736.87
2048,16384,2,512,8692.78
2048,16384,2,1024,8737.51
2048,16384,2,2048,8880.7
2048,16384,2,4096,8855.73
2048,16384,2,8192,8897.76
2048,16384,2,16384,9136.65
2048,16384,4,16,8634.54
2048,16384,4,32,8676.19
2048,16384,4,64,8616.37
2048,16384,4,128,8728.96
2048,16384,4,256,8752.37
2048,16384,4,512,8869.52
2048,16384,4,1024,8893.75
2048,16384,4,2048,8833.38
2048,16384,4,4096,9138.41
2048,16384,4,8192,9169.25
2048,16384,4,16384,9720.73
2048,16384,8,16,8620.25
2048,16384,8,32,8620.3
2048,16384,8,64,8799.93
2048,16384,8,128,8690.32
2048,16384,8,256,8747.59
2048,16384,8,512,8850.97
2048,16384,8,1024,8744.55
2048,16384,8,2048,8844.44
2048,16384,8,4096,9121.83
2048,16384,8,8192,9915.24
2048,16384,8,16384,10783.3
2048,16384,16,16,8805.29
2048,16384,16,32,8969.49
2048,16384,16,64,8703.48
2048,16384,16,128,8707.46
2048,16384,16,256,8839
2048,16384,16,512,8704.02
2048,16384,16,1024,8817.78
2048,16384,16,2048,9067.93
2048,16384,16,4096,9806.46
2048,16384,16,8192,11118.5
2048,16384,16,16384,13223.8
2048,16384,32,16,8557.33
2048,16384,32,32,8605.46
2048,16384,32,64,8610.86
2048,16384,32,128,8676.69
2048,16384,32,256,8717.78
2048,16384,32,512,8862.55
2048,16384,32,1024,9369.43
2048,16384,32,2048,9828.31
2048,16384,32,4096,11136.8
2048,16384,32,8192,13754.7
2048,16384,32,16384,18105.7
2048,16384,64,16,9112.47
2048,16384,64,32,9000.38
2048,16384,64,64,9027
2048,16384,64,128,9110.33
2048,16384,64,256,9246.78
2048,16384,64,512,9505.49
2048,16384,64,1024,10252.1
2048,16384,64,2048,11310.2
2048,16384,64,4096,13659
2048,16384,64,8192,18323.6
2048,16384,64,16384,29162.2
2048,16384,128,16,9667.03
2048,16384,128,32,9715.74
2048,16384,128,64,9771.92
2048,16384,128,128,9986.76
2048,16384,128,256,10301.9
2048,16384,128,512,11010.7
2048,16384,128,1024,12083
2048,16384,128,2048,14419.8
2048,16384,128,4096,19069.9
2048,16384,128,8192,29387.4
2048,16384,128,16384,51141.4
