pc,n_label,skew_rate_label,kv_big_label,kp_label,alpha,n_samples
0,n<=128,sr<=15%,kvB<=16k,kp=0,0.0072,4
0,n<=128,sr<=15%,kvB<=1k,kp=0,0.046,4
0,n<=128,sr<=15%,kvB<=4k,kp=0,0.0069,4
0,n<=128,sr<=40%,kvB<=16k,kp=0,-0.0018,2
0,n<=128,sr<=40%,kvB<=1k,kp=0,0.0752,2
0,n<=128,sr<=40%,kvB<=4k,kp=0,-0.004,2
0,n<=128,sr<=5%,kvB<=16k,kp=0,0.0132,8
0,n<=128,sr<=5%,kvB<=1k,kp=0,0.0227,8
0,n<=128,sr<=5%,kvB<=4k,kp=0,0.0142,8
0,n<=128,sr<=70%,kvB<=16k,kp=0,-0.006,2
0,n<=128,sr<=70%,kvB<=1k,kp=0,0.0668,2
0,n<=128,sr<=70%,kvB<=4k,kp=0,-0.0069,2
0,n<=128,sr>70%,kvB<=16k,kp=0,0.0194,4
0,n<=128,sr>70%,kvB<=1k,kp=0,0.1618,4
0,n<=128,sr>70%,kvB<=4k,kp=0,0.0138,4
0,n<=16,sr<=15%,kvB<=16k,kp=0,0.2503,4
0,n<=16,sr<=15%,kvB<=1k,kp=0,0.2765,4
0,n<=16,sr<=15%,kvB<=4k,kp=0,0.2479,4
0,n<=16,sr<=40%,kvB<=16k,kp=0,0.2167,4
0,n<=16,sr<=40%,kvB<=1k,kp=0,0.2635,4
0,n<=16,sr<=40%,kvB<=4k,kp=0,0.2188,4
0,n<=16,sr<=70%,kvB<=16k,kp=0,0.3592,2
0,n<=16,sr<=70%,kvB<=1k,kp=0,0.4066,2
0,n<=16,sr<=70%,kvB<=4k,kp=0,0.3811,2
0,n<=16,sr>70%,kvB<=16k,kp=0,0.2506,4
0,n<=16,sr>70%,kvB<=1k,kp=0,0.2731,4
0,n<=16,sr>70%,kvB<=4k,kp=0,0.2079,4
0,n<=2,sr<=70%,kvB<=16k,kp=0,0.1044,2
0,n<=2,sr<=70%,kvB<=1k,kp=0,-0.0962,2
0,n<=2,sr<=70%,kvB<=4k,kp=0,-0.4716,2
0,n<=256,sr<=15%,kvB<=16k,kp=0,0.0001,4
0,n<=256,sr<=15%,kvB<=1k,kp=0,0.0483,4
0,n<=256,sr<=15%,kvB<=4k,kp=0,0.0033,4
0,n<=256,sr<=40%,kvB<=16k,kp=0,-0.001,2
0,n<=256,sr<=40%,kvB<=1k,kp=0,0.0883,2
0,n<=256,sr<=40%,kvB<=4k,kp=0,-0.0019,2
0,n<=256,sr<=5%,kvB<=16k,kp=0,0.0013,8
0,n<=256,sr<=5%,kvB<=1k,kp=0,0.0073,8
0,n<=256,sr<=5%,kvB<=4k,kp=0,0.002,8
0,n<=256,sr<=70%,kvB<=16k,kp=0,-0.003,2
0,n<=256,sr<=70%,kvB<=1k,kp=0,0.0905,2
0,n<=256,sr<=70%,kvB<=4k,kp=0,-0.0034,2
0,n<=256,sr>70%,kvB<=16k,kp=0,-0.0045,4
0,n<=256,sr>70%,kvB<=1k,kp=0,0.168,4
0,n<=256,sr>70%,kvB<=4k,kp=0,-0.0083,4
0,n<=32,sr<=15%,kvB<=16k,kp=0,0.1287,6
0,n<=32,sr<=15%,kvB<=1k,kp=0,0.1567,6
0,n<=32,sr<=15%,kvB<=4k,kp=0,0.1294,6
0,n<=32,sr<=40%,kvB<=16k,kp=0,0.116,2
0,n<=32,sr<=40%,kvB<=1k,kp=0,0.1298,2
0,n<=32,sr<=40%,kvB<=4k,kp=0,0.0877,2
0,n<=32,sr<=5%,kvB<=16k,kp=0,0.132,2
0,n<=32,sr<=5%,kvB<=1k,kp=0,0.1349,2
0,n<=32,sr<=5%,kvB<=4k,kp=0,0.1434,2
0,n<=32,sr<=70%,kvB<=16k,kp=0,0.1567,2
0,n<=32,sr<=70%,kvB<=1k,kp=0,0.0214,2
0,n<=32,sr<=70%,kvB<=4k,kp=0,0.135,2
0,n<=32,sr>70%,kvB<=16k,kp=0,0.1831,4
0,n<=32,sr>70%,kvB<=1k,kp=0,0.3411,4
0,n<=32,sr>70%,kvB<=4k,kp=0,0.187,4
0,n<=4,sr<=40%,kvB<=16k,kp=0,0.0127,2
0,n<=4,sr<=40%,kvB<=1k,kp=0,0.0453,4
0,n<=4,sr<=40%,kvB<=4k,kp=0,0.0064,3
0,n<=4,sr<=70%,kvB<=16k,kp=0,-0.0236,2
0,n<=4,sr<=70%,kvB<=1k,kp=0,-0.1821,2
0,n<=4,sr<=70%,kvB<=4k,kp=0,0.0047,2
0,n<=4,sr>70%,kvB<=16k,kp=0,0.2491,2
0,n<=4,sr>70%,kvB<=1k,kp=0,0.2981,2
0,n<=4,sr>70%,kvB<=4k,kp=0,0.4487,2
0,n<=64,sr<=15%,kvB<=16k,kp=0,0.049,4
0,n<=64,sr<=15%,kvB<=1k,kp=0,0.0639,4
0,n<=64,sr<=15%,kvB<=4k,kp=0,0.0465,4
0,n<=64,sr<=40%,kvB<=16k,kp=0,0.0257,2
0,n<=64,sr<=40%,kvB<=1k,kp=0,0.0422,2
0,n<=64,sr<=40%,kvB<=4k,kp=0,0.0261,2
0,n<=64,sr<=5%,kvB<=16k,kp=0,0.0524,6
0,n<=64,sr<=5%,kvB<=1k,kp=0,0.0484,6
0,n<=64,sr<=5%,kvB<=4k,kp=0,0.0553,6
0,n<=64,sr<=70%,kvB<=16k,kp=0,-0.0091,2
0,n<=64,sr<=70%,kvB<=1k,kp=0,-0.0332,2
0,n<=64,sr<=70%,kvB<=4k,kp=0,-0.0096,2
0,n<=64,sr>70%,kvB<=16k,kp=0,0.0225,4
0,n<=64,sr>70%,kvB<=1k,kp=0,0.1094,4
0,n<=64,sr>70%,kvB<=4k,kp=0,0.0269,4
0,n<=8,sr<=15%,kvB<=16k,kp=0,0.1011,2
0,n<=8,sr<=15%,kvB<=1k,kp=0,0.0642,2
0,n<=8,sr<=15%,kvB<=4k,kp=0,0.0669,2
0,n<=8,sr<=40%,kvB<=16k,kp=0,0.0544,4
0,n<=8,sr<=40%,kvB<=1k,kp=0,0.0621,4
0,n<=8,sr<=40%,kvB<=4k,kp=0,0.0195,4
0,n<=8,sr<=70%,kvB<=16k,kp=0,0.0072,2
0,n<=8,sr<=70%,kvB<=1k,kp=0,0.0593,2
0,n<=8,sr<=70%,kvB<=4k,kp=0,0.0141,2
0,n<=8,sr>70%,kvB<=16k,kp=0,0.2863,4
0,n<=8,sr>70%,kvB<=1k,kp=0,0.1899,4
0,n<=8,sr>70%,kvB<=4k,kp=0,0.2655,4
16,n<=128,sr<=15%,kvB<=16k,kp<=1k,0.0007,4
16,n<=128,sr<=15%,kvB<=16k,kp<=2k,0.0009,4
16,n<=128,sr<=15%,kvB<=16k,kp<=4k,0.0007,4
16,n<=128,sr<=15%,kvB<=16k,kp<=512,0.0005,4
16,n<=128,sr<=15%,kvB<=16k,kp<=8k,0.0006,4
16,n<=128,sr<=15%,kvB<=16k,kp=0,0.0012,4
16,n<=128,sr<=15%,kvB<=1k,kp<=1k,0.0429,4
16,n<=128,sr<=15%,kvB<=1k,kp<=2k,0.0363,4
16,n<=128,sr<=15%,kvB<=1k,kp<=4k,0.0377,4
16,n<=128,sr<=15%,kvB<=1k,kp<=512,0.0393,4
16,n<=128,sr<=15%,kvB<=1k,kp<=8k,0.0371,4
16,n<=128,sr<=15%,kvB<=1k,kp=0,0.0426,4
16,n<=128,sr<=15%,kvB<=4k,kp<=1k,0.002,4
16,n<=128,sr<=15%,kvB<=4k,kp<=2k,0.0016,4
16,n<=128,sr<=15%,kvB<=4k,kp<=4k,0.0012,4
16,n<=128,sr<=15%,kvB<=4k,kp<=512,0.0018,4
16,n<=128,sr<=15%,kvB<=4k,kp<=8k,0.0013,4
16,n<=128,sr<=15%,kvB<=4k,kp=0,0.0018,4
16,n<=128,sr<=40%,kvB<=16k,kp<=1k,-0.0017,2
16,n<=128,sr<=40%,kvB<=16k,kp<=2k,-0.0016,2
16,n<=128,sr<=40%,kvB<=16k,kp<=4k,-0.0015,2
16,n<=128,sr<=40%,kvB<=16k,kp<=512,-0.0018,2
16,n<=128,sr<=40%,kvB<=16k,kp<=8k,-0.0016,2
16,n<=128,sr<=40%,kvB<=16k,kp=0,-0.0018,2
16,n<=128,sr<=40%,kvB<=1k,kp<=1k,0.0777,2
16,n<=128,sr<=40%,kvB<=1k,kp<=2k,0.0785,2
16,n<=128,sr<=40%,kvB<=1k,kp<=4k,0.0786,2
16,n<=128,sr<=40%,kvB<=1k,kp<=512,0.0781,2
16,n<=128,sr<=40%,kvB<=1k,kp<=8k,0.0663,2
16,n<=128,sr<=40%,kvB<=1k,kp=0,0.0777,2
16,n<=128,sr<=40%,kvB<=4k,kp<=1k,0.0,2
16,n<=128,sr<=40%,kvB<=4k,kp<=2k,-0.0015,2
16,n<=128,sr<=40%,kvB<=4k,kp<=4k,-0.0009,2
16,n<=128,sr<=40%,kvB<=4k,kp<=512,-0.0014,2
16,n<=128,sr<=40%,kvB<=4k,kp<=8k,0.0013,2
16,n<=128,sr<=40%,kvB<=4k,kp=0,0.0008,2
16,n<=128,sr<=5%,kvB<=16k,kp<=1k,0.0025,8
16,n<=128,sr<=5%,kvB<=16k,kp<=2k,0.0026,8
16,n<=128,sr<=5%,kvB<=16k,kp<=4k,0.0026,8
16,n<=128,sr<=5%,kvB<=16k,kp<=512,0.0023,8
16,n<=128,sr<=5%,kvB<=16k,kp<=8k,0.0021,8
16,n<=128,sr<=5%,kvB<=16k,kp=0,0.0024,8
16,n<=128,sr<=5%,kvB<=1k,kp<=1k,0.007,8
16,n<=128,sr<=5%,kvB<=1k,kp<=2k,0.0084,8
16,n<=128,sr<=5%,kvB<=1k,kp<=4k,0.0079,8
16,n<=128,sr<=5%,kvB<=1k,kp<=512,0.0109,8
16,n<=128,sr<=5%,kvB<=1k,kp<=8k,0.0045,8
16,n<=128,sr<=5%,kvB<=1k,kp=0,0.0098,8
16,n<=128,sr<=5%,kvB<=4k,kp<=1k,0.0025,8
16,n<=128,sr<=5%,kvB<=4k,kp<=2k,0.0025,8
16,n<=128,sr<=5%,kvB<=4k,kp<=4k,0.0015,8
16,n<=128,sr<=5%,kvB<=4k,kp<=512,0.0032,8
16,n<=128,sr<=5%,kvB<=4k,kp<=8k,0.0015,8
16,n<=128,sr<=5%,kvB<=4k,kp=0,0.0033,8
16,n<=128,sr<=70%,kvB<=16k,kp<=1k,-0.004,2
16,n<=128,sr<=70%,kvB<=16k,kp<=2k,-0.0047,2
16,n<=128,sr<=70%,kvB<=16k,kp<=4k,-0.0031,2
16,n<=128,sr<=70%,kvB<=16k,kp<=512,-0.0042,2
16,n<=128,sr<=70%,kvB<=16k,kp<=8k,-0.0003,2
16,n<=128,sr<=70%,kvB<=16k,kp=0,-0.0045,2
16,n<=128,sr<=70%,kvB<=1k,kp<=1k,0.1018,2
16,n<=128,sr<=70%,kvB<=1k,kp<=2k,0.0954,2
16,n<=128,sr<=70%,kvB<=1k,kp<=4k,0.0913,2
16,n<=128,sr<=70%,kvB<=1k,kp<=512,0.1043,2
16,n<=128,sr<=70%,kvB<=1k,kp<=8k,0.0799,2
16,n<=128,sr<=70%,kvB<=1k,kp=0,0.111,2
16,n<=128,sr<=70%,kvB<=4k,kp<=1k,-0.0031,2
16,n<=128,sr<=70%,kvB<=4k,kp<=2k,-0.0021,2
16,n<=128,sr<=70%,kvB<=4k,kp<=4k,0.0048,2
16,n<=128,sr<=70%,kvB<=4k,kp<=512,-0.0036,2
16,n<=128,sr<=70%,kvB<=4k,kp<=8k,0.0066,2
16,n<=128,sr<=70%,kvB<=4k,kp=0,-0.0032,2
16,n<=128,sr>70%,kvB<=16k,kp<=1k,-0.0052,4
16,n<=128,sr>70%,kvB<=16k,kp<=2k,-0.003,4
16,n<=128,sr>70%,kvB<=16k,kp<=4k,0.0003,4
16,n<=128,sr>70%,kvB<=16k,kp<=512,-0.0034,4
16,n<=128,sr>70%,kvB<=16k,kp<=8k,0.0023,4
16,n<=128,sr>70%,kvB<=16k,kp=0,-0.0023,4
16,n<=128,sr>70%,kvB<=1k,kp<=1k,0.0857,4
16,n<=128,sr>70%,kvB<=1k,kp<=2k,0.0806,4
16,n<=128,sr>70%,kvB<=1k,kp<=4k,0.11,4
16,n<=128,sr>70%,kvB<=1k,kp<=512,0.0918,4
16,n<=128,sr>70%,kvB<=1k,kp<=8k,0.127,4
16,n<=128,sr>70%,kvB<=1k,kp=0,0.0823,4
16,n<=128,sr>70%,kvB<=4k,kp<=1k,-0.0055,4
16,n<=128,sr>70%,kvB<=4k,kp<=2k,-0.0041,4
16,n<=128,sr>70%,kvB<=4k,kp<=4k,-0.0058,4
16,n<=128,sr>70%,kvB<=4k,kp<=512,-0.0026,4
16,n<=128,sr>70%,kvB<=4k,kp<=8k,-0.001,4
16,n<=128,sr>70%,kvB<=4k,kp=0,-0.0064,4
16,n<=16,sr<=15%,kvB<=16k,kp<=1k,0.117,4
16,n<=16,sr<=15%,kvB<=16k,kp<=2k,0.0929,4
16,n<=16,sr<=15%,kvB<=16k,kp<=4k,0.0571,4
16,n<=16,sr<=15%,kvB<=16k,kp<=512,0.1263,4
16,n<=16,sr<=15%,kvB<=16k,kp<=8k,0.0129,4
16,n<=16,sr<=15%,kvB<=16k,kp=0,0.114,4
16,n<=16,sr<=15%,kvB<=1k,kp<=1k,0.0478,4
16,n<=16,sr<=15%,kvB<=1k,kp<=2k,0.0675,4
16,n<=16,sr<=15%,kvB<=1k,kp<=4k,0.0705,4
16,n<=16,sr<=15%,kvB<=1k,kp<=512,0.1209,4
16,n<=16,sr<=15%,kvB<=1k,kp<=8k,0.0587,4
16,n<=16,sr<=15%,kvB<=1k,kp=0,0.1427,4
16,n<=16,sr<=15%,kvB<=4k,kp<=1k,0.099,4
16,n<=16,sr<=15%,kvB<=4k,kp<=2k,0.0575,4
16,n<=16,sr<=15%,kvB<=4k,kp<=4k,0.0075,4
16,n<=16,sr<=15%,kvB<=4k,kp<=512,0.1106,4
16,n<=16,sr<=15%,kvB<=4k,kp<=8k,0.0229,4
16,n<=16,sr<=15%,kvB<=4k,kp=0,0.1319,4
16,n<=16,sr<=40%,kvB<=16k,kp<=1k,0.159,4
16,n<=16,sr<=40%,kvB<=16k,kp<=2k,0.1131,4
16,n<=16,sr<=40%,kvB<=16k,kp<=4k,0.0762,4
16,n<=16,sr<=40%,kvB<=16k,kp<=512,0.1903,4
16,n<=16,sr<=40%,kvB<=16k,kp<=8k,0.0328,4
16,n<=16,sr<=40%,kvB<=16k,kp=0,0.1585,4
16,n<=16,sr<=40%,kvB<=1k,kp<=1k,0.0765,4
16,n<=16,sr<=40%,kvB<=1k,kp<=2k,0.0641,4
16,n<=16,sr<=40%,kvB<=1k,kp<=4k,0.0547,4
16,n<=16,sr<=40%,kvB<=1k,kp<=512,0.1291,4
16,n<=16,sr<=40%,kvB<=1k,kp<=8k,0.0627,4
16,n<=16,sr<=40%,kvB<=1k,kp=0,0.1537,4
16,n<=16,sr<=40%,kvB<=4k,kp<=1k,0.1068,4
16,n<=16,sr<=40%,kvB<=4k,kp<=2k,0.0886,4
16,n<=16,sr<=40%,kvB<=4k,kp<=4k,0.0572,4
16,n<=16,sr<=40%,kvB<=4k,kp<=512,0.128,4
16,n<=16,sr<=40%,kvB<=4k,kp<=8k,0.0875,4
16,n<=16,sr<=40%,kvB<=4k,kp=0,0.1615,4
16,n<=16,sr<=70%,kvB<=16k,kp<=1k,0.3575,2
16,n<=16,sr<=70%,kvB<=16k,kp<=2k,0.2667,2
16,n<=16,sr<=70%,kvB<=16k,kp<=4k,0.2349,2
16,n<=16,sr<=70%,kvB<=16k,kp<=512,0.452,2
16,n<=16,sr<=70%,kvB<=16k,kp<=8k,0.2653,2
16,n<=16,sr<=70%,kvB<=16k,kp=0,0.4394,2
16,n<=16,sr<=70%,kvB<=1k,kp<=1k,0.0448,2
16,n<=16,sr<=70%,kvB<=1k,kp<=2k,0.0216,2
16,n<=16,sr<=70%,kvB<=1k,kp<=4k,0.0383,2
16,n<=16,sr<=70%,kvB<=1k,kp<=512,0.0997,2
16,n<=16,sr<=70%,kvB<=1k,kp<=8k,0.1693,2
16,n<=16,sr<=70%,kvB<=1k,kp=0,0.1413,2
16,n<=16,sr<=70%,kvB<=4k,kp<=1k,0.2999,2
16,n<=16,sr<=70%,kvB<=4k,kp<=2k,0.337,2
16,n<=16,sr<=70%,kvB<=4k,kp<=4k,0.2254,2
16,n<=16,sr<=70%,kvB<=4k,kp<=512,0.3198,2
16,n<=16,sr<=70%,kvB<=4k,kp<=8k,0.3088,2
16,n<=16,sr<=70%,kvB<=4k,kp=0,0.321,2
16,n<=16,sr>70%,kvB<=16k,kp<=1k,0.8862,4
16,n<=16,sr>70%,kvB<=16k,kp<=2k,0.6822,4
16,n<=16,sr>70%,kvB<=16k,kp<=4k,0.4578,4
16,n<=16,sr>70%,kvB<=16k,kp<=512,1.1468,4
16,n<=16,sr>70%,kvB<=16k,kp<=8k,0.3675,3
16,n<=16,sr>70%,kvB<=16k,kp=0,1.1608,4
16,n<=16,sr>70%,kvB<=1k,kp<=1k,0.1797,4
16,n<=16,sr>70%,kvB<=1k,kp<=2k,0.1712,4
16,n<=16,sr>70%,kvB<=1k,kp<=4k,0.2118,4
16,n<=16,sr>70%,kvB<=1k,kp<=512,0.1842,4
16,n<=16,sr>70%,kvB<=1k,kp<=8k,0.2469,4
16,n<=16,sr>70%,kvB<=1k,kp=0,0.3927,4
16,n<=16,sr>70%,kvB<=4k,kp<=1k,0.6231,4
16,n<=16,sr>70%,kvB<=4k,kp<=2k,0.7321,4
16,n<=16,sr>70%,kvB<=4k,kp<=4k,0.8616,4
16,n<=16,sr>70%,kvB<=4k,kp<=512,1.0253,4
16,n<=16,sr>70%,kvB<=4k,kp<=8k,0.8309,3
16,n<=16,sr>70%,kvB<=4k,kp=0,1.2403,4
16,n<=2,sr<=70%,kvB<=16k,kp<=1k,0.6152,2
16,n<=2,sr<=70%,kvB<=16k,kp<=2k,0.1598,2
16,n<=2,sr<=70%,kvB<=16k,kp<=4k,0.0717,2
16,n<=2,sr<=70%,kvB<=16k,kp<=512,0.7758,2
16,n<=2,sr<=70%,kvB<=16k,kp<=8k,0.3504,2
16,n<=2,sr<=70%,kvB<=16k,kp=0,0.9705,2
16,n<=2,sr<=70%,kvB<=1k,kp<=1k,0.7207,2
16,n<=2,sr<=70%,kvB<=1k,kp<=2k,0.6642,2
16,n<=2,sr<=70%,kvB<=1k,kp<=4k,0.6003,2
16,n<=2,sr<=70%,kvB<=1k,kp<=512,0.3677,2
16,n<=2,sr<=70%,kvB<=1k,kp<=8k,0.53,2
16,n<=2,sr<=70%,kvB<=1k,kp=0,0.1301,2
16,n<=2,sr<=70%,kvB<=4k,kp<=1k,0.0831,2
16,n<=2,sr<=70%,kvB<=4k,kp<=2k,0.3478,2
16,n<=2,sr<=70%,kvB<=4k,kp<=4k,0.7247,2
16,n<=2,sr<=70%,kvB<=4k,kp<=512,-0.0095,2
16,n<=2,sr<=70%,kvB<=4k,kp<=8k,0.4751,2
16,n<=2,sr<=70%,kvB<=4k,kp=0,0.8062,2
16,n<=32,sr<=15%,kvB<=16k,kp<=1k,0.0588,6
16,n<=32,sr<=15%,kvB<=16k,kp<=2k,0.0501,6
16,n<=32,sr<=15%,kvB<=16k,kp<=4k,0.0385,6
16,n<=32,sr<=15%,kvB<=16k,kp<=512,0.0818,6
16,n<=32,sr<=15%,kvB<=16k,kp<=8k,0.0303,6
16,n<=32,sr<=15%,kvB<=16k,kp=0,0.0798,6
16,n<=32,sr<=15%,kvB<=1k,kp<=1k,0.0614,6
16,n<=32,sr<=15%,kvB<=1k,kp<=2k,0.0567,6
16,n<=32,sr<=15%,kvB<=1k,kp<=4k,0.046,6
16,n<=32,sr<=15%,kvB<=1k,kp<=512,0.0809,6
16,n<=32,sr<=15%,kvB<=1k,kp<=8k,0.0561,6
16,n<=32,sr<=15%,kvB<=1k,kp=0,0.1059,6
16,n<=32,sr<=15%,kvB<=4k,kp<=1k,0.0702,6
16,n<=32,sr<=15%,kvB<=4k,kp<=2k,0.0515,6
16,n<=32,sr<=15%,kvB<=4k,kp<=4k,0.0639,6
16,n<=32,sr<=15%,kvB<=4k,kp<=512,0.0769,6
16,n<=32,sr<=15%,kvB<=4k,kp<=8k,0.0443,6
16,n<=32,sr<=15%,kvB<=4k,kp=0,0.1199,6
16,n<=32,sr<=40%,kvB<=16k,kp<=1k,0.0838,2
16,n<=32,sr<=40%,kvB<=16k,kp<=2k,0.0669,2
16,n<=32,sr<=40%,kvB<=16k,kp<=4k,0.0657,2
16,n<=32,sr<=40%,kvB<=16k,kp<=512,0.0938,2
16,n<=32,sr<=40%,kvB<=16k,kp<=8k,0.0595,2
16,n<=32,sr<=40%,kvB<=16k,kp=0,0.1146,2
16,n<=32,sr<=40%,kvB<=1k,kp<=1k,0.0775,2
16,n<=32,sr<=40%,kvB<=1k,kp<=2k,0.0725,2
16,n<=32,sr<=40%,kvB<=1k,kp<=4k,0.1047,2
16,n<=32,sr<=40%,kvB<=1k,kp<=512,0.0954,2
16,n<=32,sr<=40%,kvB<=1k,kp<=8k,0.1371,2
16,n<=32,sr<=40%,kvB<=1k,kp=0,0.1447,2
16,n<=32,sr<=40%,kvB<=4k,kp<=1k,0.1135,2
16,n<=32,sr<=40%,kvB<=4k,kp<=2k,0.1327,2
16,n<=32,sr<=40%,kvB<=4k,kp<=4k,0.0903,2
16,n<=32,sr<=40%,kvB<=4k,kp<=512,0.1569,2
16,n<=32,sr<=40%,kvB<=4k,kp<=8k,0.0615,2
16,n<=32,sr<=40%,kvB<=4k,kp=0,0.2088,2
16,n<=32,sr<=5%,kvB<=16k,kp<=1k,0.0541,2
16,n<=32,sr<=5%,kvB<=16k,kp<=2k,0.0441,2
16,n<=32,sr<=5%,kvB<=16k,kp<=4k,0.0437,2
16,n<=32,sr<=5%,kvB<=16k,kp<=512,0.0721,2
16,n<=32,sr<=5%,kvB<=16k,kp<=8k,0.0242,2
16,n<=32,sr<=5%,kvB<=16k,kp=0,0.0689,2
16,n<=32,sr<=5%,kvB<=1k,kp<=1k,0.0171,2
16,n<=32,sr<=5%,kvB<=1k,kp<=2k,0.0142,2
16,n<=32,sr<=5%,kvB<=1k,kp<=4k,-0.0006,2
16,n<=32,sr<=5%,kvB<=1k,kp<=512,0.0421,2
16,n<=32,sr<=5%,kvB<=1k,kp<=8k,0.0177,2
16,n<=32,sr<=5%,kvB<=1k,kp=0,0.0578,2
16,n<=32,sr<=5%,kvB<=4k,kp<=1k,0.057,2
16,n<=32,sr<=5%,kvB<=4k,kp<=2k,0.0422,2
16,n<=32,sr<=5%,kvB<=4k,kp<=4k,0.0194,2
16,n<=32,sr<=5%,kvB<=4k,kp<=512,0.0514,2
16,n<=32,sr<=5%,kvB<=4k,kp<=8k,0.0291,2
16,n<=32,sr<=5%,kvB<=4k,kp=0,0.088,2
16,n<=32,sr<=70%,kvB<=16k,kp<=1k,0.1559,2
16,n<=32,sr<=70%,kvB<=16k,kp<=2k,0.151,2
16,n<=32,sr<=70%,kvB<=16k,kp<=4k,0.1225,2
16,n<=32,sr<=70%,kvB<=16k,kp<=512,0.1933,2
16,n<=32,sr<=70%,kvB<=16k,kp<=8k,0.1118,2
16,n<=32,sr<=70%,kvB<=16k,kp=0,0.1861,2
16,n<=32,sr<=70%,kvB<=1k,kp<=1k,0.1527,2
16,n<=32,sr<=70%,kvB<=1k,kp<=2k,0.2087,2
16,n<=32,sr<=70%,kvB<=1k,kp<=4k,0.1891,2
16,n<=32,sr<=70%,kvB<=1k,kp<=512,0.1474,2
16,n<=32,sr<=70%,kvB<=1k,kp<=8k,0.1818,2
16,n<=32,sr<=70%,kvB<=1k,kp=0,0.2472,2
16,n<=32,sr<=70%,kvB<=4k,kp<=1k,0.2114,2
16,n<=32,sr<=70%,kvB<=4k,kp<=2k,0.2504,2
16,n<=32,sr<=70%,kvB<=4k,kp<=4k,0.2261,2
16,n<=32,sr<=70%,kvB<=4k,kp<=512,0.3638,2
16,n<=32,sr<=70%,kvB<=4k,kp<=8k,0.1966,2
16,n<=32,sr<=70%,kvB<=4k,kp=0,0.4528,2
16,n<=32,sr>70%,kvB<=16k,kp<=1k,0.361,4
16,n<=32,sr>70%,kvB<=16k,kp<=2k,0.3707,4
16,n<=32,sr>70%,kvB<=16k,kp<=4k,0.291,4
16,n<=32,sr>70%,kvB<=16k,kp<=512,0.4048,4
16,n<=32,sr>70%,kvB<=16k,kp<=8k,0.2587,4
16,n<=32,sr>70%,kvB<=16k,kp=0,0.4274,4
16,n<=32,sr>70%,kvB<=1k,kp<=1k,0.5271,4
16,n<=32,sr>70%,kvB<=1k,kp<=2k,0.4042,4
16,n<=32,sr>70%,kvB<=1k,kp<=4k,0.4417,4
16,n<=32,sr>70%,kvB<=1k,kp<=512,0.4289,4
16,n<=32,sr>70%,kvB<=1k,kp<=8k,0.5062,4
16,n<=32,sr>70%,kvB<=1k,kp=0,0.9095,4
16,n<=32,sr>70%,kvB<=4k,kp<=1k,0.4806,4
16,n<=32,sr>70%,kvB<=4k,kp<=2k,0.4904,4
16,n<=32,sr>70%,kvB<=4k,kp<=4k,0.5777,4
16,n<=32,sr>70%,kvB<=4k,kp<=512,0.9427,4
16,n<=32,sr>70%,kvB<=4k,kp<=8k,0.4236,4
16,n<=32,sr>70%,kvB<=4k,kp=0,1.1047,4
16,n<=4,sr<=40%,kvB<=16k,kp<=1k,0.3132,2
16,n<=4,sr<=40%,kvB<=16k,kp<=2k,0.2273,2
16,n<=4,sr<=40%,kvB<=16k,kp<=4k,0.2893,2
16,n<=4,sr<=40%,kvB<=16k,kp<=512,0.4273,2
16,n<=4,sr<=40%,kvB<=16k,kp<=8k,0.2187,2
16,n<=4,sr<=40%,kvB<=16k,kp=0,0.52,2
16,n<=4,sr<=40%,kvB<=1k,kp<=1k,0.1731,2
16,n<=4,sr<=40%,kvB<=1k,kp<=2k,0.3318,2
16,n<=4,sr<=40%,kvB<=1k,kp<=4k,0.31,2
16,n<=4,sr<=40%,kvB<=1k,kp<=512,0.2861,2
16,n<=4,sr<=40%,kvB<=1k,kp<=8k,0.2666,2
16,n<=4,sr<=40%,kvB<=1k,kp=0,0.2861,5
16,n<=4,sr<=40%,kvB<=4k,kp<=1k,0.2979,2
16,n<=4,sr<=40%,kvB<=4k,kp<=2k,0.2069,2
16,n<=4,sr<=40%,kvB<=4k,kp<=4k,0.0869,2
16,n<=4,sr<=40%,kvB<=4k,kp<=512,0.2225,2
16,n<=4,sr<=40%,kvB<=4k,kp<=8k,0.162,2
16,n<=4,sr<=40%,kvB<=4k,kp=0,0.3925,3
16,n<=4,sr<=70%,kvB<=16k,kp<=1k,0.6321,2
16,n<=4,sr<=70%,kvB<=16k,kp<=2k,0.3945,2
16,n<=4,sr<=70%,kvB<=16k,kp<=4k,0.1992,2
16,n<=4,sr<=70%,kvB<=16k,kp<=512,0.8085,2
16,n<=4,sr<=70%,kvB<=16k,kp<=8k,0.1222,2
16,n<=4,sr<=70%,kvB<=16k,kp=0,0.9565,2
16,n<=4,sr<=70%,kvB<=1k,kp<=1k,0.0944,2
16,n<=4,sr<=70%,kvB<=1k,kp<=2k,0.5564,2
16,n<=4,sr<=70%,kvB<=1k,kp<=4k,0.5206,2
16,n<=4,sr<=70%,kvB<=1k,kp<=512,0.2923,2
16,n<=4,sr<=70%,kvB<=1k,kp<=8k,0.4894,2
16,n<=4,sr<=70%,kvB<=1k,kp=0,0.2232,4
16,n<=4,sr<=70%,kvB<=4k,kp<=1k,0.128,2
16,n<=4,sr<=70%,kvB<=4k,kp<=2k,0.1659,2
16,n<=4,sr<=70%,kvB<=4k,kp<=4k,0.0719,2
16,n<=4,sr<=70%,kvB<=4k,kp<=512,0.2146,2
16,n<=4,sr<=70%,kvB<=4k,kp<=8k,0.3614,2
16,n<=4,sr<=70%,kvB<=4k,kp=0,0.7374,2
16,n<=4,sr>70%,kvB<=16k,kp<=1k,0.5421,2
16,n<=4,sr>70%,kvB<=16k,kp<=2k,0.1925,2
16,n<=4,sr>70%,kvB<=16k,kp<=4k,-0.0723,2
16,n<=4,sr>70%,kvB<=16k,kp<=512,0.7174,2
16,n<=4,sr>70%,kvB<=16k,kp<=8k,0.201,2
16,n<=4,sr>70%,kvB<=16k,kp=0,0.953,2
16,n<=4,sr>70%,kvB<=1k,kp<=1k,0.682,2
16,n<=4,sr>70%,kvB<=1k,kp<=2k,0.6855,2
16,n<=4,sr>70%,kvB<=1k,kp<=4k,0.7706,2
16,n<=4,sr>70%,kvB<=1k,kp<=512,0.3621,2
16,n<=4,sr>70%,kvB<=1k,kp<=8k,0.7479,2
16,n<=4,sr>70%,kvB<=1k,kp=0,0.0822,2
16,n<=4,sr>70%,kvB<=4k,kp<=1k,-0.1391,2
16,n<=4,sr>70%,kvB<=4k,kp<=2k,0.2583,2
16,n<=4,sr>70%,kvB<=4k,kp<=4k,0.5008,2
16,n<=4,sr>70%,kvB<=4k,kp<=512,-0.052,2
16,n<=4,sr>70%,kvB<=4k,kp<=8k,0.7737,2
16,n<=4,sr>70%,kvB<=4k,kp=0,0.705,2
16,n<=64,sr<=15%,kvB<=16k,kp<=1k,0.0092,4
16,n<=64,sr<=15%,kvB<=16k,kp<=2k,0.0093,4
16,n<=64,sr<=15%,kvB<=16k,kp<=4k,0.0083,4
16,n<=64,sr<=15%,kvB<=16k,kp<=512,0.0087,4
16,n<=64,sr<=15%,kvB<=16k,kp<=8k,0.0065,4
16,n<=64,sr<=15%,kvB<=16k,kp=0,0.009,4
16,n<=64,sr<=15%,kvB<=1k,kp<=1k,0.0332,4
16,n<=64,sr<=15%,kvB<=1k,kp<=2k,0.0346,4
16,n<=64,sr<=15%,kvB<=1k,kp<=4k,0.0362,4
16,n<=64,sr<=15%,kvB<=1k,kp<=512,0.0475,4
16,n<=64,sr<=15%,kvB<=1k,kp<=8k,0.0487,4
16,n<=64,sr<=15%,kvB<=1k,kp=0,0.0411,4
16,n<=64,sr<=15%,kvB<=4k,kp<=1k,0.0106,4
16,n<=64,sr<=15%,kvB<=4k,kp<=2k,0.0084,4
16,n<=64,sr<=15%,kvB<=4k,kp<=4k,0.0014,4
16,n<=64,sr<=15%,kvB<=4k,kp<=512,0.0106,4
16,n<=64,sr<=15%,kvB<=4k,kp<=8k,-0.0019,4
16,n<=64,sr<=15%,kvB<=4k,kp=0,0.0105,4
16,n<=64,sr<=40%,kvB<=16k,kp<=1k,0.0042,2
16,n<=64,sr<=40%,kvB<=16k,kp<=2k,0.0049,2
16,n<=64,sr<=40%,kvB<=16k,kp<=4k,0.005,2
16,n<=64,sr<=40%,kvB<=16k,kp<=512,0.004,2
16,n<=64,sr<=40%,kvB<=16k,kp<=8k,0.004,2
16,n<=64,sr<=40%,kvB<=16k,kp=0,0.0032,2
16,n<=64,sr<=40%,kvB<=1k,kp<=1k,0.0484,2
16,n<=64,sr<=40%,kvB<=1k,kp<=2k,0.0396,2
16,n<=64,sr<=40%,kvB<=1k,kp<=4k,0.0307,2
16,n<=64,sr<=40%,kvB<=1k,kp<=512,0.0498,2
16,n<=64,sr<=40%,kvB<=1k,kp<=8k,0.03,2
16,n<=64,sr<=40%,kvB<=1k,kp=0,0.0448,2
16,n<=64,sr<=40%,kvB<=4k,kp<=1k,-0.0002,2
16,n<=64,sr<=40%,kvB<=4k,kp<=2k,-0.0005,2
16,n<=64,sr<=40%,kvB<=4k,kp<=4k,0.0004,2
16,n<=64,sr<=40%,kvB<=4k,kp<=512,0.0013,2
16,n<=64,sr<=40%,kvB<=4k,kp<=8k,-0.0063,2
16,n<=64,sr<=40%,kvB<=4k,kp=0,-0.001,2
16,n<=64,sr<=5%,kvB<=16k,kp<=1k,0.0113,6
16,n<=64,sr<=5%,kvB<=16k,kp<=2k,0.0111,6
16,n<=64,sr<=5%,kvB<=16k,kp<=4k,0.0111,6
16,n<=64,sr<=5%,kvB<=16k,kp<=512,0.0101,6
16,n<=64,sr<=5%,kvB<=16k,kp<=8k,0.0094,6
16,n<=64,sr<=5%,kvB<=16k,kp=0,0.0108,6
16,n<=64,sr<=5%,kvB<=1k,kp<=1k,0.023,6
16,n<=64,sr<=5%,kvB<=1k,kp<=2k,0.0112,6
16,n<=64,sr<=5%,kvB<=1k,kp<=4k,0.0167,6
16,n<=64,sr<=5%,kvB<=1k,kp<=512,0.0234,6
16,n<=64,sr<=5%,kvB<=1k,kp<=8k,0.0192,6
16,n<=64,sr<=5%,kvB<=1k,kp=0,0.0141,6
16,n<=64,sr<=5%,kvB<=4k,kp<=1k,0.0118,6
16,n<=64,sr<=5%,kvB<=4k,kp<=2k,0.0097,6
16,n<=64,sr<=5%,kvB<=4k,kp<=4k,0.0015,6
16,n<=64,sr<=5%,kvB<=4k,kp<=512,0.0126,6
16,n<=64,sr<=5%,kvB<=4k,kp<=8k,0.002,6
16,n<=64,sr<=5%,kvB<=4k,kp=0,0.012,6
16,n<=64,sr<=70%,kvB<=16k,kp<=1k,-0.0025,2
16,n<=64,sr<=70%,kvB<=16k,kp<=2k,-0.0019,2
16,n<=64,sr<=70%,kvB<=16k,kp<=4k,-0.0027,2
16,n<=64,sr<=70%,kvB<=16k,kp<=512,-0.0021,2
16,n<=64,sr<=70%,kvB<=16k,kp<=8k,0.0035,2
16,n<=64,sr<=70%,kvB<=16k,kp=0,-0.0023,2
16,n<=64,sr<=70%,kvB<=1k,kp<=1k,-0.0044,2
16,n<=64,sr<=70%,kvB<=1k,kp<=2k,-0.0093,2
16,n<=64,sr<=70%,kvB<=1k,kp<=4k,0.0013,2
16,n<=64,sr<=70%,kvB<=1k,kp<=512,-0.004,2
16,n<=64,sr<=70%,kvB<=1k,kp<=8k,0.0115,2
16,n<=64,sr<=70%,kvB<=1k,kp=0,0.001,2
16,n<=64,sr<=70%,kvB<=4k,kp<=1k,0.0005,2
16,n<=64,sr<=70%,kvB<=4k,kp<=2k,-0.0005,2
16,n<=64,sr<=70%,kvB<=4k,kp<=4k,0.0002,2
16,n<=64,sr<=70%,kvB<=4k,kp<=512,-0.0029,2
16,n<=64,sr<=70%,kvB<=4k,kp<=8k,-0.0053,2
16,n<=64,sr<=70%,kvB<=4k,kp=0,-0.0013,2
16,n<=64,sr>70%,kvB<=16k,kp<=1k,-0.0046,4
16,n<=64,sr>70%,kvB<=16k,kp<=2k,-0.0094,4
16,n<=64,sr>70%,kvB<=16k,kp<=4k,-0.0024,4
16,n<=64,sr>70%,kvB<=16k,kp<=512,-0.0079,4
16,n<=64,sr>70%,kvB<=16k,kp<=8k,-0.0009,4
16,n<=64,sr>70%,kvB<=16k,kp=0,-0.006,4
16,n<=64,sr>70%,kvB<=1k,kp<=1k,0.048,4
16,n<=64,sr>70%,kvB<=1k,kp<=2k,0.0641,4
16,n<=64,sr>70%,kvB<=1k,kp<=4k,0.0521,4
16,n<=64,sr>70%,kvB<=1k,kp<=512,0.0769,4
16,n<=64,sr>70%,kvB<=1k,kp<=8k,0.1506,4
16,n<=64,sr>70%,kvB<=1k,kp=0,0.0508,4
16,n<=64,sr>70%,kvB<=4k,kp<=1k,-0.0161,4
16,n<=64,sr>70%,kvB<=4k,kp<=2k,-0.0018,4
16,n<=64,sr>70%,kvB<=4k,kp<=4k,-0.009,4
16,n<=64,sr>70%,kvB<=4k,kp<=512,-0.0144,4
16,n<=64,sr>70%,kvB<=4k,kp<=8k,0.0096,4
16,n<=64,sr>70%,kvB<=4k,kp=0,-0.0133,4
16,n<=8,sr<=15%,kvB<=16k,kp<=1k,0.1934,2
16,n<=8,sr<=15%,kvB<=16k,kp<=2k,0.1745,2
16,n<=8,sr<=15%,kvB<=16k,kp<=4k,0.1665,2
16,n<=8,sr<=15%,kvB<=16k,kp<=512,0.2009,2
16,n<=8,sr<=15%,kvB<=16k,kp<=8k,0.0905,2
16,n<=8,sr<=15%,kvB<=16k,kp=0,0.2235,2
16,n<=8,sr<=15%,kvB<=1k,kp<=1k,0.0427,2
16,n<=8,sr<=15%,kvB<=1k,kp<=2k,0.1276,2
16,n<=8,sr<=15%,kvB<=1k,kp<=4k,0.1014,2
16,n<=8,sr<=15%,kvB<=1k,kp<=512,0.1918,2
16,n<=8,sr<=15%,kvB<=1k,kp<=8k,0.0956,2
16,n<=8,sr<=15%,kvB<=1k,kp=0,0.2438,5
16,n<=8,sr<=15%,kvB<=4k,kp<=1k,0.1902,2
16,n<=8,sr<=15%,kvB<=4k,kp<=2k,0.1007,2
16,n<=8,sr<=15%,kvB<=4k,kp<=4k,-0.0512,2
16,n<=8,sr<=15%,kvB<=4k,kp<=512,0.1832,2
16,n<=8,sr<=15%,kvB<=4k,kp<=8k,0.0108,2
16,n<=8,sr<=15%,kvB<=4k,kp=0,0.2191,3
16,n<=8,sr<=40%,kvB<=16k,kp<=1k,0.2557,4
16,n<=8,sr<=40%,kvB<=16k,kp<=2k,0.1918,4
16,n<=8,sr<=40%,kvB<=16k,kp<=4k,0.1217,4
16,n<=8,sr<=40%,kvB<=16k,kp<=512,0.2871,4
16,n<=8,sr<=40%,kvB<=16k,kp<=8k,0.1427,4
16,n<=8,sr<=40%,kvB<=16k,kp=0,0.3212,4
16,n<=8,sr<=40%,kvB<=1k,kp<=1k,0.069,4
16,n<=8,sr<=40%,kvB<=1k,kp<=2k,0.0533,4
16,n<=8,sr<=40%,kvB<=1k,kp<=4k,0.103,4
16,n<=8,sr<=40%,kvB<=1k,kp<=512,0.1973,4
16,n<=8,sr<=40%,kvB<=1k,kp<=8k,0.094,4
16,n<=8,sr<=40%,kvB<=1k,kp=0,0.2274,4
16,n<=8,sr<=40%,kvB<=4k,kp<=1k,0.1188,4
16,n<=8,sr<=40%,kvB<=4k,kp<=2k,0.1378,4
16,n<=8,sr<=40%,kvB<=4k,kp<=4k,-0.0035,4
16,n<=8,sr<=40%,kvB<=4k,kp<=512,0.1465,4
16,n<=8,sr<=40%,kvB<=4k,kp<=8k,-0.0285,4
16,n<=8,sr<=40%,kvB<=4k,kp=0,0.2782,4
16,n<=8,sr<=70%,kvB<=16k,kp<=1k,0.3824,2
16,n<=8,sr<=70%,kvB<=16k,kp<=2k,0.3024,2
16,n<=8,sr<=70%,kvB<=16k,kp<=4k,0.1835,2
16,n<=8,sr<=70%,kvB<=16k,kp<=512,0.3496,2
16,n<=8,sr<=70%,kvB<=16k,kp<=8k,0.106,2
16,n<=8,sr<=70%,kvB<=16k,kp=0,0.338,2
16,n<=8,sr<=70%,kvB<=1k,kp<=1k,0.0267,2
16,n<=8,sr<=70%,kvB<=1k,kp<=2k,-0.0834,2
16,n<=8,sr<=70%,kvB<=1k,kp<=4k,0.1089,2
16,n<=8,sr<=70%,kvB<=1k,kp<=512,0.1472,2
16,n<=8,sr<=70%,kvB<=1k,kp<=8k,0.0693,2
16,n<=8,sr<=70%,kvB<=1k,kp=0,0.1991,2
16,n<=8,sr<=70%,kvB<=4k,kp<=1k,0.0857,2
16,n<=8,sr<=70%,kvB<=4k,kp<=2k,0.1105,2
16,n<=8,sr<=70%,kvB<=4k,kp<=4k,-0.0217,2
16,n<=8,sr<=70%,kvB<=4k,kp<=512,0.1834,2
16,n<=8,sr<=70%,kvB<=4k,kp<=8k,-0.127,2
16,n<=8,sr<=70%,kvB<=4k,kp=0,0.337,2
16,n<=8,sr>70%,kvB<=16k,kp<=1k,0.8777,4
16,n<=8,sr>70%,kvB<=16k,kp<=2k,0.622,4
16,n<=8,sr>70%,kvB<=16k,kp<=4k,0.2199,4
16,n<=8,sr>70%,kvB<=16k,kp<=512,0.9966,4
16,n<=8,sr>70%,kvB<=16k,kp<=8k,0.2272,4
16,n<=8,sr>70%,kvB<=16k,kp=0,1.0268,4
16,n<=8,sr>70%,kvB<=1k,kp<=1k,0.2755,4
16,n<=8,sr>70%,kvB<=1k,kp<=2k,0.2299,4
16,n<=8,sr>70%,kvB<=1k,kp<=4k,0.081,4
16,n<=8,sr>70%,kvB<=1k,kp<=512,0.177,4
16,n<=8,sr>70%,kvB<=1k,kp<=8k,0.3879,4
16,n<=8,sr>70%,kvB<=1k,kp=0,0.4464,4
16,n<=8,sr>70%,kvB<=4k,kp<=1k,0.0632,4
16,n<=8,sr>70%,kvB<=4k,kp<=2k,-0.0205,4
16,n<=8,sr>70%,kvB<=4k,kp<=4k,0.1212,4
16,n<=8,sr>70%,kvB<=4k,kp<=512,0.4191,4
16,n<=8,sr>70%,kvB<=4k,kp<=8k,0.1336,4
16,n<=8,sr>70%,kvB<=4k,kp=0,0.778,4
32,n<=128,sr<=15%,kvB<=16k,kp<=1k,0.0003,4
32,n<=128,sr<=15%,kvB<=16k,kp<=2k,0.0009,4
32,n<=128,sr<=15%,kvB<=16k,kp<=4k,0.001,4
32,n<=128,sr<=15%,kvB<=16k,kp<=512,0.001,4
32,n<=128,sr<=15%,kvB<=16k,kp<=8k,0.0006,4
32,n<=128,sr<=15%,kvB<=16k,kp=0,0.0004,4
32,n<=128,sr<=15%,kvB<=1k,kp<=1k,0.0406,4
32,n<=128,sr<=15%,kvB<=1k,kp<=2k,0.0375,4
32,n<=128,sr<=15%,kvB<=1k,kp<=4k,0.0435,4
32,n<=128,sr<=15%,kvB<=1k,kp<=512,0.0389,4
32,n<=128,sr<=15%,kvB<=1k,kp<=8k,0.0358,4
32,n<=128,sr<=15%,kvB<=1k,kp=0,0.0464,4
32,n<=128,sr<=15%,kvB<=4k,kp<=1k,0.0016,4
32,n<=128,sr<=15%,kvB<=4k,kp<=2k,0.0016,4
32,n<=128,sr<=15%,kvB<=4k,kp<=4k,0.0011,4
32,n<=128,sr<=15%,kvB<=4k,kp<=512,0.0017,4
32,n<=128,sr<=15%,kvB<=4k,kp<=8k,0.0003,4
32,n<=128,sr<=15%,kvB<=4k,kp=0,0.0014,4
32,n<=128,sr<=40%,kvB<=16k,kp<=1k,-0.0009,2
32,n<=128,sr<=40%,kvB<=16k,kp<=2k,-0.0014,2
32,n<=128,sr<=40%,kvB<=16k,kp<=4k,-0.0014,2
32,n<=128,sr<=40%,kvB<=16k,kp<=512,-0.0013,2
32,n<=128,sr<=40%,kvB<=16k,kp<=8k,-0.0013,2
32,n<=128,sr<=40%,kvB<=16k,kp=0,-0.0015,2
32,n<=128,sr<=40%,kvB<=1k,kp<=1k,0.0796,2
32,n<=128,sr<=40%,kvB<=1k,kp<=2k,0.0739,2
32,n<=128,sr<=40%,kvB<=1k,kp<=4k,0.0756,2
32,n<=128,sr<=40%,kvB<=1k,kp<=512,0.0772,2
32,n<=128,sr<=40%,kvB<=1k,kp<=8k,0.0753,2
32,n<=128,sr<=40%,kvB<=1k,kp=0,0.0824,2
32,n<=128,sr<=40%,kvB<=4k,kp<=1k,-0.0002,2
32,n<=128,sr<=40%,kvB<=4k,kp<=2k,0.0,2
32,n<=128,sr<=40%,kvB<=4k,kp<=4k,-0.0002,2
32,n<=128,sr<=40%,kvB<=4k,kp<=512,0.0007,2
32,n<=128,sr<=40%,kvB<=4k,kp<=8k,0.0028,2
32,n<=128,sr<=40%,kvB<=4k,kp=0,0.0005,2
32,n<=128,sr<=5%,kvB<=16k,kp<=1k,0.0024,8
32,n<=128,sr<=5%,kvB<=16k,kp<=2k,0.0024,8
32,n<=128,sr<=5%,kvB<=16k,kp<=4k,0.0024,8
32,n<=128,sr<=5%,kvB<=16k,kp<=512,0.0026,8
32,n<=128,sr<=5%,kvB<=16k,kp<=8k,0.0021,8
32,n<=128,sr<=5%,kvB<=16k,kp=0,0.0022,8
32,n<=128,sr<=5%,kvB<=1k,kp<=1k,0.0079,8
32,n<=128,sr<=5%,kvB<=1k,kp<=2k,0.0067,8
32,n<=128,sr<=5%,kvB<=1k,kp<=4k,0.0141,8
32,n<=128,sr<=5%,kvB<=1k,kp<=512,0.0112,8
32,n<=128,sr<=5%,kvB<=1k,kp<=8k,0.01,8
32,n<=128,sr<=5%,kvB<=1k,kp=0,0.0154,8
32,n<=128,sr<=5%,kvB<=4k,kp<=1k,0.0028,8
32,n<=128,sr<=5%,kvB<=4k,kp<=2k,0.0024,8
32,n<=128,sr<=5%,kvB<=4k,kp<=4k,0.0017,8
32,n<=128,sr<=5%,kvB<=4k,kp<=512,0.0031,8
32,n<=128,sr<=5%,kvB<=4k,kp<=8k,0.0017,8
32,n<=128,sr<=5%,kvB<=4k,kp=0,0.0027,8
32,n<=128,sr<=70%,kvB<=16k,kp<=1k,-0.0042,2
32,n<=128,sr<=70%,kvB<=16k,kp<=2k,-0.004,2
32,n<=128,sr<=70%,kvB<=16k,kp<=4k,-0.0032,2
32,n<=128,sr<=70%,kvB<=16k,kp<=512,-0.004,2
32,n<=128,sr<=70%,kvB<=16k,kp<=8k,-0.0009,2
32,n<=128,sr<=70%,kvB<=16k,kp=0,-0.0048,2
32,n<=128,sr<=70%,kvB<=1k,kp<=1k,0.1019,2
32,n<=128,sr<=70%,kvB<=1k,kp<=2k,0.0853,2
32,n<=128,sr<=70%,kvB<=1k,kp<=4k,0.0943,2
32,n<=128,sr<=70%,kvB<=1k,kp<=512,0.1002,2
32,n<=128,sr<=70%,kvB<=1k,kp<=8k,0.0849,2
32,n<=128,sr<=70%,kvB<=1k,kp=0,0.1071,2
32,n<=128,sr<=70%,kvB<=4k,kp<=1k,-0.0041,2
32,n<=128,sr<=70%,kvB<=4k,kp<=2k,-0.0009,2
32,n<=128,sr<=70%,kvB<=4k,kp<=4k,0.0061,2
32,n<=128,sr<=70%,kvB<=4k,kp<=512,-0.0047,2
32,n<=128,sr<=70%,kvB<=4k,kp<=8k,0.0066,2
32,n<=128,sr<=70%,kvB<=4k,kp=0,-0.0049,2
32,n<=128,sr>70%,kvB<=16k,kp<=1k,-0.0057,4
32,n<=128,sr>70%,kvB<=16k,kp<=2k,-0.0035,4
32,n<=128,sr>70%,kvB<=16k,kp<=4k,-0.0026,4
32,n<=128,sr>70%,kvB<=16k,kp<=512,-0.0033,4
32,n<=128,sr>70%,kvB<=16k,kp<=8k,0.0011,4
32,n<=128,sr>70%,kvB<=16k,kp=0,-0.0061,4
32,n<=128,sr>70%,kvB<=1k,kp<=1k,0.0817,4
32,n<=128,sr>70%,kvB<=1k,kp<=2k,0.0867,4
32,n<=128,sr>70%,kvB<=1k,kp<=4k,0.1141,4
32,n<=128,sr>70%,kvB<=1k,kp<=512,0.0999,4
32,n<=128,sr>70%,kvB<=1k,kp<=8k,0.1064,4
32,n<=128,sr>70%,kvB<=1k,kp=0,0.0985,4
32,n<=128,sr>70%,kvB<=4k,kp<=1k,-0.0006,4
32,n<=128,sr>70%,kvB<=4k,kp<=2k,0.0001,4
32,n<=128,sr>70%,kvB<=4k,kp<=4k,-0.0057,4
32,n<=128,sr>70%,kvB<=4k,kp<=512,-0.003,4
32,n<=128,sr>70%,kvB<=4k,kp<=8k,-0.0009,4
32,n<=128,sr>70%,kvB<=4k,kp=0,-0.005,4
32,n<=16,sr<=15%,kvB<=16k,kp<=1k,0.1152,4
32,n<=16,sr<=15%,kvB<=16k,kp<=2k,0.093,4
32,n<=16,sr<=15%,kvB<=16k,kp<=4k,0.0586,4
32,n<=16,sr<=15%,kvB<=16k,kp<=512,0.1291,4
32,n<=16,sr<=15%,kvB<=16k,kp<=8k,0.02,4
32,n<=16,sr<=15%,kvB<=16k,kp=0,0.1127,4
32,n<=16,sr<=15%,kvB<=1k,kp<=1k,0.0471,4
32,n<=16,sr<=15%,kvB<=1k,kp<=2k,0.0662,4
32,n<=16,sr<=15%,kvB<=1k,kp<=4k,0.0723,4
32,n<=16,sr<=15%,kvB<=1k,kp<=512,0.1201,4
32,n<=16,sr<=15%,kvB<=1k,kp<=8k,0.061,4
32,n<=16,sr<=15%,kvB<=1k,kp=0,0.1392,4
32,n<=16,sr<=15%,kvB<=4k,kp<=1k,0.1031,4
32,n<=16,sr<=15%,kvB<=4k,kp<=2k,0.0594,4
32,n<=16,sr<=15%,kvB<=4k,kp<=4k,0.0059,4
32,n<=16,sr<=15%,kvB<=4k,kp<=512,0.1103,4
32,n<=16,sr<=15%,kvB<=4k,kp<=8k,0.0254,4
32,n<=16,sr<=15%,kvB<=4k,kp=0,0.1293,4
32,n<=16,sr<=40%,kvB<=16k,kp<=1k,0.1475,4
32,n<=16,sr<=40%,kvB<=16k,kp<=2k,0.1079,4
32,n<=16,sr<=40%,kvB<=16k,kp<=4k,0.0713,4
32,n<=16,sr<=40%,kvB<=16k,kp<=512,0.181,4
32,n<=16,sr<=40%,kvB<=16k,kp<=8k,0.0359,4
32,n<=16,sr<=40%,kvB<=16k,kp=0,0.1703,4
32,n<=16,sr<=40%,kvB<=1k,kp<=1k,0.0745,4
32,n<=16,sr<=40%,kvB<=1k,kp<=2k,0.0663,4
32,n<=16,sr<=40%,kvB<=1k,kp<=4k,0.0484,4
32,n<=16,sr<=40%,kvB<=1k,kp<=512,0.1302,4
32,n<=16,sr<=40%,kvB<=1k,kp<=8k,0.0637,4
32,n<=16,sr<=40%,kvB<=1k,kp=0,0.1533,4
32,n<=16,sr<=40%,kvB<=4k,kp<=1k,0.1049,4
32,n<=16,sr<=40%,kvB<=4k,kp<=2k,0.0834,4
32,n<=16,sr<=40%,kvB<=4k,kp<=4k,0.0551,4
32,n<=16,sr<=40%,kvB<=4k,kp<=512,0.1287,4
32,n<=16,sr<=40%,kvB<=4k,kp<=8k,0.0871,4
32,n<=16,sr<=40%,kvB<=4k,kp=0,0.1642,4
32,n<=16,sr<=70%,kvB<=16k,kp<=1k,0.3645,2
32,n<=16,sr<=70%,kvB<=16k,kp<=2k,0.2587,2
32,n<=16,sr<=70%,kvB<=16k,kp<=4k,0.1947,2
32,n<=16,sr<=70%,kvB<=16k,kp<=512,0.4154,2
32,n<=16,sr<=70%,kvB<=16k,kp<=8k,0.2386,2
32,n<=16,sr<=70%,kvB<=16k,kp=0,0.4289,2
32,n<=16,sr<=70%,kvB<=1k,kp<=1k,0.0395,2
32,n<=16,sr<=70%,kvB<=1k,kp<=2k,0.0127,2
32,n<=16,sr<=70%,kvB<=1k,kp<=4k,0.0647,2
32,n<=16,sr<=70%,kvB<=1k,kp<=512,0.094,2
32,n<=16,sr<=70%,kvB<=1k,kp<=8k,0.1563,2
32,n<=16,sr<=70%,kvB<=1k,kp=0,0.1269,2
32,n<=16,sr<=70%,kvB<=4k,kp<=1k,0.2829,2
32,n<=16,sr<=70%,kvB<=4k,kp<=2k,0.3571,2
32,n<=16,sr<=70%,kvB<=4k,kp<=4k,0.2555,2
32,n<=16,sr<=70%,kvB<=4k,kp<=512,0.3574,2
32,n<=16,sr<=70%,kvB<=4k,kp<=8k,0.3712,2
32,n<=16,sr<=70%,kvB<=4k,kp=0,0.3315,2
32,n<=16,sr>70%,kvB<=16k,kp<=1k,0.9128,4
32,n<=16,sr>70%,kvB<=16k,kp<=2k,0.6234,4
32,n<=16,sr>70%,kvB<=16k,kp<=4k,0.406,4
32,n<=16,sr>70%,kvB<=16k,kp<=512,1.0525,4
32,n<=16,sr>70%,kvB<=16k,kp<=8k,0.4478,3
32,n<=16,sr>70%,kvB<=16k,kp=0,1.1232,4
32,n<=16,sr>70%,kvB<=1k,kp<=1k,0.1967,4
32,n<=16,sr>70%,kvB<=1k,kp<=2k,0.1657,4
32,n<=16,sr>70%,kvB<=1k,kp<=4k,0.2177,4
32,n<=16,sr>70%,kvB<=1k,kp<=512,0.1764,4
32,n<=16,sr>70%,kvB<=1k,kp<=8k,0.2546,4
32,n<=16,sr>70%,kvB<=1k,kp=0,0.3774,4
32,n<=16,sr>70%,kvB<=4k,kp<=1k,0.6999,4
32,n<=16,sr>70%,kvB<=4k,kp<=2k,0.7624,4
32,n<=16,sr>70%,kvB<=4k,kp<=4k,0.9085,4
32,n<=16,sr>70%,kvB<=4k,kp<=512,1.0735,4
32,n<=16,sr>70%,kvB<=4k,kp<=8k,0.8365,3
32,n<=16,sr>70%,kvB<=4k,kp=0,1.3165,4
32,n<=2,sr<=70%,kvB<=16k,kp<=1k,0.6036,2
32,n<=2,sr<=70%,kvB<=16k,kp<=2k,0.1502,2
32,n<=2,sr<=70%,kvB<=16k,kp<=4k,0.0742,2
32,n<=2,sr<=70%,kvB<=16k,kp<=512,0.7386,2
32,n<=2,sr<=70%,kvB<=16k,kp<=8k,0.35,2
32,n<=2,sr<=70%,kvB<=16k,kp=0,0.9716,2
32,n<=2,sr<=70%,kvB<=1k,kp<=1k,0.7349,2
32,n<=2,sr<=70%,kvB<=1k,kp<=2k,0.6904,2
32,n<=2,sr<=70%,kvB<=1k,kp<=4k,0.5945,2
32,n<=2,sr<=70%,kvB<=1k,kp<=512,0.3932,2
32,n<=2,sr<=70%,kvB<=1k,kp<=8k,0.3542,2
32,n<=2,sr<=70%,kvB<=1k,kp=0,0.0632,2
32,n<=2,sr<=70%,kvB<=4k,kp<=1k,0.0805,2
32,n<=2,sr<=70%,kvB<=4k,kp<=2k,0.3443,2
32,n<=2,sr<=70%,kvB<=4k,kp<=4k,0.7241,2
32,n<=2,sr<=70%,kvB<=4k,kp<=512,-0.0137,2
32,n<=2,sr<=70%,kvB<=4k,kp<=8k,0.419,2
32,n<=2,sr<=70%,kvB<=4k,kp=0,0.8097,2
32,n<=32,sr<=15%,kvB<=16k,kp<=1k,0.0585,6
32,n<=32,sr<=15%,kvB<=16k,kp<=2k,0.0489,6
32,n<=32,sr<=15%,kvB<=16k,kp<=4k,0.0387,6
32,n<=32,sr<=15%,kvB<=16k,kp<=512,0.0784,6
32,n<=32,sr<=15%,kvB<=16k,kp<=8k,0.0294,6
32,n<=32,sr<=15%,kvB<=16k,kp=0,0.0807,6
32,n<=32,sr<=15%,kvB<=1k,kp<=1k,0.0614,6
32,n<=32,sr<=15%,kvB<=1k,kp<=2k,0.0589,6
32,n<=32,sr<=15%,kvB<=1k,kp<=4k,0.043,6
32,n<=32,sr<=15%,kvB<=1k,kp<=512,0.0808,6
32,n<=32,sr<=15%,kvB<=1k,kp<=8k,0.0682,6
32,n<=32,sr<=15%,kvB<=1k,kp=0,0.1047,6
32,n<=32,sr<=15%,kvB<=4k,kp<=1k,0.0763,6
32,n<=32,sr<=15%,kvB<=4k,kp<=2k,0.0511,6
32,n<=32,sr<=15%,kvB<=4k,kp<=4k,0.0627,6
32,n<=32,sr<=15%,kvB<=4k,kp<=512,0.0795,6
32,n<=32,sr<=15%,kvB<=4k,kp<=8k,0.0501,6
32,n<=32,sr<=15%,kvB<=4k,kp=0,0.123,6
32,n<=32,sr<=40%,kvB<=16k,kp<=1k,0.0859,2
32,n<=32,sr<=40%,kvB<=16k,kp<=2k,0.064,2
32,n<=32,sr<=40%,kvB<=16k,kp<=4k,0.0712,2
32,n<=32,sr<=40%,kvB<=16k,kp<=512,0.0976,2
32,n<=32,sr<=40%,kvB<=16k,kp<=8k,0.0574,2
32,n<=32,sr<=40%,kvB<=16k,kp=0,0.1036,2
32,n<=32,sr<=40%,kvB<=1k,kp<=1k,0.0758,2
32,n<=32,sr<=40%,kvB<=1k,kp<=2k,0.0772,2
32,n<=32,sr<=40%,kvB<=1k,kp<=4k,0.0942,2
32,n<=32,sr<=40%,kvB<=1k,kp<=512,0.0938,2
32,n<=32,sr<=40%,kvB<=1k,kp<=8k,0.1267,2
32,n<=32,sr<=40%,kvB<=1k,kp=0,0.1452,2
32,n<=32,sr<=40%,kvB<=4k,kp<=1k,0.1051,2
32,n<=32,sr<=40%,kvB<=4k,kp<=2k,0.1324,2
32,n<=32,sr<=40%,kvB<=4k,kp<=4k,0.0928,2
32,n<=32,sr<=40%,kvB<=4k,kp<=512,0.1714,2
32,n<=32,sr<=40%,kvB<=4k,kp<=8k,0.0772,2
32,n<=32,sr<=40%,kvB<=4k,kp=0,0.2227,2
32,n<=32,sr<=5%,kvB<=16k,kp<=1k,0.0507,2
32,n<=32,sr<=5%,kvB<=16k,kp<=2k,0.0451,2
32,n<=32,sr<=5%,kvB<=16k,kp<=4k,0.0398,2
32,n<=32,sr<=5%,kvB<=16k,kp<=512,0.0732,2
32,n<=32,sr<=5%,kvB<=16k,kp<=8k,0.0228,2
32,n<=32,sr<=5%,kvB<=16k,kp=0,0.0593,2
32,n<=32,sr<=5%,kvB<=1k,kp<=1k,0.0159,2
32,n<=32,sr<=5%,kvB<=1k,kp<=2k,0.0135,2
32,n<=32,sr<=5%,kvB<=1k,kp<=4k,0.0007,2
32,n<=32,sr<=5%,kvB<=1k,kp<=512,0.0416,2
32,n<=32,sr<=5%,kvB<=1k,kp<=8k,0.017,2
32,n<=32,sr<=5%,kvB<=1k,kp=0,0.0574,2
32,n<=32,sr<=5%,kvB<=4k,kp<=1k,0.057,2
32,n<=32,sr<=5%,kvB<=4k,kp<=2k,0.0412,2
32,n<=32,sr<=5%,kvB<=4k,kp<=4k,0.0225,2
32,n<=32,sr<=5%,kvB<=4k,kp<=512,0.0492,2
32,n<=32,sr<=5%,kvB<=4k,kp<=8k,0.0207,2
32,n<=32,sr<=5%,kvB<=4k,kp=0,0.0868,2
32,n<=32,sr<=70%,kvB<=16k,kp<=1k,0.175,2
32,n<=32,sr<=70%,kvB<=16k,kp<=2k,0.1452,2
32,n<=32,sr<=70%,kvB<=16k,kp<=4k,0.1353,2
32,n<=32,sr<=70%,kvB<=16k,kp<=512,0.1927,2
32,n<=32,sr<=70%,kvB<=16k,kp<=8k,0.1193,2
32,n<=32,sr<=70%,kvB<=16k,kp=0,0.1886,2
32,n<=32,sr<=70%,kvB<=1k,kp<=1k,0.1542,2
32,n<=32,sr<=70%,kvB<=1k,kp<=2k,0.1842,2
32,n<=32,sr<=70%,kvB<=1k,kp<=4k,0.19,2
32,n<=32,sr<=70%,kvB<=1k,kp<=512,0.1601,2
32,n<=32,sr<=70%,kvB<=1k,kp<=8k,0.1914,2
32,n<=32,sr<=70%,kvB<=1k,kp=0,0.2539,2
32,n<=32,sr<=70%,kvB<=4k,kp<=1k,0.2064,2
32,n<=32,sr<=70%,kvB<=4k,kp<=2k,0.2494,2
32,n<=32,sr<=70%,kvB<=4k,kp<=4k,0.201,2
32,n<=32,sr<=70%,kvB<=4k,kp<=512,0.3683,2
32,n<=32,sr<=70%,kvB<=4k,kp<=8k,0.2262,2
32,n<=32,sr<=70%,kvB<=4k,kp=0,0.4642,2
32,n<=32,sr>70%,kvB<=16k,kp<=1k,0.3602,4
32,n<=32,sr>70%,kvB<=16k,kp<=2k,0.3888,4
32,n<=32,sr>70%,kvB<=16k,kp<=4k,0.3091,4
32,n<=32,sr>70%,kvB<=16k,kp<=512,0.4155,4
32,n<=32,sr>70%,kvB<=16k,kp<=8k,0.2517,4
32,n<=32,sr>70%,kvB<=16k,kp=0,0.4556,4
32,n<=32,sr>70%,kvB<=1k,kp<=1k,0.4742,4
32,n<=32,sr>70%,kvB<=1k,kp<=2k,0.3861,4
32,n<=32,sr>70%,kvB<=1k,kp<=4k,0.3947,4
32,n<=32,sr>70%,kvB<=1k,kp<=512,0.4589,4
32,n<=32,sr>70%,kvB<=1k,kp<=8k,0.5126,4
32,n<=32,sr>70%,kvB<=1k,kp=0,0.8985,4
32,n<=32,sr>70%,kvB<=4k,kp<=1k,0.4831,4
32,n<=32,sr>70%,kvB<=4k,kp<=2k,0.4707,4
32,n<=32,sr>70%,kvB<=4k,kp<=4k,0.5542,4
32,n<=32,sr>70%,kvB<=4k,kp<=512,0.9084,4
32,n<=32,sr>70%,kvB<=4k,kp<=8k,0.3827,4
32,n<=32,sr>70%,kvB<=4k,kp=0,1.191,4
32,n<=4,sr<=40%,kvB<=16k,kp<=1k,0.3025,2
32,n<=4,sr<=40%,kvB<=16k,kp<=2k,0.222,2
32,n<=4,sr<=40%,kvB<=16k,kp<=4k,0.2875,2
32,n<=4,sr<=40%,kvB<=16k,kp<=512,0.4181,2
32,n<=4,sr<=40%,kvB<=16k,kp<=8k,0.2186,2
32,n<=4,sr<=40%,kvB<=16k,kp=0,0.5232,2
32,n<=4,sr<=40%,kvB<=1k,kp<=1k,0.1685,2
32,n<=4,sr<=40%,kvB<=1k,kp<=2k,0.3342,2
32,n<=4,sr<=40%,kvB<=1k,kp<=4k,0.3153,2
32,n<=4,sr<=40%,kvB<=1k,kp<=512,0.2936,2
32,n<=4,sr<=40%,kvB<=1k,kp<=8k,0.2685,2
32,n<=4,sr<=40%,kvB<=1k,kp=0,0.2831,2
32,n<=4,sr<=40%,kvB<=4k,kp<=1k,0.2926,2
32,n<=4,sr<=40%,kvB<=4k,kp<=2k,0.2108,2
32,n<=4,sr<=40%,kvB<=4k,kp<=4k,0.0868,2
32,n<=4,sr<=40%,kvB<=4k,kp<=512,0.2206,2
32,n<=4,sr<=40%,kvB<=4k,kp<=8k,0.1647,2
32,n<=4,sr<=40%,kvB<=4k,kp=0,0.4225,2
32,n<=4,sr<=70%,kvB<=16k,kp<=1k,0.6311,2
32,n<=4,sr<=70%,kvB<=16k,kp<=2k,0.3701,2
32,n<=4,sr<=70%,kvB<=16k,kp<=4k,0.1751,2
32,n<=4,sr<=70%,kvB<=16k,kp<=512,0.7948,2
32,n<=4,sr<=70%,kvB<=16k,kp<=8k,0.1239,2
32,n<=4,sr<=70%,kvB<=16k,kp=0,0.9555,2
32,n<=4,sr<=70%,kvB<=1k,kp<=1k,0.091,2
32,n<=4,sr<=70%,kvB<=1k,kp<=2k,0.55,2
32,n<=4,sr<=70%,kvB<=1k,kp<=4k,0.5171,2
32,n<=4,sr<=70%,kvB<=1k,kp<=512,0.3036,2
32,n<=4,sr<=70%,kvB<=1k,kp<=8k,0.4819,2
32,n<=4,sr<=70%,kvB<=1k,kp=0,0.1881,2
32,n<=4,sr<=70%,kvB<=4k,kp<=1k,0.1256,2
32,n<=4,sr<=70%,kvB<=4k,kp<=2k,0.1709,2
32,n<=4,sr<=70%,kvB<=4k,kp<=4k,0.0824,2
32,n<=4,sr<=70%,kvB<=4k,kp<=512,0.1986,2
32,n<=4,sr<=70%,kvB<=4k,kp<=8k,0.3618,2
32,n<=4,sr<=70%,kvB<=4k,kp=0,0.7395,2
32,n<=4,sr>70%,kvB<=16k,kp<=1k,0.5242,2
32,n<=4,sr>70%,kvB<=16k,kp<=2k,0.1726,2
32,n<=4,sr>70%,kvB<=16k,kp<=4k,-0.0891,2
32,n<=4,sr>70%,kvB<=16k,kp<=512,0.686,2
32,n<=4,sr>70%,kvB<=16k,kp<=8k,0.1836,2
32,n<=4,sr>70%,kvB<=16k,kp=0,0.9518,2
32,n<=4,sr>70%,kvB<=1k,kp<=1k,0.6689,2
32,n<=4,sr>70%,kvB<=1k,kp<=2k,0.6751,2
32,n<=4,sr>70%,kvB<=1k,kp<=4k,0.7378,2
32,n<=4,sr>70%,kvB<=1k,kp<=512,0.3865,2
32,n<=4,sr>70%,kvB<=1k,kp<=8k,0.7235,2
32,n<=4,sr>70%,kvB<=1k,kp=0,0.1088,2
32,n<=4,sr>70%,kvB<=4k,kp<=1k,-0.1284,2
32,n<=4,sr>70%,kvB<=4k,kp<=2k,0.2592,2
32,n<=4,sr>70%,kvB<=4k,kp<=4k,0.5423,2
32,n<=4,sr>70%,kvB<=4k,kp<=512,-0.0092,2
32,n<=4,sr>70%,kvB<=4k,kp<=8k,0.7776,2
32,n<=4,sr>70%,kvB<=4k,kp=0,0.6674,2
32,n<=64,sr<=15%,kvB<=16k,kp<=1k,0.0085,4
32,n<=64,sr<=15%,kvB<=16k,kp<=2k,0.0089,4
32,n<=64,sr<=15%,kvB<=16k,kp<=4k,0.0104,4
32,n<=64,sr<=15%,kvB<=16k,kp<=512,0.0082,4
32,n<=64,sr<=15%,kvB<=16k,kp<=8k,0.0078,4
32,n<=64,sr<=15%,kvB<=16k,kp=0,0.0078,4
32,n<=64,sr<=15%,kvB<=1k,kp<=1k,0.0469,4
32,n<=64,sr<=15%,kvB<=1k,kp<=2k,0.0438,4
32,n<=64,sr<=15%,kvB<=1k,kp<=4k,0.0332,4
32,n<=64,sr<=15%,kvB<=1k,kp<=512,0.051,4
32,n<=64,sr<=15%,kvB<=1k,kp<=8k,0.0333,4
32,n<=64,sr<=15%,kvB<=1k,kp=0,0.0529,4
32,n<=64,sr<=15%,kvB<=4k,kp<=1k,0.0109,4
32,n<=64,sr<=15%,kvB<=4k,kp<=2k,0.0088,4
32,n<=64,sr<=15%,kvB<=4k,kp<=4k,0.0014,4
32,n<=64,sr<=15%,kvB<=4k,kp<=512,0.0109,4
32,n<=64,sr<=15%,kvB<=4k,kp<=8k,-0.0001,4
32,n<=64,sr<=15%,kvB<=4k,kp=0,0.0094,4
32,n<=64,sr<=40%,kvB<=16k,kp<=1k,0.0053,2
32,n<=64,sr<=40%,kvB<=16k,kp<=2k,0.0065,2
32,n<=64,sr<=40%,kvB<=16k,kp<=4k,0.005,2
32,n<=64,sr<=40%,kvB<=16k,kp<=512,0.0051,2
32,n<=64,sr<=40%,kvB<=16k,kp<=8k,0.0025,2
32,n<=64,sr<=40%,kvB<=16k,kp=0,0.0048,2
32,n<=64,sr<=40%,kvB<=1k,kp<=1k,0.0425,2
32,n<=64,sr<=40%,kvB<=1k,kp<=2k,0.0336,2
32,n<=64,sr<=40%,kvB<=1k,kp<=4k,0.0276,2
32,n<=64,sr<=40%,kvB<=1k,kp<=512,0.0443,2
32,n<=64,sr<=40%,kvB<=1k,kp<=8k,0.0514,2
32,n<=64,sr<=40%,kvB<=1k,kp=0,0.044,2
32,n<=64,sr<=40%,kvB<=4k,kp<=1k,0.001,2
32,n<=64,sr<=40%,kvB<=4k,kp<=2k,0.0001,2
32,n<=64,sr<=40%,kvB<=4k,kp<=4k,-0.0008,2
32,n<=64,sr<=40%,kvB<=4k,kp<=512,0.0018,2
32,n<=64,sr<=40%,kvB<=4k,kp<=8k,-0.0051,2
32,n<=64,sr<=40%,kvB<=4k,kp=0,-0.0007,2
32,n<=64,sr<=5%,kvB<=16k,kp<=1k,0.0112,6
32,n<=64,sr<=5%,kvB<=16k,kp<=2k,0.0117,6
32,n<=64,sr<=5%,kvB<=16k,kp<=4k,0.0124,6
32,n<=64,sr<=5%,kvB<=16k,kp<=512,0.011,6
32,n<=64,sr<=5%,kvB<=16k,kp<=8k,0.0087,6
32,n<=64,sr<=5%,kvB<=16k,kp=0,0.0106,6
32,n<=64,sr<=5%,kvB<=1k,kp<=1k,0.0195,6
32,n<=64,sr<=5%,kvB<=1k,kp<=2k,0.0195,6
32,n<=64,sr<=5%,kvB<=1k,kp<=4k,0.0095,6
32,n<=64,sr<=5%,kvB<=1k,kp<=512,0.0244,6
32,n<=64,sr<=5%,kvB<=1k,kp<=8k,0.0094,6
32,n<=64,sr<=5%,kvB<=1k,kp=0,0.0168,6
32,n<=64,sr<=5%,kvB<=4k,kp<=1k,0.0119,6
32,n<=64,sr<=5%,kvB<=4k,kp<=2k,0.0104,6
32,n<=64,sr<=5%,kvB<=4k,kp<=4k,0.0023,6
32,n<=64,sr<=5%,kvB<=4k,kp<=512,0.0135,6
32,n<=64,sr<=5%,kvB<=4k,kp<=8k,0.0026,6
32,n<=64,sr<=5%,kvB<=4k,kp=0,0.0116,6
32,n<=64,sr<=70%,kvB<=16k,kp<=1k,-0.0003,2
32,n<=64,sr<=70%,kvB<=16k,kp<=2k,-0.0025,2
32,n<=64,sr<=70%,kvB<=16k,kp<=4k,-0.0012,2
32,n<=64,sr<=70%,kvB<=16k,kp<=512,-0.003,2
32,n<=64,sr<=70%,kvB<=16k,kp<=8k,-0.0003,2
32,n<=64,sr<=70%,kvB<=16k,kp=0,-0.0018,2
32,n<=64,sr<=70%,kvB<=1k,kp<=1k,0.0125,2
32,n<=64,sr<=70%,kvB<=1k,kp<=2k,-0.0231,2
32,n<=64,sr<=70%,kvB<=1k,kp<=4k,0.0088,2
32,n<=64,sr<=70%,kvB<=1k,kp<=512,-0.0016,2
32,n<=64,sr<=70%,kvB<=1k,kp<=8k,0.0181,2
32,n<=64,sr<=70%,kvB<=1k,kp=0,0.0002,2
32,n<=64,sr<=70%,kvB<=4k,kp<=1k,-0.0007,2
32,n<=64,sr<=70%,kvB<=4k,kp<=2k,0.0004,2
32,n<=64,sr<=70%,kvB<=4k,kp<=4k,-0.0019,2
32,n<=64,sr<=70%,kvB<=4k,kp<=512,-0.0003,2
32,n<=64,sr<=70%,kvB<=4k,kp<=8k,0.004,2
32,n<=64,sr<=70%,kvB<=4k,kp=0,-0.0019,2
32,n<=64,sr>70%,kvB<=16k,kp<=1k,-0.0117,4
32,n<=64,sr>70%,kvB<=16k,kp<=2k,-0.0066,4
32,n<=64,sr>70%,kvB<=16k,kp<=4k,-0.0016,4
32,n<=64,sr>70%,kvB<=16k,kp<=512,-0.0076,4
32,n<=64,sr>70%,kvB<=16k,kp<=8k,0.0036,4
32,n<=64,sr>70%,kvB<=16k,kp=0,-0.0083,4
32,n<=64,sr>70%,kvB<=1k,kp<=1k,0.0486,4
32,n<=64,sr>70%,kvB<=1k,kp<=2k,0.0735,4
32,n<=64,sr>70%,kvB<=1k,kp<=4k,0.1121,4
32,n<=64,sr>70%,kvB<=1k,kp<=512,0.061,4
32,n<=64,sr>70%,kvB<=1k,kp<=8k,0.1126,4
32,n<=64,sr>70%,kvB<=1k,kp=0,0.0725,4
32,n<=64,sr>70%,kvB<=4k,kp<=1k,-0.0118,4
32,n<=64,sr>70%,kvB<=4k,kp<=2k,-0.008,4
32,n<=64,sr>70%,kvB<=4k,kp<=4k,-0.0025,4
32,n<=64,sr>70%,kvB<=4k,kp<=512,-0.0188,4
32,n<=64,sr>70%,kvB<=4k,kp<=8k,0.0076,4
32,n<=64,sr>70%,kvB<=4k,kp=0,-0.0119,4
32,n<=8,sr<=15%,kvB<=16k,kp<=1k,0.1869,2
32,n<=8,sr<=15%,kvB<=16k,kp<=2k,0.1728,2
32,n<=8,sr<=15%,kvB<=16k,kp<=4k,0.1583,2
32,n<=8,sr<=15%,kvB<=16k,kp<=512,0.1987,2
32,n<=8,sr<=15%,kvB<=16k,kp<=8k,0.0914,2
32,n<=8,sr<=15%,kvB<=16k,kp=0,0.2231,2
32,n<=8,sr<=15%,kvB<=1k,kp<=1k,0.0457,2
32,n<=8,sr<=15%,kvB<=1k,kp<=2k,0.1206,2
32,n<=8,sr<=15%,kvB<=1k,kp<=4k,0.0985,2
32,n<=8,sr<=15%,kvB<=1k,kp<=512,0.1916,2
32,n<=8,sr<=15%,kvB<=1k,kp<=8k,0.1003,2
32,n<=8,sr<=15%,kvB<=1k,kp=0,0.2305,2
32,n<=8,sr<=15%,kvB<=4k,kp<=1k,0.19,2
32,n<=8,sr<=15%,kvB<=4k,kp<=2k,0.0986,2
32,n<=8,sr<=15%,kvB<=4k,kp<=4k,-0.0446,2
32,n<=8,sr<=15%,kvB<=4k,kp<=512,0.1827,2
32,n<=8,sr<=15%,kvB<=4k,kp<=8k,0.0101,2
32,n<=8,sr<=15%,kvB<=4k,kp=0,0.2215,2
32,n<=8,sr<=40%,kvB<=16k,kp<=1k,0.2646,4
32,n<=8,sr<=40%,kvB<=16k,kp<=2k,0.1973,4
32,n<=8,sr<=40%,kvB<=16k,kp<=4k,0.1185,4
32,n<=8,sr<=40%,kvB<=16k,kp<=512,0.2932,4
32,n<=8,sr<=40%,kvB<=16k,kp<=8k,0.1454,4
32,n<=8,sr<=40%,kvB<=16k,kp=0,0.3241,4
32,n<=8,sr<=40%,kvB<=1k,kp<=1k,0.0702,4
32,n<=8,sr<=40%,kvB<=1k,kp<=2k,0.0555,4
32,n<=8,sr<=40%,kvB<=1k,kp<=4k,0.1131,4
32,n<=8,sr<=40%,kvB<=1k,kp<=512,0.1956,4
32,n<=8,sr<=40%,kvB<=1k,kp<=8k,0.1076,4
32,n<=8,sr<=40%,kvB<=1k,kp=0,0.2218,4
32,n<=8,sr<=40%,kvB<=4k,kp<=1k,0.1231,4
32,n<=8,sr<=40%,kvB<=4k,kp<=2k,0.1369,4
32,n<=8,sr<=40%,kvB<=4k,kp<=4k,0.0032,4
32,n<=8,sr<=40%,kvB<=4k,kp<=512,0.1372,4
32,n<=8,sr<=40%,kvB<=4k,kp<=8k,-0.0287,4
32,n<=8,sr<=40%,kvB<=4k,kp=0,0.2706,4
32,n<=8,sr<=70%,kvB<=16k,kp<=1k,0.3905,2
32,n<=8,sr<=70%,kvB<=16k,kp<=2k,0.2733,2
32,n<=8,sr<=70%,kvB<=16k,kp<=4k,0.1672,2
32,n<=8,sr<=70%,kvB<=16k,kp<=512,0.3278,2
32,n<=8,sr<=70%,kvB<=16k,kp<=8k,0.123,2
32,n<=8,sr<=70%,kvB<=16k,kp=0,0.332,2
32,n<=8,sr<=70%,kvB<=1k,kp<=1k,0.0281,2
32,n<=8,sr<=70%,kvB<=1k,kp<=2k,-0.052,2
32,n<=8,sr<=70%,kvB<=1k,kp<=4k,0.0992,2
32,n<=8,sr<=70%,kvB<=1k,kp<=512,0.1371,2
32,n<=8,sr<=70%,kvB<=1k,kp<=8k,0.0947,2
32,n<=8,sr<=70%,kvB<=1k,kp=0,0.1931,2
32,n<=8,sr<=70%,kvB<=4k,kp<=1k,0.0883,2
32,n<=8,sr<=70%,kvB<=4k,kp<=2k,0.1098,2
32,n<=8,sr<=70%,kvB<=4k,kp<=4k,-0.0037,2
32,n<=8,sr<=70%,kvB<=4k,kp<=512,0.1883,2
32,n<=8,sr<=70%,kvB<=4k,kp<=8k,-0.1453,2
32,n<=8,sr<=70%,kvB<=4k,kp=0,0.3318,2
32,n<=8,sr>70%,kvB<=16k,kp<=1k,0.9209,4
32,n<=8,sr>70%,kvB<=16k,kp<=2k,0.5128,4
32,n<=8,sr>70%,kvB<=16k,kp<=4k,0.2075,4
32,n<=8,sr>70%,kvB<=16k,kp<=512,0.9989,4
32,n<=8,sr>70%,kvB<=16k,kp<=8k,0.2544,4
32,n<=8,sr>70%,kvB<=16k,kp=0,1.05,4
32,n<=8,sr>70%,kvB<=1k,kp<=1k,0.2717,4
32,n<=8,sr>70%,kvB<=1k,kp<=2k,0.2577,4
32,n<=8,sr>70%,kvB<=1k,kp<=4k,0.0937,4
32,n<=8,sr>70%,kvB<=1k,kp<=512,0.1717,4
32,n<=8,sr>70%,kvB<=1k,kp<=8k,0.364,4
32,n<=8,sr>70%,kvB<=1k,kp=0,0.4102,4
32,n<=8,sr>70%,kvB<=4k,kp<=1k,0.056,4
32,n<=8,sr>70%,kvB<=4k,kp<=2k,-0.038,4
32,n<=8,sr>70%,kvB<=4k,kp<=4k,0.1309,4
32,n<=8,sr>70%,kvB<=4k,kp<=512,0.4199,4
32,n<=8,sr>70%,kvB<=4k,kp<=8k,0.0743,4
32,n<=8,sr>70%,kvB<=4k,kp=0,0.8031,4
64,n<=128,sr<=15%,kvB<=16k,kp<=1k,0.0009,4
64,n<=128,sr<=15%,kvB<=16k,kp<=2k,0.001,4
64,n<=128,sr<=15%,kvB<=16k,kp<=4k,0.001,4
64,n<=128,sr<=15%,kvB<=16k,kp<=512,0.0007,4
64,n<=128,sr<=15%,kvB<=16k,kp<=8k,0.0008,4
64,n<=128,sr<=15%,kvB<=16k,kp=0,0.0011,4
64,n<=128,sr<=15%,kvB<=1k,kp<=1k,0.0318,4
64,n<=128,sr<=15%,kvB<=1k,kp<=2k,0.0325,4
64,n<=128,sr<=15%,kvB<=1k,kp<=4k,0.0424,4
64,n<=128,sr<=15%,kvB<=1k,kp<=512,0.0412,4
64,n<=128,sr<=15%,kvB<=1k,kp<=8k,0.0367,4
64,n<=128,sr<=15%,kvB<=1k,kp=0,0.0416,4
64,n<=128,sr<=15%,kvB<=4k,kp<=1k,0.0011,4
64,n<=128,sr<=15%,kvB<=4k,kp<=2k,0.0011,4
64,n<=128,sr<=15%,kvB<=4k,kp<=4k,0.0006,4
64,n<=128,sr<=15%,kvB<=4k,kp<=512,0.0014,4
64,n<=128,sr<=15%,kvB<=4k,kp<=8k,0.0,4
64,n<=128,sr<=15%,kvB<=4k,kp=0,0.0015,4
64,n<=128,sr<=40%,kvB<=16k,kp<=1k,-0.0016,2
64,n<=128,sr<=40%,kvB<=16k,kp<=2k,-0.0012,2
64,n<=128,sr<=40%,kvB<=16k,kp<=4k,-0.0009,2
64,n<=128,sr<=40%,kvB<=16k,kp<=512,-0.0012,2
64,n<=128,sr<=40%,kvB<=16k,kp<=8k,-0.0014,2
64,n<=128,sr<=40%,kvB<=16k,kp=0,-0.0015,2
64,n<=128,sr<=40%,kvB<=1k,kp<=1k,0.0756,2
64,n<=128,sr<=40%,kvB<=1k,kp<=2k,0.0773,2
64,n<=128,sr<=40%,kvB<=1k,kp<=4k,0.0811,2
64,n<=128,sr<=40%,kvB<=1k,kp<=512,0.0782,2
64,n<=128,sr<=40%,kvB<=1k,kp<=8k,0.0688,2
64,n<=128,sr<=40%,kvB<=1k,kp=0,0.0814,2
64,n<=128,sr<=40%,kvB<=4k,kp<=1k,-0.001,2
64,n<=128,sr<=40%,kvB<=4k,kp<=2k,-0.0013,2
64,n<=128,sr<=40%,kvB<=4k,kp<=4k,-0.0005,2
64,n<=128,sr<=40%,kvB<=4k,kp<=512,-0.0011,2
64,n<=128,sr<=40%,kvB<=4k,kp<=8k,0.0011,2
64,n<=128,sr<=40%,kvB<=4k,kp=0,-0.0004,2
64,n<=128,sr<=5%,kvB<=16k,kp<=1k,0.0026,8
64,n<=128,sr<=5%,kvB<=16k,kp<=2k,0.0026,8
64,n<=128,sr<=5%,kvB<=16k,kp<=4k,0.0022,8
64,n<=128,sr<=5%,kvB<=16k,kp<=512,0.0023,8
64,n<=128,sr<=5%,kvB<=16k,kp<=8k,0.0019,8
64,n<=128,sr<=5%,kvB<=16k,kp=0,0.0024,8
64,n<=128,sr<=5%,kvB<=1k,kp<=1k,0.0113,8
64,n<=128,sr<=5%,kvB<=1k,kp<=2k,0.0106,8
64,n<=128,sr<=5%,kvB<=1k,kp<=4k,0.0069,8
64,n<=128,sr<=5%,kvB<=1k,kp<=512,0.0102,8
64,n<=128,sr<=5%,kvB<=1k,kp<=8k,0.0093,8
64,n<=128,sr<=5%,kvB<=1k,kp=0,0.0165,8
64,n<=128,sr<=5%,kvB<=4k,kp<=1k,0.0025,8
64,n<=128,sr<=5%,kvB<=4k,kp<=2k,0.0023,8
64,n<=128,sr<=5%,kvB<=4k,kp<=4k,0.001,8
64,n<=128,sr<=5%,kvB<=4k,kp<=512,0.0029,8
64,n<=128,sr<=5%,kvB<=4k,kp<=8k,0.0012,8
64,n<=128,sr<=5%,kvB<=4k,kp=0,0.0031,8
64,n<=128,sr<=70%,kvB<=16k,kp<=1k,-0.0045,2
64,n<=128,sr<=70%,kvB<=16k,kp<=2k,-0.0043,2
64,n<=128,sr<=70%,kvB<=16k,kp<=4k,-0.0035,2
64,n<=128,sr<=70%,kvB<=16k,kp<=512,-0.0042,2
64,n<=128,sr<=70%,kvB<=16k,kp<=8k,-0.0011,2
64,n<=128,sr<=70%,kvB<=16k,kp=0,-0.0043,2
64,n<=128,sr<=70%,kvB<=1k,kp<=1k,0.1016,2
64,n<=128,sr<=70%,kvB<=1k,kp<=2k,0.0906,2
64,n<=128,sr<=70%,kvB<=1k,kp<=4k,0.0996,2
64,n<=128,sr<=70%,kvB<=1k,kp<=512,0.096,2
64,n<=128,sr<=70%,kvB<=1k,kp<=8k,0.0763,2
64,n<=128,sr<=70%,kvB<=1k,kp=0,0.1156,2
64,n<=128,sr<=70%,kvB<=4k,kp<=1k,-0.0033,2
64,n<=128,sr<=70%,kvB<=4k,kp<=2k,-0.0019,2
64,n<=128,sr<=70%,kvB<=4k,kp<=4k,0.0068,2
64,n<=128,sr<=70%,kvB<=4k,kp<=512,-0.0047,2
64,n<=128,sr<=70%,kvB<=4k,kp<=8k,0.008,2
64,n<=128,sr<=70%,kvB<=4k,kp=0,-0.0033,2
64,n<=128,sr>70%,kvB<=16k,kp<=1k,-0.004,4
64,n<=128,sr>70%,kvB<=16k,kp<=2k,-0.0035,4
64,n<=128,sr>70%,kvB<=16k,kp<=4k,-0.0024,4
64,n<=128,sr>70%,kvB<=16k,kp<=512,-0.0025,4
64,n<=128,sr>70%,kvB<=16k,kp<=8k,0.0016,4
64,n<=128,sr>70%,kvB<=16k,kp=0,-0.0046,4
64,n<=128,sr>70%,kvB<=1k,kp<=1k,0.0786,4
64,n<=128,sr>70%,kvB<=1k,kp<=2k,0.074,4
64,n<=128,sr>70%,kvB<=1k,kp<=4k,0.1185,4
64,n<=128,sr>70%,kvB<=1k,kp<=512,0.084,4
64,n<=128,sr>70%,kvB<=1k,kp<=8k,0.1168,4
64,n<=128,sr>70%,kvB<=1k,kp=0,0.0934,4
64,n<=128,sr>70%,kvB<=4k,kp<=1k,-0.0078,4
64,n<=128,sr>70%,kvB<=4k,kp<=2k,-0.0067,4
64,n<=128,sr>70%,kvB<=4k,kp<=4k,-0.0062,4
64,n<=128,sr>70%,kvB<=4k,kp<=512,-0.0046,4
64,n<=128,sr>70%,kvB<=4k,kp<=8k,-0.0007,4
64,n<=128,sr>70%,kvB<=4k,kp=0,-0.0039,4
64,n<=16,sr<=15%,kvB<=16k,kp<=1k,0.1142,4
64,n<=16,sr<=15%,kvB<=16k,kp<=2k,0.0887,4
64,n<=16,sr<=15%,kvB<=16k,kp<=4k,0.0595,4
64,n<=16,sr<=15%,kvB<=16k,kp<=512,0.1351,4
64,n<=16,sr<=15%,kvB<=16k,kp<=8k,0.014,4
64,n<=16,sr<=15%,kvB<=16k,kp=0,0.1095,4
64,n<=16,sr<=15%,kvB<=1k,kp<=1k,0.0443,4
64,n<=16,sr<=15%,kvB<=1k,kp<=2k,0.072,4
64,n<=16,sr<=15%,kvB<=1k,kp<=4k,0.0714,4
64,n<=16,sr<=15%,kvB<=1k,kp<=512,0.1188,4
64,n<=16,sr<=15%,kvB<=1k,kp<=8k,0.0592,4
64,n<=16,sr<=15%,kvB<=1k,kp=0,0.1393,4
64,n<=16,sr<=15%,kvB<=4k,kp<=1k,0.1008,4
64,n<=16,sr<=15%,kvB<=4k,kp<=2k,0.0614,4
64,n<=16,sr<=15%,kvB<=4k,kp<=4k,0.0094,4
64,n<=16,sr<=15%,kvB<=4k,kp<=512,0.1089,4
64,n<=16,sr<=15%,kvB<=4k,kp<=8k,0.0264,4
64,n<=16,sr<=15%,kvB<=4k,kp=0,0.1278,4
64,n<=16,sr<=40%,kvB<=16k,kp<=1k,0.151,4
64,n<=16,sr<=40%,kvB<=16k,kp<=2k,0.1142,4
64,n<=16,sr<=40%,kvB<=16k,kp<=4k,0.0712,4
64,n<=16,sr<=40%,kvB<=16k,kp<=512,0.1972,4
64,n<=16,sr<=40%,kvB<=16k,kp<=8k,0.0276,4
64,n<=16,sr<=40%,kvB<=16k,kp=0,0.1572,4
64,n<=16,sr<=40%,kvB<=1k,kp<=1k,0.0718,4
64,n<=16,sr<=40%,kvB<=1k,kp<=2k,0.0632,4
64,n<=16,sr<=40%,kvB<=1k,kp<=4k,0.0615,4
64,n<=16,sr<=40%,kvB<=1k,kp<=512,0.1283,4
64,n<=16,sr<=40%,kvB<=1k,kp<=8k,0.0646,4
64,n<=16,sr<=40%,kvB<=1k,kp=0,0.1475,4
64,n<=16,sr<=40%,kvB<=4k,kp<=1k,0.1097,4
64,n<=16,sr<=40%,kvB<=4k,kp<=2k,0.0828,4
64,n<=16,sr<=40%,kvB<=4k,kp<=4k,0.0565,4
64,n<=16,sr<=40%,kvB<=4k,kp<=512,0.1257,4
64,n<=16,sr<=40%,kvB<=4k,kp<=8k,0.0833,4
64,n<=16,sr<=40%,kvB<=4k,kp=0,0.1636,4
64,n<=16,sr<=70%,kvB<=16k,kp<=1k,0.3797,2
64,n<=16,sr<=70%,kvB<=16k,kp<=2k,0.238,2
64,n<=16,sr<=70%,kvB<=16k,kp<=4k,0.2177,2
64,n<=16,sr<=70%,kvB<=16k,kp<=512,0.4677,2
64,n<=16,sr<=70%,kvB<=16k,kp<=8k,0.2534,2
64,n<=16,sr<=70%,kvB<=16k,kp=0,0.4467,2
64,n<=16,sr<=70%,kvB<=1k,kp<=1k,0.032,2
64,n<=16,sr<=70%,kvB<=1k,kp<=2k,0.0171,2
64,n<=16,sr<=70%,kvB<=1k,kp<=4k,0.0773,2
64,n<=16,sr<=70%,kvB<=1k,kp<=512,0.1054,2
64,n<=16,sr<=70%,kvB<=1k,kp<=8k,0.1539,2
64,n<=16,sr<=70%,kvB<=1k,kp=0,0.1164,2
64,n<=16,sr<=70%,kvB<=4k,kp<=1k,0.2956,2
64,n<=16,sr<=70%,kvB<=4k,kp<=2k,0.3504,2
64,n<=16,sr<=70%,kvB<=4k,kp<=4k,0.2415,2
64,n<=16,sr<=70%,kvB<=4k,kp<=512,0.3456,2
64,n<=16,sr<=70%,kvB<=4k,kp<=8k,0.3163,2
64,n<=16,sr<=70%,kvB<=4k,kp=0,0.3261,2
64,n<=16,sr>70%,kvB<=16k,kp<=1k,0.8662,4
64,n<=16,sr>70%,kvB<=16k,kp<=2k,0.6747,4
64,n<=16,sr>70%,kvB<=16k,kp<=4k,0.4461,4
64,n<=16,sr>70%,kvB<=16k,kp<=512,1.3644,4
64,n<=16,sr>70%,kvB<=16k,kp<=8k,0.4434,3
64,n<=16,sr>70%,kvB<=16k,kp=0,1.1908,4
64,n<=16,sr>70%,kvB<=1k,kp<=1k,0.1987,4
64,n<=16,sr>70%,kvB<=1k,kp<=2k,0.1525,4
64,n<=16,sr>70%,kvB<=1k,kp<=4k,0.2299,4
64,n<=16,sr>70%,kvB<=1k,kp<=512,0.1934,4
64,n<=16,sr>70%,kvB<=1k,kp<=8k,0.2548,4
64,n<=16,sr>70%,kvB<=1k,kp=0,0.3589,4
64,n<=16,sr>70%,kvB<=4k,kp<=1k,0.6157,4
64,n<=16,sr>70%,kvB<=4k,kp<=2k,0.7491,4
64,n<=16,sr>70%,kvB<=4k,kp<=4k,0.944,4
64,n<=16,sr>70%,kvB<=4k,kp<=512,0.9725,4
64,n<=16,sr>70%,kvB<=4k,kp<=8k,0.8245,3
64,n<=16,sr>70%,kvB<=4k,kp=0,1.2299,4
64,n<=2,sr<=70%,kvB<=16k,kp<=1k,0.6119,2
64,n<=2,sr<=70%,kvB<=16k,kp<=2k,0.1409,2
64,n<=2,sr<=70%,kvB<=16k,kp<=4k,0.0831,2
64,n<=2,sr<=70%,kvB<=16k,kp<=512,0.7448,2
64,n<=2,sr<=70%,kvB<=16k,kp<=8k,0.3464,2
64,n<=2,sr<=70%,kvB<=16k,kp=0,0.9125,2
64,n<=2,sr<=70%,kvB<=1k,kp<=1k,0.7508,2
64,n<=2,sr<=70%,kvB<=1k,kp<=2k,0.6845,2
64,n<=2,sr<=70%,kvB<=1k,kp<=4k,0.6137,2
64,n<=2,sr<=70%,kvB<=1k,kp<=512,0.3869,2
64,n<=2,sr<=70%,kvB<=1k,kp<=8k,0.3298,2
64,n<=2,sr<=70%,kvB<=1k,kp=0,0.0998,2
64,n<=2,sr<=70%,kvB<=4k,kp<=1k,0.0854,2
64,n<=2,sr<=70%,kvB<=4k,kp<=2k,0.3507,2
64,n<=2,sr<=70%,kvB<=4k,kp<=4k,0.7162,2
64,n<=2,sr<=70%,kvB<=4k,kp<=512,-0.0033,2
64,n<=2,sr<=70%,kvB<=4k,kp<=8k,0.4741,2
64,n<=2,sr<=70%,kvB<=4k,kp=0,0.7925,2
64,n<=32,sr<=15%,kvB<=16k,kp<=1k,0.062,6
64,n<=32,sr<=15%,kvB<=16k,kp<=2k,0.047,6
64,n<=32,sr<=15%,kvB<=16k,kp<=4k,0.037,6
64,n<=32,sr<=15%,kvB<=16k,kp<=512,0.0783,6
64,n<=32,sr<=15%,kvB<=16k,kp<=8k,0.0298,6
64,n<=32,sr<=15%,kvB<=16k,kp=0,0.0865,6
64,n<=32,sr<=15%,kvB<=1k,kp<=1k,0.0606,6
64,n<=32,sr<=15%,kvB<=1k,kp<=2k,0.057,6
64,n<=32,sr<=15%,kvB<=1k,kp<=4k,0.0463,6
64,n<=32,sr<=15%,kvB<=1k,kp<=512,0.0805,6
64,n<=32,sr<=15%,kvB<=1k,kp<=8k,0.066,6
64,n<=32,sr<=15%,kvB<=1k,kp=0,0.1038,6
64,n<=32,sr<=15%,kvB<=4k,kp<=1k,0.0714,6
64,n<=32,sr<=15%,kvB<=4k,kp<=2k,0.0554,6
64,n<=32,sr<=15%,kvB<=4k,kp<=4k,0.0583,6
64,n<=32,sr<=15%,kvB<=4k,kp<=512,0.0723,6
64,n<=32,sr<=15%,kvB<=4k,kp<=8k,0.0487,6
64,n<=32,sr<=15%,kvB<=4k,kp=0,0.124,6
64,n<=32,sr<=40%,kvB<=16k,kp<=1k,0.0811,2
64,n<=32,sr<=40%,kvB<=16k,kp<=2k,0.0641,2
64,n<=32,sr<=40%,kvB<=16k,kp<=4k,0.0745,2
64,n<=32,sr<=40%,kvB<=16k,kp<=512,0.0999,2
64,n<=32,sr<=40%,kvB<=16k,kp<=8k,0.056,2
64,n<=32,sr<=40%,kvB<=16k,kp=0,0.1126,2
64,n<=32,sr<=40%,kvB<=1k,kp<=1k,0.0729,2
64,n<=32,sr<=40%,kvB<=1k,kp<=2k,0.0792,2
64,n<=32,sr<=40%,kvB<=1k,kp<=4k,0.1032,2
64,n<=32,sr<=40%,kvB<=1k,kp<=512,0.0961,2
64,n<=32,sr<=40%,kvB<=1k,kp<=8k,0.1337,2
64,n<=32,sr<=40%,kvB<=1k,kp=0,0.1452,2
64,n<=32,sr<=40%,kvB<=4k,kp<=1k,0.1031,2
64,n<=32,sr<=40%,kvB<=4k,kp<=2k,0.1373,2
64,n<=32,sr<=40%,kvB<=4k,kp<=4k,0.0962,2
64,n<=32,sr<=40%,kvB<=4k,kp<=512,0.1594,2
64,n<=32,sr<=40%,kvB<=4k,kp<=8k,0.0628,2
64,n<=32,sr<=40%,kvB<=4k,kp=0,0.218,2
64,n<=32,sr<=5%,kvB<=16k,kp<=1k,0.0509,2
64,n<=32,sr<=5%,kvB<=16k,kp<=2k,0.0472,2
64,n<=32,sr<=5%,kvB<=16k,kp<=4k,0.0446,2
64,n<=32,sr<=5%,kvB<=16k,kp<=512,0.0611,2
64,n<=32,sr<=5%,kvB<=16k,kp<=8k,0.0194,2
64,n<=32,sr<=5%,kvB<=16k,kp=0,0.0612,2
64,n<=32,sr<=5%,kvB<=1k,kp<=1k,0.016,2
64,n<=32,sr<=5%,kvB<=1k,kp<=2k,0.0155,2
64,n<=32,sr<=5%,kvB<=1k,kp<=4k,0.0058,2
64,n<=32,sr<=5%,kvB<=1k,kp<=512,0.0406,2
64,n<=32,sr<=5%,kvB<=1k,kp<=8k,0.0174,2
64,n<=32,sr<=5%,kvB<=1k,kp=0,0.0554,2
64,n<=32,sr<=5%,kvB<=4k,kp<=1k,0.0576,2
64,n<=32,sr<=5%,kvB<=4k,kp<=2k,0.0355,2
64,n<=32,sr<=5%,kvB<=4k,kp<=4k,0.0217,2
64,n<=32,sr<=5%,kvB<=4k,kp<=512,0.053,2
64,n<=32,sr<=5%,kvB<=4k,kp<=8k,0.0264,2
64,n<=32,sr<=5%,kvB<=4k,kp=0,0.0903,2
64,n<=32,sr<=70%,kvB<=16k,kp<=1k,0.1849,2
64,n<=32,sr<=70%,kvB<=16k,kp<=2k,0.1301,2
64,n<=32,sr<=70%,kvB<=16k,kp<=4k,0.1298,2
64,n<=32,sr<=70%,kvB<=16k,kp<=512,0.1923,2
64,n<=32,sr<=70%,kvB<=16k,kp<=8k,0.1245,2
64,n<=32,sr<=70%,kvB<=16k,kp=0,0.198,2
64,n<=32,sr<=70%,kvB<=1k,kp<=1k,0.1642,2
64,n<=32,sr<=70%,kvB<=1k,kp<=2k,0.1827,2
64,n<=32,sr<=70%,kvB<=1k,kp<=4k,0.2001,2
64,n<=32,sr<=70%,kvB<=1k,kp<=512,0.1592,2
64,n<=32,sr<=70%,kvB<=1k,kp<=8k,0.1728,2
64,n<=32,sr<=70%,kvB<=1k,kp=0,0.2756,2
64,n<=32,sr<=70%,kvB<=4k,kp<=1k,0.2022,2
64,n<=32,sr<=70%,kvB<=4k,kp<=2k,0.2589,2
64,n<=32,sr<=70%,kvB<=4k,kp<=4k,0.228,2
64,n<=32,sr<=70%,kvB<=4k,kp<=512,0.3659,2
64,n<=32,sr<=70%,kvB<=4k,kp<=8k,0.2155,2
64,n<=32,sr<=70%,kvB<=4k,kp=0,0.4713,2
64,n<=32,sr>70%,kvB<=16k,kp<=1k,0.3813,4
64,n<=32,sr>70%,kvB<=16k,kp<=2k,0.3456,4
64,n<=32,sr>70%,kvB<=16k,kp<=4k,0.2769,4
64,n<=32,sr>70%,kvB<=16k,kp<=512,0.4471,4
64,n<=32,sr>70%,kvB<=16k,kp<=8k,0.2647,4
64,n<=32,sr>70%,kvB<=16k,kp=0,0.4012,4
64,n<=32,sr>70%,kvB<=1k,kp<=1k,0.4925,4
64,n<=32,sr>70%,kvB<=1k,kp<=2k,0.3265,4
64,n<=32,sr>70%,kvB<=1k,kp<=4k,0.4431,4
64,n<=32,sr>70%,kvB<=1k,kp<=512,0.5046,4
64,n<=32,sr>70%,kvB<=1k,kp<=8k,0.5349,4
64,n<=32,sr>70%,kvB<=1k,kp=0,0.9154,4
64,n<=32,sr>70%,kvB<=4k,kp<=1k,0.4923,4
64,n<=32,sr>70%,kvB<=4k,kp<=2k,0.4714,4
64,n<=32,sr>70%,kvB<=4k,kp<=4k,0.5634,4
64,n<=32,sr>70%,kvB<=4k,kp<=512,1.051,4
64,n<=32,sr>70%,kvB<=4k,kp<=8k,0.3791,4
64,n<=32,sr>70%,kvB<=4k,kp=0,1.3617,4
64,n<=4,sr<=40%,kvB<=16k,kp<=1k,0.2966,2
64,n<=4,sr<=40%,kvB<=16k,kp<=2k,0.2115,2
64,n<=4,sr<=40%,kvB<=16k,kp<=4k,0.2795,2
64,n<=4,sr<=40%,kvB<=16k,kp<=512,0.4051,2
64,n<=4,sr<=40%,kvB<=16k,kp<=8k,0.2185,2
64,n<=4,sr<=40%,kvB<=16k,kp=0,0.5135,2
64,n<=4,sr<=40%,kvB<=1k,kp<=1k,0.1626,2
64,n<=4,sr<=40%,kvB<=1k,kp<=2k,0.3252,2
64,n<=4,sr<=40%,kvB<=1k,kp<=4k,0.335,2
64,n<=4,sr<=40%,kvB<=1k,kp<=512,0.285,2
64,n<=4,sr<=40%,kvB<=1k,kp<=8k,0.299,2
64,n<=4,sr<=40%,kvB<=1k,kp=0,0.2802,2
64,n<=4,sr<=40%,kvB<=4k,kp<=1k,0.287,2
64,n<=4,sr<=40%,kvB<=4k,kp<=2k,0.2076,2
64,n<=4,sr<=40%,kvB<=4k,kp<=4k,0.0818,2
64,n<=4,sr<=40%,kvB<=4k,kp<=512,0.2182,2
64,n<=4,sr<=40%,kvB<=4k,kp<=8k,0.163,2
64,n<=4,sr<=40%,kvB<=4k,kp=0,0.4015,2
64,n<=4,sr<=70%,kvB<=16k,kp<=1k,0.6165,2
64,n<=4,sr<=70%,kvB<=16k,kp<=2k,0.3548,2
64,n<=4,sr<=70%,kvB<=16k,kp<=4k,0.1763,2
64,n<=4,sr<=70%,kvB<=16k,kp<=512,0.7885,2
64,n<=4,sr<=70%,kvB<=16k,kp<=8k,0.1146,2
64,n<=4,sr<=70%,kvB<=16k,kp=0,0.9563,2
64,n<=4,sr<=70%,kvB<=1k,kp<=1k,0.0963,2
64,n<=4,sr<=70%,kvB<=1k,kp<=2k,0.5552,2
64,n<=4,sr<=70%,kvB<=1k,kp<=4k,0.5168,2
64,n<=4,sr<=70%,kvB<=1k,kp<=512,0.2979,2
64,n<=4,sr<=70%,kvB<=1k,kp<=8k,0.4881,2
64,n<=4,sr<=70%,kvB<=1k,kp=0,0.1338,2
64,n<=4,sr<=70%,kvB<=4k,kp<=1k,0.125,2
64,n<=4,sr<=70%,kvB<=4k,kp<=2k,0.1637,2
64,n<=4,sr<=70%,kvB<=4k,kp<=4k,0.0838,2
64,n<=4,sr<=70%,kvB<=4k,kp<=512,0.167,2
64,n<=4,sr<=70%,kvB<=4k,kp<=8k,0.3726,2
64,n<=4,sr<=70%,kvB<=4k,kp=0,0.6995,2
64,n<=4,sr>70%,kvB<=16k,kp<=1k,0.502,2
64,n<=4,sr>70%,kvB<=16k,kp<=2k,0.1576,2
64,n<=4,sr>70%,kvB<=16k,kp<=4k,-0.109,2
64,n<=4,sr>70%,kvB<=16k,kp<=512,0.673,2
64,n<=4,sr>70%,kvB<=16k,kp<=8k,0.2052,2
64,n<=4,sr>70%,kvB<=16k,kp=0,0.9383,2
64,n<=4,sr>70%,kvB<=1k,kp<=1k,0.6614,2
64,n<=4,sr>70%,kvB<=1k,kp<=2k,0.6843,2
64,n<=4,sr>70%,kvB<=1k,kp<=4k,0.7637,2
64,n<=4,sr>70%,kvB<=1k,kp<=512,0.3887,2
64,n<=4,sr>70%,kvB<=1k,kp<=8k,0.7009,2
64,n<=4,sr>70%,kvB<=1k,kp=0,0.0138,2
64,n<=4,sr>70%,kvB<=4k,kp<=1k,-0.1272,2
64,n<=4,sr>70%,kvB<=4k,kp<=2k,0.2094,2
64,n<=4,sr>70%,kvB<=4k,kp<=4k,0.53,2
64,n<=4,sr>70%,kvB<=4k,kp<=512,-0.0632,2
64,n<=4,sr>70%,kvB<=4k,kp<=8k,0.7993,2
64,n<=4,sr>70%,kvB<=4k,kp=0,0.6423,2
64,n<=64,sr<=15%,kvB<=16k,kp<=1k,0.0102,4
64,n<=64,sr<=15%,kvB<=16k,kp<=2k,0.0095,4
64,n<=64,sr<=15%,kvB<=16k,kp<=4k,0.0092,4
64,n<=64,sr<=15%,kvB<=16k,kp<=512,0.0097,4
64,n<=64,sr<=15%,kvB<=16k,kp<=8k,0.0069,4
64,n<=64,sr<=15%,kvB<=16k,kp=0,0.009,4
64,n<=64,sr<=15%,kvB<=1k,kp<=1k,0.0418,4
64,n<=64,sr<=15%,kvB<=1k,kp<=2k,0.0383,4
64,n<=64,sr<=15%,kvB<=1k,kp<=4k,0.0404,4
64,n<=64,sr<=15%,kvB<=1k,kp<=512,0.0521,4
64,n<=64,sr<=15%,kvB<=1k,kp<=8k,0.0392,4
64,n<=64,sr<=15%,kvB<=1k,kp=0,0.0436,4
64,n<=64,sr<=15%,kvB<=4k,kp<=1k,0.0103,4
64,n<=64,sr<=15%,kvB<=4k,kp<=2k,0.0089,4
64,n<=64,sr<=15%,kvB<=4k,kp<=4k,0.0008,4
64,n<=64,sr<=15%,kvB<=4k,kp<=512,0.0107,4
64,n<=64,sr<=15%,kvB<=4k,kp<=8k,0.0006,4
64,n<=64,sr<=15%,kvB<=4k,kp=0,0.0111,4
64,n<=64,sr<=40%,kvB<=16k,kp<=1k,0.0061,2
64,n<=64,sr<=40%,kvB<=16k,kp<=2k,0.0054,2
64,n<=64,sr<=40%,kvB<=16k,kp<=4k,0.0074,2
64,n<=64,sr<=40%,kvB<=16k,kp<=512,0.0054,2
64,n<=64,sr<=40%,kvB<=16k,kp<=8k,0.0046,2
64,n<=64,sr<=40%,kvB<=16k,kp=0,0.0041,2
64,n<=64,sr<=40%,kvB<=1k,kp<=1k,0.0373,2
64,n<=64,sr<=40%,kvB<=1k,kp<=2k,0.0374,2
64,n<=64,sr<=40%,kvB<=1k,kp<=4k,0.035,2
64,n<=64,sr<=40%,kvB<=1k,kp<=512,0.0534,2
64,n<=64,sr<=40%,kvB<=1k,kp<=8k,0.0371,2
64,n<=64,sr<=40%,kvB<=1k,kp=0,0.0525,2
64,n<=64,sr<=40%,kvB<=4k,kp<=1k,0.0024,2
64,n<=64,sr<=40%,kvB<=4k,kp<=2k,-0.0001,2
64,n<=64,sr<=40%,kvB<=4k,kp<=4k,0.0,2
64,n<=64,sr<=40%,kvB<=4k,kp<=512,0.001,2
64,n<=64,sr<=40%,kvB<=4k,kp<=8k,-0.0064,2
64,n<=64,sr<=40%,kvB<=4k,kp=0,-0.0001,2
64,n<=64,sr<=5%,kvB<=16k,kp<=1k,0.0125,6
64,n<=64,sr<=5%,kvB<=16k,kp<=2k,0.0123,6
64,n<=64,sr<=5%,kvB<=16k,kp<=4k,0.0122,6
64,n<=64,sr<=5%,kvB<=16k,kp<=512,0.011,6
64,n<=64,sr<=5%,kvB<=16k,kp<=8k,0.0099,6
64,n<=64,sr<=5%,kvB<=16k,kp=0,0.0116,6
64,n<=64,sr<=5%,kvB<=1k,kp<=1k,0.0223,6
64,n<=64,sr<=5%,kvB<=1k,kp<=2k,0.0085,6
64,n<=64,sr<=5%,kvB<=1k,kp<=4k,0.0081,6
64,n<=64,sr<=5%,kvB<=1k,kp<=512,0.018,6
64,n<=64,sr<=5%,kvB<=1k,kp<=8k,0.0085,6
64,n<=64,sr<=5%,kvB<=1k,kp=0,0.0262,6
64,n<=64,sr<=5%,kvB<=4k,kp<=1k,0.0127,6
64,n<=64,sr<=5%,kvB<=4k,kp<=2k,0.0103,6
64,n<=64,sr<=5%,kvB<=4k,kp<=4k,0.0008,6
64,n<=64,sr<=5%,kvB<=4k,kp<=512,0.0133,6
64,n<=64,sr<=5%,kvB<=4k,kp<=8k,0.0013,6
64,n<=64,sr<=5%,kvB<=4k,kp=0,0.0126,6
64,n<=64,sr<=70%,kvB<=16k,kp<=1k,-0.0003,2
64,n<=64,sr<=70%,kvB<=16k,kp<=2k,-0.0026,2
64,n<=64,sr<=70%,kvB<=16k,kp<=4k,0.0013,2
64,n<=64,sr<=70%,kvB<=16k,kp<=512,-0.004,2
64,n<=64,sr<=70%,kvB<=16k,kp<=8k,0.0037,2
64,n<=64,sr<=70%,kvB<=16k,kp=0,-0.0028,2
64,n<=64,sr<=70%,kvB<=1k,kp<=1k,0.0087,2
64,n<=64,sr<=70%,kvB<=1k,kp<=2k,-0.009,2
64,n<=64,sr<=70%,kvB<=1k,kp<=4k,0.0085,2
64,n<=64,sr<=70%,kvB<=1k,kp<=512,-0.0051,2
64,n<=64,sr<=70%,kvB<=1k,kp<=8k,-0.0084,2
64,n<=64,sr<=70%,kvB<=1k,kp=0,0.0142,2
64,n<=64,sr<=70%,kvB<=4k,kp<=1k,-0.0009,2
64,n<=64,sr<=70%,kvB<=4k,kp<=2k,0.0026,2
64,n<=64,sr<=70%,kvB<=4k,kp<=4k,0.0018,2
64,n<=64,sr<=70%,kvB<=4k,kp<=512,-0.0032,2
64,n<=64,sr<=70%,kvB<=4k,kp<=8k,0.0009,2
64,n<=64,sr<=70%,kvB<=4k,kp=0,-0.0013,2
64,n<=64,sr>70%,kvB<=16k,kp<=1k,-0.0118,4
64,n<=64,sr>70%,kvB<=16k,kp<=2k,-0.0109,4
64,n<=64,sr>70%,kvB<=16k,kp<=4k,0.0008,4
64,n<=64,sr>70%,kvB<=16k,kp<=512,-0.014,4
64,n<=64,sr>70%,kvB<=16k,kp<=8k,0.0004,4
64,n<=64,sr>70%,kvB<=16k,kp=0,-0.0109,4
64,n<=64,sr>70%,kvB<=1k,kp<=1k,0.0618,4
64,n<=64,sr>70%,kvB<=1k,kp<=2k,0.0794,4
64,n<=64,sr>70%,kvB<=1k,kp<=4k,0.114,4
64,n<=64,sr>70%,kvB<=1k,kp<=512,0.0919,4
64,n<=64,sr>70%,kvB<=1k,kp<=8k,0.1237,4
64,n<=64,sr>70%,kvB<=1k,kp=0,0.0578,4
64,n<=64,sr>70%,kvB<=4k,kp<=1k,-0.0074,4
64,n<=64,sr>70%,kvB<=4k,kp<=2k,-0.0057,4
64,n<=64,sr>70%,kvB<=4k,kp<=4k,-0.0089,4
64,n<=64,sr>70%,kvB<=4k,kp<=512,-0.0163,4
64,n<=64,sr>70%,kvB<=4k,kp<=8k,0.0051,4
64,n<=64,sr>70%,kvB<=4k,kp=0,-0.0059,4
64,n<=8,sr<=15%,kvB<=16k,kp<=1k,0.1831,2
64,n<=8,sr<=15%,kvB<=16k,kp<=2k,0.1725,2
64,n<=8,sr<=15%,kvB<=16k,kp<=4k,0.1573,2
64,n<=8,sr<=15%,kvB<=16k,kp<=512,0.1981,2
64,n<=8,sr<=15%,kvB<=16k,kp<=8k,0.0918,2
64,n<=8,sr<=15%,kvB<=16k,kp=0,0.2225,2
64,n<=8,sr<=15%,kvB<=1k,kp<=1k,0.0367,2
64,n<=8,sr<=15%,kvB<=1k,kp<=2k,0.1246,2
64,n<=8,sr<=15%,kvB<=1k,kp<=4k,0.0963,2
64,n<=8,sr<=15%,kvB<=1k,kp<=512,0.187,2
64,n<=8,sr<=15%,kvB<=1k,kp<=8k,0.0914,2
64,n<=8,sr<=15%,kvB<=1k,kp=0,0.2158,2
64,n<=8,sr<=15%,kvB<=4k,kp<=1k,0.1878,2
64,n<=8,sr<=15%,kvB<=4k,kp<=2k,0.1009,2
64,n<=8,sr<=15%,kvB<=4k,kp<=4k,-0.0485,2
64,n<=8,sr<=15%,kvB<=4k,kp<=512,0.1835,2
64,n<=8,sr<=15%,kvB<=4k,kp<=8k,0.0082,2
64,n<=8,sr<=15%,kvB<=4k,kp=0,0.2169,2
64,n<=8,sr<=40%,kvB<=16k,kp<=1k,0.2587,4
64,n<=8,sr<=40%,kvB<=16k,kp<=2k,0.1954,4
64,n<=8,sr<=40%,kvB<=16k,kp<=4k,0.1223,4
64,n<=8,sr<=40%,kvB<=16k,kp<=512,0.2954,4
64,n<=8,sr<=40%,kvB<=16k,kp<=8k,0.1442,4
64,n<=8,sr<=40%,kvB<=16k,kp=0,0.3239,4
64,n<=8,sr<=40%,kvB<=1k,kp<=1k,0.0605,4
64,n<=8,sr<=40%,kvB<=1k,kp<=2k,0.05,4
64,n<=8,sr<=40%,kvB<=1k,kp<=4k,0.1013,4
64,n<=8,sr<=40%,kvB<=1k,kp<=512,0.1922,4
64,n<=8,sr<=40%,kvB<=1k,kp<=8k,0.108,4
64,n<=8,sr<=40%,kvB<=1k,kp=0,0.216,4
64,n<=8,sr<=40%,kvB<=4k,kp<=1k,0.1162,4
64,n<=8,sr<=40%,kvB<=4k,kp<=2k,0.1325,4
64,n<=8,sr<=40%,kvB<=4k,kp<=4k,-0.0026,4
64,n<=8,sr<=40%,kvB<=4k,kp<=512,0.1257,4
64,n<=8,sr<=40%,kvB<=4k,kp<=8k,-0.0256,4
64,n<=8,sr<=40%,kvB<=4k,kp=0,0.2619,4
64,n<=8,sr<=70%,kvB<=16k,kp<=1k,0.3607,2
64,n<=8,sr<=70%,kvB<=16k,kp<=2k,0.26,2
64,n<=8,sr<=70%,kvB<=16k,kp<=4k,0.1514,2
64,n<=8,sr<=70%,kvB<=16k,kp<=512,0.3442,2
64,n<=8,sr<=70%,kvB<=16k,kp<=8k,0.1376,2
64,n<=8,sr<=70%,kvB<=16k,kp=0,0.3525,2
64,n<=8,sr<=70%,kvB<=1k,kp<=1k,0.0224,2
64,n<=8,sr<=70%,kvB<=1k,kp<=2k,-0.0432,2
64,n<=8,sr<=70%,kvB<=1k,kp<=4k,0.1033,2
64,n<=8,sr<=70%,kvB<=1k,kp<=512,0.1506,2
64,n<=8,sr<=70%,kvB<=1k,kp<=8k,0.0908,2
64,n<=8,sr<=70%,kvB<=1k,kp=0,0.1763,2
64,n<=8,sr<=70%,kvB<=4k,kp<=1k,0.0814,2
64,n<=8,sr<=70%,kvB<=4k,kp<=2k,0.102,2
64,n<=8,sr<=70%,kvB<=4k,kp<=4k,0.0044,2
64,n<=8,sr<=70%,kvB<=4k,kp<=512,0.1551,2
64,n<=8,sr<=70%,kvB<=4k,kp<=8k,-0.1126,2
64,n<=8,sr<=70%,kvB<=4k,kp=0,0.3346,2
64,n<=8,sr>70%,kvB<=16k,kp<=1k,0.9169,4
64,n<=8,sr>70%,kvB<=16k,kp<=2k,0.4886,4
64,n<=8,sr>70%,kvB<=16k,kp<=4k,0.1972,4
64,n<=8,sr>70%,kvB<=16k,kp<=512,0.9716,4
64,n<=8,sr>70%,kvB<=16k,kp<=8k,0.2588,4
64,n<=8,sr>70%,kvB<=16k,kp=0,1.0004,4
64,n<=8,sr>70%,kvB<=1k,kp<=1k,0.2569,4
64,n<=8,sr>70%,kvB<=1k,kp<=2k,0.243,4
64,n<=8,sr>70%,kvB<=1k,kp<=4k,0.0399,4
64,n<=8,sr>70%,kvB<=1k,kp<=512,0.169,4
64,n<=8,sr>70%,kvB<=1k,kp<=8k,0.377,4
64,n<=8,sr>70%,kvB<=1k,kp=0,0.3635,4
64,n<=8,sr>70%,kvB<=4k,kp<=1k,0.0268,4
64,n<=8,sr>70%,kvB<=4k,kp<=2k,-0.0643,4
64,n<=8,sr>70%,kvB<=4k,kp<=4k,0.1501,4
64,n<=8,sr>70%,kvB<=4k,kp<=512,0.3446,4
64,n<=8,sr>70%,kvB<=4k,kp<=8k,0.1059,4
64,n<=8,sr>70%,kvB<=4k,kp=0,0.762,4
128,n<=128,sr<=15%,kvB<=16k,kp<=1k,0.0003,4
128,n<=128,sr<=15%,kvB<=16k,kp<=2k,0.0003,4
128,n<=128,sr<=15%,kvB<=16k,kp<=4k,0.0012,4
128,n<=128,sr<=15%,kvB<=16k,kp<=512,0.0003,4
128,n<=128,sr<=15%,kvB<=16k,kp<=8k,0.0004,4
128,n<=128,sr<=15%,kvB<=16k,kp=0,0.0004,4
128,n<=128,sr<=15%,kvB<=1k,kp<=1k,0.0484,4
128,n<=128,sr<=15%,kvB<=1k,kp<=2k,0.0436,4
128,n<=128,sr<=15%,kvB<=1k,kp<=4k,0.0476,4
128,n<=128,sr<=15%,kvB<=1k,kp<=512,0.053,4
128,n<=128,sr<=15%,kvB<=1k,kp<=8k,0.0612,4
128,n<=128,sr<=15%,kvB<=1k,kp=0,0.0491,4
128,n<=128,sr<=15%,kvB<=4k,kp<=1k,0.002,4
128,n<=128,sr<=15%,kvB<=4k,kp<=2k,0.0015,4
128,n<=128,sr<=15%,kvB<=4k,kp<=4k,0.0016,4
128,n<=128,sr<=15%,kvB<=4k,kp<=512,0.0013,4
128,n<=128,sr<=15%,kvB<=4k,kp<=8k,0.0017,4
128,n<=128,sr<=15%,kvB<=4k,kp=0,0.0008,4
128,n<=128,sr<=40%,kvB<=16k,kp<=1k,-0.0019,2
128,n<=128,sr<=40%,kvB<=16k,kp<=2k,-0.0018,2
128,n<=128,sr<=40%,kvB<=16k,kp<=4k,-0.0011,2
128,n<=128,sr<=40%,kvB<=16k,kp<=512,-0.0025,2
128,n<=128,sr<=40%,kvB<=16k,kp<=8k,-0.0022,2
128,n<=128,sr<=40%,kvB<=16k,kp=0,-0.0024,2
128,n<=128,sr<=40%,kvB<=1k,kp<=1k,0.0865,2
128,n<=128,sr<=40%,kvB<=1k,kp<=2k,0.1,2
128,n<=128,sr<=40%,kvB<=1k,kp<=4k,0.0958,2
128,n<=128,sr<=40%,kvB<=1k,kp<=512,0.0904,2
128,n<=128,sr<=40%,kvB<=1k,kp<=8k,0.1029,2
128,n<=128,sr<=40%,kvB<=1k,kp=0,0.0864,2
128,n<=128,sr<=40%,kvB<=4k,kp<=1k,-0.0001,2
128,n<=128,sr<=40%,kvB<=4k,kp<=2k,-0.0008,2
128,n<=128,sr<=40%,kvB<=4k,kp<=4k,-0.0004,2
128,n<=128,sr<=40%,kvB<=4k,kp<=512,0.0004,2
128,n<=128,sr<=40%,kvB<=4k,kp<=8k,0.002,2
128,n<=128,sr<=40%,kvB<=4k,kp=0,-0.0015,2
128,n<=128,sr<=5%,kvB<=16k,kp<=1k,0.0023,8
128,n<=128,sr<=5%,kvB<=16k,kp<=2k,0.0026,8
128,n<=128,sr<=5%,kvB<=16k,kp<=4k,0.0025,8
128,n<=128,sr<=5%,kvB<=16k,kp<=512,0.0023,8
128,n<=128,sr<=5%,kvB<=16k,kp<=8k,0.002,8
128,n<=128,sr<=5%,kvB<=16k,kp=0,0.0021,8
128,n<=128,sr<=5%,kvB<=1k,kp<=1k,0.0107,8
128,n<=128,sr<=5%,kvB<=1k,kp<=2k,0.0112,8
128,n<=128,sr<=5%,kvB<=1k,kp<=4k,0.0142,8
128,n<=128,sr<=5%,kvB<=1k,kp<=512,0.009,8
128,n<=128,sr<=5%,kvB<=1k,kp<=8k,0.011,8
128,n<=128,sr<=5%,kvB<=1k,kp=0,0.0096,8
128,n<=128,sr<=5%,kvB<=4k,kp<=1k,0.0032,8
128,n<=128,sr<=5%,kvB<=4k,kp<=2k,0.0028,8
128,n<=128,sr<=5%,kvB<=4k,kp<=4k,0.0023,8
128,n<=128,sr<=5%,kvB<=4k,kp<=512,0.0032,8
128,n<=128,sr<=5%,kvB<=4k,kp<=8k,0.0008,8
128,n<=128,sr<=5%,kvB<=4k,kp=0,0.0021,8
128,n<=128,sr<=70%,kvB<=16k,kp<=1k,-0.0055,2
128,n<=128,sr<=70%,kvB<=16k,kp<=2k,-0.0058,2
128,n<=128,sr<=70%,kvB<=16k,kp<=4k,-0.0049,2
128,n<=128,sr<=70%,kvB<=16k,kp<=512,-0.0057,2
128,n<=128,sr<=70%,kvB<=16k,kp<=8k,-0.0019,2
128,n<=128,sr<=70%,kvB<=16k,kp=0,-0.0056,2
128,n<=128,sr<=70%,kvB<=1k,kp<=1k,0.1113,2
128,n<=128,sr<=70%,kvB<=1k,kp<=2k,0.1254,2
128,n<=128,sr<=70%,kvB<=1k,kp<=4k,0.1234,2
128,n<=128,sr<=70%,kvB<=1k,kp<=512,0.1291,2
128,n<=128,sr<=70%,kvB<=1k,kp<=8k,0.1222,2
128,n<=128,sr<=70%,kvB<=1k,kp=0,0.1293,2
128,n<=128,sr<=70%,kvB<=4k,kp<=1k,-0.0024,2
128,n<=128,sr<=70%,kvB<=4k,kp<=2k,-0.0016,2
128,n<=128,sr<=70%,kvB<=4k,kp<=4k,0.0046,2
128,n<=128,sr<=70%,kvB<=4k,kp<=512,-0.0029,2
128,n<=128,sr<=70%,kvB<=4k,kp<=8k,0.0036,2
128,n<=128,sr<=70%,kvB<=4k,kp=0,-0.0031,2
128,n<=128,sr>70%,kvB<=16k,kp<=1k,-0.0063,4
128,n<=128,sr>70%,kvB<=16k,kp<=2k,-0.0074,4
128,n<=128,sr>70%,kvB<=16k,kp<=4k,-0.0049,4
128,n<=128,sr>70%,kvB<=16k,kp<=512,-0.0075,4
128,n<=128,sr>70%,kvB<=16k,kp<=8k,-0.0084,4
128,n<=128,sr>70%,kvB<=16k,kp=0,-0.0076,4
128,n<=128,sr>70%,kvB<=1k,kp<=1k,0.122,4
128,n<=128,sr>70%,kvB<=1k,kp<=2k,0.1372,4
128,n<=128,sr>70%,kvB<=1k,kp<=4k,0.2064,4
128,n<=128,sr>70%,kvB<=1k,kp<=512,0.1261,4
128,n<=128,sr>70%,kvB<=1k,kp<=8k,0.2686,4
128,n<=128,sr>70%,kvB<=1k,kp=0,0.1037,4
128,n<=128,sr>70%,kvB<=4k,kp<=1k,-0.0098,4
128,n<=128,sr>70%,kvB<=4k,kp<=2k,-0.0071,4
128,n<=128,sr>70%,kvB<=4k,kp<=4k,-0.0066,4
128,n<=128,sr>70%,kvB<=4k,kp<=512,-0.0103,4
128,n<=128,sr>70%,kvB<=4k,kp<=8k,-0.002,4
128,n<=128,sr>70%,kvB<=4k,kp=0,-0.0105,4
128,n<=16,sr<=15%,kvB<=16k,kp<=1k,0.0992,4
128,n<=16,sr<=15%,kvB<=16k,kp<=2k,0.0839,4
128,n<=16,sr<=15%,kvB<=16k,kp<=4k,0.0405,4
128,n<=16,sr<=15%,kvB<=16k,kp<=512,0.1412,4
128,n<=16,sr<=15%,kvB<=16k,kp<=8k,0.0112,4
128,n<=16,sr<=15%,kvB<=16k,kp=0,0.1256,4
128,n<=16,sr<=15%,kvB<=1k,kp<=1k,0.0741,4
128,n<=16,sr<=15%,kvB<=1k,kp<=2k,0.0656,4
128,n<=16,sr<=15%,kvB<=1k,kp<=4k,0.0739,4
128,n<=16,sr<=15%,kvB<=1k,kp<=512,0.1237,4
128,n<=16,sr<=15%,kvB<=1k,kp<=8k,0.0287,4
128,n<=16,sr<=15%,kvB<=1k,kp=0,0.1528,4
128,n<=16,sr<=15%,kvB<=4k,kp<=1k,0.1022,4
128,n<=16,sr<=15%,kvB<=4k,kp<=2k,0.0609,4
128,n<=16,sr<=15%,kvB<=4k,kp<=4k,0.027,4
128,n<=16,sr<=15%,kvB<=4k,kp<=512,0.1096,4
128,n<=16,sr<=15%,kvB<=4k,kp<=8k,0.0344,4
128,n<=16,sr<=15%,kvB<=4k,kp=0,0.138,4
128,n<=16,sr<=40%,kvB<=16k,kp<=1k,0.1306,4
128,n<=16,sr<=40%,kvB<=16k,kp<=2k,0.078,4
128,n<=16,sr<=40%,kvB<=16k,kp<=4k,0.0191,4
128,n<=16,sr<=40%,kvB<=16k,kp<=512,0.1742,4
128,n<=16,sr<=40%,kvB<=16k,kp<=8k,0.0122,4
128,n<=16,sr<=40%,kvB<=16k,kp=0,0.1761,4
128,n<=16,sr<=40%,kvB<=1k,kp<=1k,0.0847,4
128,n<=16,sr<=40%,kvB<=1k,kp<=2k,0.0653,4
128,n<=16,sr<=40%,kvB<=1k,kp<=4k,0.0665,4
128,n<=16,sr<=40%,kvB<=1k,kp<=512,0.1325,4
128,n<=16,sr<=40%,kvB<=1k,kp<=8k,0.0886,4
128,n<=16,sr<=40%,kvB<=1k,kp=0,0.155,4
128,n<=16,sr<=40%,kvB<=4k,kp<=1k,0.1039,4
128,n<=16,sr<=40%,kvB<=4k,kp<=2k,0.082,4
128,n<=16,sr<=40%,kvB<=4k,kp<=4k,0.0376,4
128,n<=16,sr<=40%,kvB<=4k,kp<=512,0.111,4
128,n<=16,sr<=40%,kvB<=4k,kp<=8k,0.0414,4
128,n<=16,sr<=40%,kvB<=4k,kp=0,0.1601,4
128,n<=16,sr<=70%,kvB<=16k,kp<=1k,0.327,2
128,n<=16,sr<=70%,kvB<=16k,kp<=2k,0.2047,2
128,n<=16,sr<=70%,kvB<=16k,kp<=4k,0.1607,2
128,n<=16,sr<=70%,kvB<=16k,kp<=512,0.421,2
128,n<=16,sr<=70%,kvB<=16k,kp<=8k,0.178,2
128,n<=16,sr<=70%,kvB<=16k,kp=0,0.4997,2
128,n<=16,sr<=70%,kvB<=1k,kp<=1k,0.0678,2
128,n<=16,sr<=70%,kvB<=1k,kp<=2k,0.0099,2
128,n<=16,sr<=70%,kvB<=1k,kp<=4k,0.0982,2
128,n<=16,sr<=70%,kvB<=1k,kp<=512,0.1265,2
128,n<=16,sr<=70%,kvB<=1k,kp<=8k,-0.0078,2
128,n<=16,sr<=70%,kvB<=1k,kp=0,0.1249,2
128,n<=16,sr<=70%,kvB<=4k,kp<=1k,0.2436,2
128,n<=16,sr<=70%,kvB<=4k,kp<=2k,0.2928,2
128,n<=16,sr<=70%,kvB<=4k,kp<=4k,0.0754,2
128,n<=16,sr<=70%,kvB<=4k,kp<=512,0.299,2
128,n<=16,sr<=70%,kvB<=4k,kp<=8k,0.1895,2
128,n<=16,sr<=70%,kvB<=4k,kp=0,0.3623,2
128,n<=16,sr>70%,kvB<=16k,kp<=1k,0.7663,4
128,n<=16,sr>70%,kvB<=16k,kp<=2k,0.479,4
128,n<=16,sr>70%,kvB<=16k,kp<=4k,0.2286,4
128,n<=16,sr>70%,kvB<=16k,kp<=512,0.9957,4
128,n<=16,sr>70%,kvB<=16k,kp<=8k,0.2593,3
128,n<=16,sr>70%,kvB<=16k,kp=0,1.5306,4
128,n<=16,sr>70%,kvB<=1k,kp<=1k,0.306,4
128,n<=16,sr>70%,kvB<=1k,kp<=2k,0.2267,4
128,n<=16,sr>70%,kvB<=1k,kp<=4k,0.12,4
128,n<=16,sr>70%,kvB<=1k,kp<=512,0.304,4
128,n<=16,sr>70%,kvB<=1k,kp<=8k,0.2587,4
128,n<=16,sr>70%,kvB<=1k,kp=0,0.3011,4
128,n<=16,sr>70%,kvB<=4k,kp<=1k,0.4456,4
128,n<=16,sr>70%,kvB<=4k,kp<=2k,0.485,4
128,n<=16,sr>70%,kvB<=4k,kp<=4k,1.1061,3
128,n<=16,sr>70%,kvB<=4k,kp<=512,0.833,4
128,n<=16,sr>70%,kvB<=4k,kp<=8k,0.3103,3
128,n<=16,sr>70%,kvB<=4k,kp=0,1.2567,4
128,n<=2,sr<=70%,kvB<=16k,kp<=1k,0.2547,2
128,n<=2,sr<=70%,kvB<=16k,kp<=2k,0.117,2
128,n<=2,sr<=70%,kvB<=16k,kp<=4k,0.3946,2
128,n<=2,sr<=70%,kvB<=16k,kp<=512,0.7515,2
128,n<=2,sr<=70%,kvB<=16k,kp<=8k,0.6872,2
128,n<=2,sr<=70%,kvB<=16k,kp=0,0.945,2
128,n<=2,sr<=70%,kvB<=1k,kp<=1k,0.1752,2
128,n<=2,sr<=70%,kvB<=1k,kp<=2k,-0.117,1
128,n<=2,sr<=70%,kvB<=1k,kp<=4k,0.3146,1
128,n<=2,sr<=70%,kvB<=1k,kp<=512,0.839,2
128,n<=2,sr<=70%,kvB<=1k,kp<=8k,0.2843,2
128,n<=2,sr<=70%,kvB<=1k,kp=0,0.2259,2
128,n<=2,sr<=70%,kvB<=4k,kp<=1k,0.4664,2
128,n<=2,sr<=70%,kvB<=4k,kp<=2k,0.7182,2
128,n<=2,sr<=70%,kvB<=4k,kp<=4k,0.5665,1
128,n<=2,sr<=70%,kvB<=4k,kp<=512,0.1662,2
128,n<=2,sr<=70%,kvB<=4k,kp<=8k,0.8644,2
128,n<=2,sr<=70%,kvB<=4k,kp=0,0.6094,2
128,n<=32,sr<=15%,kvB<=16k,kp<=1k,0.0488,6
128,n<=32,sr<=15%,kvB<=16k,kp<=2k,0.0395,6
128,n<=32,sr<=15%,kvB<=16k,kp<=4k,0.028,6
128,n<=32,sr<=15%,kvB<=16k,kp<=512,0.0773,6
128,n<=32,sr<=15%,kvB<=16k,kp<=8k,0.0243,6
128,n<=32,sr<=15%,kvB<=16k,kp=0,0.0937,6
128,n<=32,sr<=15%,kvB<=1k,kp<=1k,0.061,6
128,n<=32,sr<=15%,kvB<=1k,kp<=2k,0.0629,6
128,n<=32,sr<=15%,kvB<=1k,kp<=4k,0.0611,6
128,n<=32,sr<=15%,kvB<=1k,kp<=512,0.0804,6
128,n<=32,sr<=15%,kvB<=1k,kp<=8k,0.0662,6
128,n<=32,sr<=15%,kvB<=1k,kp=0,0.104,6
128,n<=32,sr<=15%,kvB<=4k,kp<=1k,0.0637,6
128,n<=32,sr<=15%,kvB<=4k,kp<=2k,0.0438,6
128,n<=32,sr<=15%,kvB<=4k,kp<=4k,0.0448,6
128,n<=32,sr<=15%,kvB<=4k,kp<=512,0.0463,6
128,n<=32,sr<=15%,kvB<=4k,kp<=8k,0.0254,6
128,n<=32,sr<=15%,kvB<=4k,kp=0,0.143,6
128,n<=32,sr<=40%,kvB<=16k,kp<=1k,0.0709,2
128,n<=32,sr<=40%,kvB<=16k,kp<=2k,0.0471,2
128,n<=32,sr<=40%,kvB<=16k,kp<=4k,0.0448,2
128,n<=32,sr<=40%,kvB<=16k,kp<=512,0.0887,2
128,n<=32,sr<=40%,kvB<=16k,kp<=8k,0.036,2
128,n<=32,sr<=40%,kvB<=16k,kp=0,0.1228,2
128,n<=32,sr<=40%,kvB<=1k,kp<=1k,0.0826,2
128,n<=32,sr<=40%,kvB<=1k,kp<=2k,0.0894,2
128,n<=32,sr<=40%,kvB<=1k,kp<=4k,0.1051,2
128,n<=32,sr<=40%,kvB<=1k,kp<=512,0.0927,2
128,n<=32,sr<=40%,kvB<=1k,kp<=8k,0.1024,2
128,n<=32,sr<=40%,kvB<=1k,kp=0,0.1367,2
128,n<=32,sr<=40%,kvB<=4k,kp<=1k,0.0601,2
128,n<=32,sr<=40%,kvB<=4k,kp<=2k,0.0984,2
128,n<=32,sr<=40%,kvB<=4k,kp<=4k,0.0731,2
128,n<=32,sr<=40%,kvB<=4k,kp<=512,0.1066,2
128,n<=32,sr<=40%,kvB<=4k,kp<=8k,0.0182,2
128,n<=32,sr<=40%,kvB<=4k,kp=0,0.2257,2
128,n<=32,sr<=5%,kvB<=16k,kp<=1k,0.0406,2
128,n<=32,sr<=5%,kvB<=16k,kp<=2k,0.0352,2
128,n<=32,sr<=5%,kvB<=16k,kp<=4k,0.0348,2
128,n<=32,sr<=5%,kvB<=16k,kp<=512,0.0681,2
128,n<=32,sr<=5%,kvB<=16k,kp<=8k,0.0138,2
128,n<=32,sr<=5%,kvB<=16k,kp=0,0.0826,2
128,n<=32,sr<=5%,kvB<=1k,kp<=1k,0.0146,2
128,n<=32,sr<=5%,kvB<=1k,kp<=2k,0.0153,2
128,n<=32,sr<=5%,kvB<=1k,kp<=4k,0.0172,2
128,n<=32,sr<=5%,kvB<=1k,kp<=512,0.0407,2
128,n<=32,sr<=5%,kvB<=1k,kp<=8k,0.0243,2
128,n<=32,sr<=5%,kvB<=1k,kp=0,0.0548,2
128,n<=32,sr<=5%,kvB<=4k,kp<=1k,0.0529,2
128,n<=32,sr<=5%,kvB<=4k,kp<=2k,0.0388,2
128,n<=32,sr<=5%,kvB<=4k,kp<=4k,0.0279,2
128,n<=32,sr<=5%,kvB<=4k,kp<=512,0.0446,2
128,n<=32,sr<=5%,kvB<=4k,kp<=8k,0.0256,2
128,n<=32,sr<=5%,kvB<=4k,kp=0,0.0965,2
128,n<=32,sr<=70%,kvB<=16k,kp<=1k,0.1444,2
128,n<=32,sr<=70%,kvB<=16k,kp<=2k,0.1177,2
128,n<=32,sr<=70%,kvB<=16k,kp<=4k,0.088,2
128,n<=32,sr<=70%,kvB<=16k,kp<=512,0.1716,2
128,n<=32,sr<=70%,kvB<=16k,kp<=8k,0.0811,2
128,n<=32,sr<=70%,kvB<=16k,kp=0,0.1949,2
128,n<=32,sr<=70%,kvB<=1k,kp<=1k,0.1287,2
128,n<=32,sr<=70%,kvB<=1k,kp<=2k,0.1018,2
128,n<=32,sr<=70%,kvB<=1k,kp<=4k,0.1409,2
128,n<=32,sr<=70%,kvB<=1k,kp<=512,0.1327,2
128,n<=32,sr<=70%,kvB<=1k,kp<=8k,0.0268,2
128,n<=32,sr<=70%,kvB<=1k,kp=0,0.2313,2
128,n<=32,sr<=70%,kvB<=4k,kp<=1k,0.1294,2
128,n<=32,sr<=70%,kvB<=4k,kp<=2k,0.1695,2
128,n<=32,sr<=70%,kvB<=4k,kp<=4k,0.1279,2
128,n<=32,sr<=70%,kvB<=4k,kp<=512,0.2511,2
128,n<=32,sr<=70%,kvB<=4k,kp<=8k,0.1242,2
128,n<=32,sr<=70%,kvB<=4k,kp=0,0.5209,2
128,n<=32,sr>70%,kvB<=16k,kp<=1k,0.3114,4
128,n<=32,sr>70%,kvB<=16k,kp<=2k,0.281,4
128,n<=32,sr>70%,kvB<=16k,kp<=4k,0.1703,4
128,n<=32,sr>70%,kvB<=16k,kp<=512,0.3598,4
128,n<=32,sr>70%,kvB<=16k,kp<=8k,0.1421,4
128,n<=32,sr>70%,kvB<=16k,kp=0,0.442,4
128,n<=32,sr>70%,kvB<=1k,kp<=1k,0.2948,4
128,n<=32,sr>70%,kvB<=1k,kp<=2k,0.3426,4
128,n<=32,sr>70%,kvB<=1k,kp<=4k,0.299,4
128,n<=32,sr>70%,kvB<=1k,kp<=512,0.332,4
128,n<=32,sr>70%,kvB<=1k,kp<=8k,0.1619,4
128,n<=32,sr>70%,kvB<=1k,kp=0,0.8959,4
128,n<=32,sr>70%,kvB<=4k,kp<=1k,0.2043,4
128,n<=32,sr>70%,kvB<=4k,kp<=2k,0.1896,4
128,n<=32,sr>70%,kvB<=4k,kp<=4k,0.2231,4
128,n<=32,sr>70%,kvB<=4k,kp<=512,0.7246,4
128,n<=32,sr>70%,kvB<=4k,kp<=8k,0.1326,4
128,n<=32,sr>70%,kvB<=4k,kp=0,1.5745,4
128,n<=4,sr<=40%,kvB<=16k,kp<=1k,0.298,2
128,n<=4,sr<=40%,kvB<=16k,kp<=2k,0.2599,2
128,n<=4,sr<=40%,kvB<=16k,kp<=4k,0.2762,2
128,n<=4,sr<=40%,kvB<=16k,kp<=512,0.3655,2
128,n<=4,sr<=40%,kvB<=16k,kp<=8k,0.3162,2
128,n<=4,sr<=40%,kvB<=16k,kp=0,0.493,2
128,n<=4,sr<=40%,kvB<=1k,kp<=1k,0.2213,2
128,n<=4,sr<=40%,kvB<=1k,kp<=2k,-0.0802,2
128,n<=4,sr<=40%,kvB<=1k,kp<=4k,0.2554,2
128,n<=4,sr<=40%,kvB<=1k,kp<=512,0.4356,2
128,n<=4,sr<=40%,kvB<=1k,kp<=8k,0.2062,2
128,n<=4,sr<=40%,kvB<=1k,kp=0,0.3692,2
128,n<=4,sr<=40%,kvB<=4k,kp<=1k,0.3105,2
128,n<=4,sr<=40%,kvB<=4k,kp<=2k,0.3481,2
128,n<=4,sr<=40%,kvB<=4k,kp<=4k,-0.1265,2
128,n<=4,sr<=40%,kvB<=4k,kp<=512,0.2776,2
128,n<=4,sr<=40%,kvB<=4k,kp<=8k,-0.0779,2
128,n<=4,sr<=40%,kvB<=4k,kp=0,0.3699,2
128,n<=4,sr<=70%,kvB<=16k,kp<=1k,0.4895,2
128,n<=4,sr<=70%,kvB<=16k,kp<=2k,0.2948,2
128,n<=4,sr<=70%,kvB<=16k,kp<=4k,0.3663,2
128,n<=4,sr<=70%,kvB<=16k,kp<=512,0.6709,2
128,n<=4,sr<=70%,kvB<=16k,kp<=8k,0.3316,2
128,n<=4,sr<=70%,kvB<=16k,kp=0,0.9133,2
128,n<=4,sr<=70%,kvB<=1k,kp<=1k,0.1293,2
128,n<=4,sr<=70%,kvB<=1k,kp<=2k,-0.056,2
128,n<=4,sr<=70%,kvB<=1k,kp<=4k,-0.0043,2
128,n<=4,sr<=70%,kvB<=1k,kp<=512,0.4829,2
128,n<=4,sr<=70%,kvB<=1k,kp<=8k,0.0817,1
128,n<=4,sr<=70%,kvB<=1k,kp=0,0.2459,2
128,n<=4,sr<=70%,kvB<=4k,kp<=1k,0.372,2
128,n<=4,sr<=70%,kvB<=4k,kp<=2k,0.4072,2
128,n<=4,sr<=70%,kvB<=4k,kp<=4k,-0.5751,2
128,n<=4,sr<=70%,kvB<=4k,kp<=512,0.1893,2
128,n<=4,sr<=70%,kvB<=4k,kp<=8k,-0.2593,2
128,n<=4,sr<=70%,kvB<=4k,kp=0,0.573,2
128,n<=4,sr>70%,kvB<=16k,kp<=1k,0.4547,2
128,n<=4,sr>70%,kvB<=16k,kp<=2k,0.244,2
128,n<=4,sr>70%,kvB<=16k,kp<=4k,0.2688,2
128,n<=4,sr>70%,kvB<=16k,kp<=512,0.5919,2
128,n<=4,sr>70%,kvB<=16k,kp<=8k,0.5915,2
128,n<=4,sr>70%,kvB<=16k,kp=0,0.882,2
128,n<=4,sr>70%,kvB<=1k,kp<=1k,0.2389,2
128,n<=4,sr>70%,kvB<=1k,kp<=2k,0.2778,2
128,n<=4,sr>70%,kvB<=1k,kp<=4k,-0.1485,2
128,n<=4,sr>70%,kvB<=1k,kp<=512,0.8449,2
128,n<=4,sr>70%,kvB<=1k,kp<=8k,-0.0024,2
128,n<=4,sr>70%,kvB<=1k,kp=0,0.1556,2
128,n<=4,sr>70%,kvB<=4k,kp<=1k,0.3196,2
128,n<=4,sr>70%,kvB<=4k,kp<=2k,0.6524,2
128,n<=4,sr>70%,kvB<=4k,kp<=4k,0.6927,2
128,n<=4,sr>70%,kvB<=4k,kp<=512,-0.0732,2
128,n<=4,sr>70%,kvB<=4k,kp<=8k,0.1558,2
128,n<=4,sr>70%,kvB<=4k,kp=0,0.5692,2
128,n<=64,sr<=15%,kvB<=16k,kp<=1k,0.0093,4
128,n<=64,sr<=15%,kvB<=16k,kp<=2k,0.0093,4
128,n<=64,sr<=15%,kvB<=16k,kp<=4k,0.0105,4
128,n<=64,sr<=15%,kvB<=16k,kp<=512,0.0091,4
128,n<=64,sr<=15%,kvB<=16k,kp<=8k,0.0059,4
128,n<=64,sr<=15%,kvB<=16k,kp=0,0.008,4
128,n<=64,sr<=15%,kvB<=1k,kp<=1k,0.0355,4
128,n<=64,sr<=15%,kvB<=1k,kp<=2k,0.0459,4
128,n<=64,sr<=15%,kvB<=1k,kp<=4k,0.0501,4
128,n<=64,sr<=15%,kvB<=1k,kp<=512,0.0551,4
128,n<=64,sr<=15%,kvB<=1k,kp<=8k,0.0497,4
128,n<=64,sr<=15%,kvB<=1k,kp=0,0.0483,4
128,n<=64,sr<=15%,kvB<=4k,kp<=1k,0.0118,4
128,n<=64,sr<=15%,kvB<=4k,kp<=2k,0.0084,4
128,n<=64,sr<=15%,kvB<=4k,kp<=4k,0.0015,4
128,n<=64,sr<=15%,kvB<=4k,kp<=512,0.012,4
128,n<=64,sr<=15%,kvB<=4k,kp<=8k,0.0006,4
128,n<=64,sr<=15%,kvB<=4k,kp=0,0.0101,4
128,n<=64,sr<=40%,kvB<=16k,kp<=1k,0.0047,2
128,n<=64,sr<=40%,kvB<=16k,kp<=2k,0.0049,2
128,n<=64,sr<=40%,kvB<=16k,kp<=4k,0.0058,2
128,n<=64,sr<=40%,kvB<=16k,kp<=512,0.0019,2
128,n<=64,sr<=40%,kvB<=16k,kp<=8k,0.0067,2
128,n<=64,sr<=40%,kvB<=16k,kp=0,0.0026,2
128,n<=64,sr<=40%,kvB<=1k,kp<=1k,0.0547,2
128,n<=64,sr<=40%,kvB<=1k,kp<=2k,0.0481,2
128,n<=64,sr<=40%,kvB<=1k,kp<=4k,0.0506,2
128,n<=64,sr<=40%,kvB<=1k,kp<=512,0.0542,2
128,n<=64,sr<=40%,kvB<=1k,kp<=8k,0.0753,2
128,n<=64,sr<=40%,kvB<=1k,kp=0,0.0416,2
128,n<=64,sr<=40%,kvB<=4k,kp<=1k,0.0015,2
128,n<=64,sr<=40%,kvB<=4k,kp<=2k,-0.0003,2
128,n<=64,sr<=40%,kvB<=4k,kp<=4k,-0.0033,2
128,n<=64,sr<=40%,kvB<=4k,kp<=512,0.0021,2
128,n<=64,sr<=40%,kvB<=4k,kp<=8k,-0.012,2
128,n<=64,sr<=40%,kvB<=4k,kp=0,0.0001,2
128,n<=64,sr<=5%,kvB<=16k,kp<=1k,0.0115,6
128,n<=64,sr<=5%,kvB<=16k,kp<=2k,0.012,6
128,n<=64,sr<=5%,kvB<=16k,kp<=4k,0.0113,6
128,n<=64,sr<=5%,kvB<=16k,kp<=512,0.0125,6
128,n<=64,sr<=5%,kvB<=16k,kp<=8k,0.0083,6
128,n<=64,sr<=5%,kvB<=16k,kp=0,0.011,6
128,n<=64,sr<=5%,kvB<=1k,kp<=1k,0.0098,6
128,n<=64,sr<=5%,kvB<=1k,kp<=2k,0.0138,6
128,n<=64,sr<=5%,kvB<=1k,kp<=4k,0.0152,6
128,n<=64,sr<=5%,kvB<=1k,kp<=512,0.0246,6
128,n<=64,sr<=5%,kvB<=1k,kp<=8k,0.0246,6
128,n<=64,sr<=5%,kvB<=1k,kp=0,0.0162,6
128,n<=64,sr<=5%,kvB<=4k,kp<=1k,0.0133,6
128,n<=64,sr<=5%,kvB<=4k,kp<=2k,0.0106,6
128,n<=64,sr<=5%,kvB<=4k,kp<=4k,0.0025,6
128,n<=64,sr<=5%,kvB<=4k,kp<=512,0.0136,6
128,n<=64,sr<=5%,kvB<=4k,kp<=8k,0.0035,6
128,n<=64,sr<=5%,kvB<=4k,kp=0,0.0128,6
128,n<=64,sr<=70%,kvB<=16k,kp<=1k,-0.0036,2
128,n<=64,sr<=70%,kvB<=16k,kp<=2k,-0.0002,2
128,n<=64,sr<=70%,kvB<=16k,kp<=4k,-0.0016,2
128,n<=64,sr<=70%,kvB<=16k,kp<=512,-0.0029,2
128,n<=64,sr<=70%,kvB<=16k,kp<=8k,0.0012,2
128,n<=64,sr<=70%,kvB<=16k,kp=0,-0.0032,2
128,n<=64,sr<=70%,kvB<=1k,kp<=1k,0.0183,2
128,n<=64,sr<=70%,kvB<=1k,kp<=2k,0.0319,2
128,n<=64,sr<=70%,kvB<=1k,kp<=4k,0.0088,2
128,n<=64,sr<=70%,kvB<=1k,kp<=512,0.0214,2
128,n<=64,sr<=70%,kvB<=1k,kp<=8k,0.0791,2
128,n<=64,sr<=70%,kvB<=1k,kp=0,-0.0067,2
128,n<=64,sr<=70%,kvB<=4k,kp<=1k,0.0004,2
128,n<=64,sr<=70%,kvB<=4k,kp<=2k,0.0008,2
128,n<=64,sr<=70%,kvB<=4k,kp<=4k,0.0023,2
128,n<=64,sr<=70%,kvB<=4k,kp<=512,-0.0037,2
128,n<=64,sr<=70%,kvB<=4k,kp<=8k,-0.0009,2
128,n<=64,sr<=70%,kvB<=4k,kp=0,-0.0009,2
128,n<=64,sr>70%,kvB<=16k,kp<=1k,-0.0087,4
128,n<=64,sr>70%,kvB<=16k,kp<=2k,-0.0008,4
128,n<=64,sr>70%,kvB<=16k,kp<=4k,0.0018,4
128,n<=64,sr>70%,kvB<=16k,kp<=512,-0.0039,4
128,n<=64,sr>70%,kvB<=16k,kp<=8k,-0.0067,4
128,n<=64,sr>70%,kvB<=16k,kp=0,-0.0083,4
128,n<=64,sr>70%,kvB<=1k,kp<=1k,0.0715,4
128,n<=64,sr>70%,kvB<=1k,kp<=2k,0.1298,4
128,n<=64,sr>70%,kvB<=1k,kp<=4k,0.236,4
128,n<=64,sr>70%,kvB<=1k,kp<=512,0.1362,4
128,n<=64,sr>70%,kvB<=1k,kp<=8k,0.2101,4
128,n<=64,sr>70%,kvB<=1k,kp=0,0.1049,4
128,n<=64,sr>70%,kvB<=4k,kp<=1k,-0.0011,4
128,n<=64,sr>70%,kvB<=4k,kp<=2k,-0.0061,4
128,n<=64,sr>70%,kvB<=4k,kp<=4k,-0.0006,4
128,n<=64,sr>70%,kvB<=4k,kp<=512,-0.0149,4
128,n<=64,sr>70%,kvB<=4k,kp<=8k,0.0228,4
128,n<=64,sr>70%,kvB<=4k,kp=0,-0.0107,4
128,n<=8,sr<=15%,kvB<=16k,kp<=1k,0.1866,2
128,n<=8,sr<=15%,kvB<=16k,kp<=2k,0.1645,2
128,n<=8,sr<=15%,kvB<=16k,kp<=4k,0.133,2
128,n<=8,sr<=15%,kvB<=16k,kp<=512,0.2078,2
128,n<=8,sr<=15%,kvB<=16k,kp<=8k,0.0965,2
128,n<=8,sr<=15%,kvB<=16k,kp=0,0.2237,2
128,n<=8,sr<=15%,kvB<=1k,kp<=1k,0.1005,2
128,n<=8,sr<=15%,kvB<=1k,kp<=2k,0.0991,2
128,n<=8,sr<=15%,kvB<=1k,kp<=4k,0.1042,2
128,n<=8,sr<=15%,kvB<=1k,kp<=512,0.2052,2
128,n<=8,sr<=15%,kvB<=1k,kp<=8k,0.0628,2
128,n<=8,sr<=15%,kvB<=1k,kp=0,0.2549,2
128,n<=8,sr<=15%,kvB<=4k,kp<=1k,0.1734,2
128,n<=8,sr<=15%,kvB<=4k,kp<=2k,0.1187,2
128,n<=8,sr<=15%,kvB<=4k,kp<=4k,0.0233,2
128,n<=8,sr<=15%,kvB<=4k,kp<=512,0.191,2
128,n<=8,sr<=15%,kvB<=4k,kp<=8k,0.0375,2
128,n<=8,sr<=15%,kvB<=4k,kp=0,0.2149,2
128,n<=8,sr<=40%,kvB<=16k,kp<=1k,0.2106,4
128,n<=8,sr<=40%,kvB<=16k,kp<=2k,0.1321,4
128,n<=8,sr<=40%,kvB<=16k,kp<=4k,0.1695,4
128,n<=8,sr<=40%,kvB<=16k,kp<=512,0.278,4
128,n<=8,sr<=40%,kvB<=16k,kp<=8k,0.2098,4
128,n<=8,sr<=40%,kvB<=16k,kp=0,0.3251,4
128,n<=8,sr<=40%,kvB<=1k,kp<=1k,0.1092,4
128,n<=8,sr<=40%,kvB<=1k,kp<=2k,0.0453,4
128,n<=8,sr<=40%,kvB<=1k,kp<=4k,0.0022,4
128,n<=8,sr<=40%,kvB<=1k,kp<=512,0.2322,4
128,n<=8,sr<=40%,kvB<=1k,kp<=8k,0.1642,4
128,n<=8,sr<=40%,kvB<=1k,kp=0,0.2174,4
128,n<=8,sr<=40%,kvB<=4k,kp<=1k,0.1895,4
128,n<=8,sr<=40%,kvB<=4k,kp<=2k,0.2092,4
128,n<=8,sr<=40%,kvB<=4k,kp<=4k,0.0116,4
128,n<=8,sr<=40%,kvB<=4k,kp<=512,0.1569,4
128,n<=8,sr<=40%,kvB<=4k,kp<=8k,-0.0831,4
128,n<=8,sr<=40%,kvB<=4k,kp=0,0.2261,4
128,n<=8,sr<=70%,kvB<=16k,kp<=1k,0.4101,2
128,n<=8,sr<=70%,kvB<=16k,kp<=2k,0.2528,2
128,n<=8,sr<=70%,kvB<=16k,kp<=4k,0.1085,2
128,n<=8,sr<=70%,kvB<=16k,kp<=512,0.4024,2
128,n<=8,sr<=70%,kvB<=16k,kp<=8k,0.1631,2
128,n<=8,sr<=70%,kvB<=16k,kp=0,0.3416,2
128,n<=8,sr<=70%,kvB<=1k,kp<=1k,0.0075,2
128,n<=8,sr<=70%,kvB<=1k,kp<=2k,0.0815,2
128,n<=8,sr<=70%,kvB<=1k,kp<=4k,0.0721,2
128,n<=8,sr<=70%,kvB<=1k,kp<=512,0.2653,2
128,n<=8,sr<=70%,kvB<=1k,kp<=8k,-0.0676,2
128,n<=8,sr<=70%,kvB<=1k,kp=0,0.161,2
128,n<=8,sr<=70%,kvB<=4k,kp<=1k,0.1722,2
128,n<=8,sr<=70%,kvB<=4k,kp<=2k,0.2518,2
128,n<=8,sr<=70%,kvB<=4k,kp<=4k,-0.0414,2
128,n<=8,sr<=70%,kvB<=4k,kp<=512,0.1393,2
128,n<=8,sr<=70%,kvB<=4k,kp<=8k,-0.0379,2
128,n<=8,sr<=70%,kvB<=4k,kp=0,0.3187,2
128,n<=8,sr>70%,kvB<=16k,kp<=1k,0.9036,4
128,n<=8,sr>70%,kvB<=16k,kp<=2k,0.525,4
128,n<=8,sr>70%,kvB<=16k,kp<=4k,0.0757,4
128,n<=8,sr>70%,kvB<=16k,kp<=512,0.9243,4
128,n<=8,sr>70%,kvB<=16k,kp<=8k,0.6118,4
128,n<=8,sr>70%,kvB<=16k,kp=0,1.0168,4
128,n<=8,sr>70%,kvB<=1k,kp<=1k,0.4686,4
128,n<=8,sr>70%,kvB<=1k,kp<=2k,0.3279,4
128,n<=8,sr>70%,kvB<=1k,kp<=4k,-0.1002,4
128,n<=8,sr>70%,kvB<=1k,kp<=512,0.4931,4
128,n<=8,sr>70%,kvB<=1k,kp<=8k,0.0228,4
128,n<=8,sr>70%,kvB<=1k,kp=0,0.2553,4
128,n<=8,sr>70%,kvB<=4k,kp<=1k,0.1065,4
128,n<=8,sr>70%,kvB<=4k,kp<=2k,0.3388,4
128,n<=8,sr>70%,kvB<=4k,kp<=4k,0.5095,4
128,n<=8,sr>70%,kvB<=4k,kp<=512,0.2664,4
128,n<=8,sr>70%,kvB<=4k,kp<=8k,0.0454,4
128,n<=8,sr>70%,kvB<=4k,kp=0,0.68,4
256,n<=128,sr<=15%,kvB<=16k,kp<=1k,-0.0,4
256,n<=128,sr<=15%,kvB<=16k,kp<=2k,-0.0001,4
256,n<=128,sr<=15%,kvB<=16k,kp<=4k,-0.0004,4
256,n<=128,sr<=15%,kvB<=16k,kp<=512,0.0002,4
256,n<=128,sr<=15%,kvB<=16k,kp<=8k,0.0001,4
256,n<=128,sr<=15%,kvB<=16k,kp=0,0.0003,4
256,n<=128,sr<=15%,kvB<=1k,kp<=1k,0.0603,4
256,n<=128,sr<=15%,kvB<=1k,kp<=2k,0.0615,4
256,n<=128,sr<=15%,kvB<=1k,kp<=4k,0.0617,4
256,n<=128,sr<=15%,kvB<=1k,kp<=512,0.0534,4
256,n<=128,sr<=15%,kvB<=1k,kp<=8k,0.0745,4
256,n<=128,sr<=15%,kvB<=1k,kp=0,0.0561,4
256,n<=128,sr<=15%,kvB<=4k,kp<=1k,0.0024,4
256,n<=128,sr<=15%,kvB<=4k,kp<=2k,0.0027,4
256,n<=128,sr<=15%,kvB<=4k,kp<=4k,0.0035,4
256,n<=128,sr<=15%,kvB<=4k,kp<=512,0.0017,4
256,n<=128,sr<=15%,kvB<=4k,kp<=8k,0.0075,4
256,n<=128,sr<=15%,kvB<=4k,kp=0,0.0013,4
256,n<=128,sr<=40%,kvB<=16k,kp<=1k,-0.0017,2
256,n<=128,sr<=40%,kvB<=16k,kp<=2k,-0.002,2
256,n<=128,sr<=40%,kvB<=16k,kp<=4k,-0.0021,2
256,n<=128,sr<=40%,kvB<=16k,kp<=512,-0.0023,2
256,n<=128,sr<=40%,kvB<=16k,kp<=8k,-0.0017,2
256,n<=128,sr<=40%,kvB<=16k,kp=0,-0.0018,2
256,n<=128,sr<=40%,kvB<=1k,kp<=1k,0.1143,2
256,n<=128,sr<=40%,kvB<=1k,kp<=2k,0.1092,2
256,n<=128,sr<=40%,kvB<=1k,kp<=4k,0.117,2
256,n<=128,sr<=40%,kvB<=1k,kp<=512,0.1153,2
256,n<=128,sr<=40%,kvB<=1k,kp<=8k,0.1132,2
256,n<=128,sr<=40%,kvB<=1k,kp=0,0.1142,2
256,n<=128,sr<=40%,kvB<=4k,kp<=1k,0.003,2
256,n<=128,sr<=40%,kvB<=4k,kp<=2k,0.0024,2
256,n<=128,sr<=40%,kvB<=4k,kp<=4k,0.001,2
256,n<=128,sr<=40%,kvB<=4k,kp<=512,0.0035,2
256,n<=128,sr<=40%,kvB<=4k,kp<=8k,0.0053,2
256,n<=128,sr<=40%,kvB<=4k,kp=0,0.001,2
256,n<=128,sr<=5%,kvB<=16k,kp<=1k,0.002,8
256,n<=128,sr<=5%,kvB<=16k,kp<=2k,0.002,8
256,n<=128,sr<=5%,kvB<=16k,kp<=4k,0.0022,8
256,n<=128,sr<=5%,kvB<=16k,kp<=512,0.002,8
256,n<=128,sr<=5%,kvB<=16k,kp<=8k,0.0017,8
256,n<=128,sr<=5%,kvB<=16k,kp=0,0.0024,8
256,n<=128,sr<=5%,kvB<=1k,kp<=1k,0.0098,8
256,n<=128,sr<=5%,kvB<=1k,kp<=2k,0.0138,8
256,n<=128,sr<=5%,kvB<=1k,kp<=4k,0.0128,8
256,n<=128,sr<=5%,kvB<=1k,kp<=512,0.0095,8
256,n<=128,sr<=5%,kvB<=1k,kp<=8k,0.0182,8
256,n<=128,sr<=5%,kvB<=1k,kp=0,0.0125,8
256,n<=128,sr<=5%,kvB<=4k,kp<=1k,0.0028,8
256,n<=128,sr<=5%,kvB<=4k,kp<=2k,0.003,8
256,n<=128,sr<=5%,kvB<=4k,kp<=4k,0.0031,8
256,n<=128,sr<=5%,kvB<=4k,kp<=512,0.0027,8
256,n<=128,sr<=5%,kvB<=4k,kp<=8k,0.0029,8
256,n<=128,sr<=5%,kvB<=4k,kp=0,0.0026,8
256,n<=128,sr<=70%,kvB<=16k,kp<=1k,-0.0053,2
256,n<=128,sr<=70%,kvB<=16k,kp<=2k,-0.0057,2
256,n<=128,sr<=70%,kvB<=16k,kp<=4k,-0.0073,2
256,n<=128,sr<=70%,kvB<=16k,kp<=512,-0.0056,2
256,n<=128,sr<=70%,kvB<=16k,kp<=8k,-0.0074,2
256,n<=128,sr<=70%,kvB<=16k,kp=0,-0.0053,2
256,n<=128,sr<=70%,kvB<=1k,kp<=1k,0.146,2
256,n<=128,sr<=70%,kvB<=1k,kp<=2k,0.1727,2
256,n<=128,sr<=70%,kvB<=1k,kp<=4k,0.1734,2
256,n<=128,sr<=70%,kvB<=1k,kp<=512,0.1715,2
256,n<=128,sr<=70%,kvB<=1k,kp<=8k,0.157,2
256,n<=128,sr<=70%,kvB<=1k,kp=0,0.1692,2
256,n<=128,sr<=70%,kvB<=4k,kp<=1k,-0.0023,2
256,n<=128,sr<=70%,kvB<=4k,kp<=2k,-0.0039,2
256,n<=128,sr<=70%,kvB<=4k,kp<=4k,0.0064,2
256,n<=128,sr<=70%,kvB<=4k,kp<=512,-0.0028,2
256,n<=128,sr<=70%,kvB<=4k,kp<=8k,0.0036,2
256,n<=128,sr<=70%,kvB<=4k,kp=0,-0.0025,2
256,n<=128,sr>70%,kvB<=16k,kp<=1k,-0.0058,4
256,n<=128,sr>70%,kvB<=16k,kp<=2k,-0.0058,4
256,n<=128,sr>70%,kvB<=16k,kp<=4k,-0.0077,4
256,n<=128,sr>70%,kvB<=16k,kp<=512,-0.0046,4
256,n<=128,sr>70%,kvB<=16k,kp<=8k,-0.011,4
256,n<=128,sr>70%,kvB<=16k,kp=0,-0.0061,4
256,n<=128,sr>70%,kvB<=1k,kp<=1k,0.2414,4
256,n<=128,sr>70%,kvB<=1k,kp<=2k,0.29,4
256,n<=128,sr>70%,kvB<=1k,kp<=4k,0.4193,4
256,n<=128,sr>70%,kvB<=1k,kp<=512,0.2065,4
256,n<=128,sr>70%,kvB<=1k,kp<=8k,0.4287,4
256,n<=128,sr>70%,kvB<=1k,kp=0,0.1851,4
256,n<=128,sr>70%,kvB<=4k,kp<=1k,-0.0163,4
256,n<=128,sr>70%,kvB<=4k,kp<=2k,-0.0077,4
256,n<=128,sr>70%,kvB<=4k,kp<=4k,-0.0048,4
256,n<=128,sr>70%,kvB<=4k,kp<=512,-0.0077,4
256,n<=128,sr>70%,kvB<=4k,kp<=8k,0.0105,4
256,n<=128,sr>70%,kvB<=4k,kp=0,-0.0055,4
256,n<=16,sr<=15%,kvB<=16k,kp<=1k,0.086,4
256,n<=16,sr<=15%,kvB<=16k,kp<=2k,0.0644,4
256,n<=16,sr<=15%,kvB<=16k,kp<=4k,0.0275,4
256,n<=16,sr<=15%,kvB<=16k,kp<=512,0.1103,4
256,n<=16,sr<=15%,kvB<=16k,kp<=8k,0.0147,4
256,n<=16,sr<=15%,kvB<=16k,kp=0,0.152,4
256,n<=16,sr<=15%,kvB<=1k,kp<=1k,0.0732,4
256,n<=16,sr<=15%,kvB<=1k,kp<=2k,0.0736,4
256,n<=16,sr<=15%,kvB<=1k,kp<=4k,0.064,4
256,n<=16,sr<=15%,kvB<=1k,kp<=512,0.1074,4
256,n<=16,sr<=15%,kvB<=1k,kp<=8k,0.0877,4
256,n<=16,sr<=15%,kvB<=1k,kp=0,0.1488,4
256,n<=16,sr<=15%,kvB<=4k,kp<=1k,0.0877,4
256,n<=16,sr<=15%,kvB<=4k,kp<=2k,0.0604,4
256,n<=16,sr<=15%,kvB<=4k,kp<=4k,0.0161,4
256,n<=16,sr<=15%,kvB<=4k,kp<=512,0.0904,4
256,n<=16,sr<=15%,kvB<=4k,kp<=8k,0.0111,4
256,n<=16,sr<=15%,kvB<=4k,kp=0,0.1491,4
256,n<=16,sr<=40%,kvB<=16k,kp<=1k,0.115,4
256,n<=16,sr<=40%,kvB<=16k,kp<=2k,0.0635,4
256,n<=16,sr<=40%,kvB<=16k,kp<=4k,0.013,4
256,n<=16,sr<=40%,kvB<=16k,kp<=512,0.1695,4
256,n<=16,sr<=40%,kvB<=16k,kp<=8k,0.0792,4
256,n<=16,sr<=40%,kvB<=16k,kp=0,0.2231,4
256,n<=16,sr<=40%,kvB<=1k,kp<=1k,0.0795,4
256,n<=16,sr<=40%,kvB<=1k,kp<=2k,0.0926,4
256,n<=16,sr<=40%,kvB<=1k,kp<=4k,0.0774,4
256,n<=16,sr<=40%,kvB<=1k,kp<=512,0.1157,4
256,n<=16,sr<=40%,kvB<=1k,kp<=8k,0.1063,4
256,n<=16,sr<=40%,kvB<=1k,kp=0,0.1484,4
256,n<=16,sr<=40%,kvB<=4k,kp<=1k,0.0779,4
256,n<=16,sr<=40%,kvB<=4k,kp<=2k,0.0835,4
256,n<=16,sr<=40%,kvB<=4k,kp<=4k,0.0239,4
256,n<=16,sr<=40%,kvB<=4k,kp<=512,0.0892,4
256,n<=16,sr<=40%,kvB<=4k,kp<=8k,0.031,4
256,n<=16,sr<=40%,kvB<=4k,kp=0,0.1635,4
256,n<=16,sr<=70%,kvB<=16k,kp<=1k,0.2196,2
256,n<=16,sr<=70%,kvB<=16k,kp<=2k,0.1386,2
256,n<=16,sr<=70%,kvB<=16k,kp<=4k,0.0738,2
256,n<=16,sr<=70%,kvB<=16k,kp<=512,0.3439,2
256,n<=16,sr<=70%,kvB<=16k,kp<=8k,0.075,2
256,n<=16,sr<=70%,kvB<=16k,kp=0,0.5285,2
256,n<=16,sr<=70%,kvB<=1k,kp<=1k,0.032,2
256,n<=16,sr<=70%,kvB<=1k,kp<=2k,0.0465,2
256,n<=16,sr<=70%,kvB<=1k,kp<=4k,0.0291,2
256,n<=16,sr<=70%,kvB<=1k,kp<=512,0.0835,2
256,n<=16,sr<=70%,kvB<=1k,kp<=8k,0.0537,2
256,n<=16,sr<=70%,kvB<=1k,kp=0,0.117,2
256,n<=16,sr<=70%,kvB<=4k,kp<=1k,0.0745,2
256,n<=16,sr<=70%,kvB<=4k,kp<=2k,0.2052,2
256,n<=16,sr<=70%,kvB<=4k,kp<=4k,0.1458,2
256,n<=16,sr<=70%,kvB<=4k,kp<=512,0.0872,2
256,n<=16,sr<=70%,kvB<=4k,kp<=8k,0.0191,2
256,n<=16,sr<=70%,kvB<=4k,kp=0,0.4117,2
256,n<=16,sr>70%,kvB<=16k,kp<=1k,0.5819,4
256,n<=16,sr>70%,kvB<=16k,kp<=2k,0.3802,4
256,n<=16,sr>70%,kvB<=16k,kp<=4k,0.1512,4
256,n<=16,sr>70%,kvB<=16k,kp<=512,0.8599,4
256,n<=16,sr>70%,kvB<=16k,kp<=8k,0.1789,4
256,n<=16,sr>70%,kvB<=16k,kp=0,1.6803,4
256,n<=16,sr>70%,kvB<=1k,kp<=1k,0.2763,4
256,n<=16,sr>70%,kvB<=1k,kp<=2k,0.2247,4
256,n<=16,sr>70%,kvB<=1k,kp<=4k,0.2401,4
256,n<=16,sr>70%,kvB<=1k,kp<=512,0.2323,4
256,n<=16,sr>70%,kvB<=1k,kp<=8k,0.2225,4
256,n<=16,sr>70%,kvB<=1k,kp=0,0.2586,4
256,n<=16,sr>70%,kvB<=4k,kp<=1k,0.2292,4
256,n<=16,sr>70%,kvB<=4k,kp<=2k,0.1764,4
256,n<=16,sr>70%,kvB<=4k,kp<=4k,0.6866,4
256,n<=16,sr>70%,kvB<=4k,kp<=512,0.3416,4
256,n<=16,sr>70%,kvB<=4k,kp<=8k,0.3354,4
256,n<=16,sr>70%,kvB<=4k,kp=0,1.1557,4
256,n<=2,sr<=70%,kvB<=16k,kp<=1k,0.1516,2
256,n<=2,sr<=70%,kvB<=16k,kp<=2k,0.3373,2
256,n<=2,sr<=70%,kvB<=16k,kp<=4k,0.3627,2
256,n<=2,sr<=70%,kvB<=16k,kp<=512,0.2858,2
256,n<=2,sr<=70%,kvB<=16k,kp<=8k,0.5873,2
256,n<=2,sr<=70%,kvB<=16k,kp=0,0.8052,2
256,n<=2,sr<=70%,kvB<=1k,kp<=1k,0.2249,2
256,n<=2,sr<=70%,kvB<=1k,kp<=2k,0.5884,2
256,n<=2,sr<=70%,kvB<=1k,kp<=4k,0.5129,2
256,n<=2,sr<=70%,kvB<=1k,kp<=512,0.5823,2
256,n<=2,sr<=70%,kvB<=1k,kp<=8k,0.3309,2
256,n<=2,sr<=70%,kvB<=1k,kp=0,0.5414,2
256,n<=2,sr<=70%,kvB<=4k,kp<=1k,0.5056,2
256,n<=2,sr<=70%,kvB<=4k,kp<=2k,0.6414,2
256,n<=2,sr<=70%,kvB<=4k,kp<=4k,0.0572,2
256,n<=2,sr<=70%,kvB<=4k,kp<=512,0.3947,2
256,n<=2,sr<=70%,kvB<=4k,kp<=8k,0.3199,2
256,n<=2,sr<=70%,kvB<=4k,kp=0,0.2103,2
256,n<=32,sr<=15%,kvB<=16k,kp<=1k,0.0342,6
256,n<=32,sr<=15%,kvB<=16k,kp<=2k,0.028,6
256,n<=32,sr<=15%,kvB<=16k,kp<=4k,0.0237,6
256,n<=32,sr<=15%,kvB<=16k,kp<=512,0.0434,6
256,n<=32,sr<=15%,kvB<=16k,kp<=8k,0.0235,6
256,n<=32,sr<=15%,kvB<=16k,kp=0,0.1164,6
256,n<=32,sr<=15%,kvB<=1k,kp<=1k,0.0615,6
256,n<=32,sr<=15%,kvB<=1k,kp<=2k,0.064,6
256,n<=32,sr<=15%,kvB<=1k,kp<=4k,0.0671,6
256,n<=32,sr<=15%,kvB<=1k,kp<=512,0.0758,6
256,n<=32,sr<=15%,kvB<=1k,kp<=8k,0.0681,6
256,n<=32,sr<=15%,kvB<=1k,kp=0,0.0948,6
256,n<=32,sr<=15%,kvB<=4k,kp<=1k,0.0505,6
256,n<=32,sr<=15%,kvB<=4k,kp<=2k,0.0264,6
256,n<=32,sr<=15%,kvB<=4k,kp<=4k,0.0126,6
256,n<=32,sr<=15%,kvB<=4k,kp<=512,0.0304,6
256,n<=32,sr<=15%,kvB<=4k,kp<=8k,0.0174,6
256,n<=32,sr<=15%,kvB<=4k,kp=0,0.1105,6
256,n<=32,sr<=40%,kvB<=16k,kp<=1k,0.05,2
256,n<=32,sr<=40%,kvB<=16k,kp<=2k,0.0364,2
256,n<=32,sr<=40%,kvB<=16k,kp<=4k,0.0322,2
256,n<=32,sr<=40%,kvB<=16k,kp<=512,0.0604,2
256,n<=32,sr<=40%,kvB<=16k,kp<=8k,0.036,2
256,n<=32,sr<=40%,kvB<=16k,kp=0,0.144,2
256,n<=32,sr<=40%,kvB<=1k,kp<=1k,0.0878,2
256,n<=32,sr<=40%,kvB<=1k,kp<=2k,0.0937,2
256,n<=32,sr<=40%,kvB<=1k,kp<=4k,0.1088,2
256,n<=32,sr<=40%,kvB<=1k,kp<=512,0.0986,2
256,n<=32,sr<=40%,kvB<=1k,kp<=8k,0.1025,2
256,n<=32,sr<=40%,kvB<=1k,kp=0,0.122,2
256,n<=32,sr<=40%,kvB<=4k,kp<=1k,0.0333,2
256,n<=32,sr<=40%,kvB<=4k,kp<=2k,0.0738,2
256,n<=32,sr<=40%,kvB<=4k,kp<=4k,0.0414,2
256,n<=32,sr<=40%,kvB<=4k,kp<=512,0.0326,2
256,n<=32,sr<=40%,kvB<=4k,kp<=8k,0.0117,2
256,n<=32,sr<=40%,kvB<=4k,kp=0,0.2037,2
256,n<=32,sr<=5%,kvB<=16k,kp<=1k,0.0321,2
256,n<=32,sr<=5%,kvB<=16k,kp<=2k,0.0311,2
256,n<=32,sr<=5%,kvB<=16k,kp<=4k,0.0237,2
256,n<=32,sr<=5%,kvB<=16k,kp<=512,0.0414,2
256,n<=32,sr<=5%,kvB<=16k,kp<=8k,0.02,2
256,n<=32,sr<=5%,kvB<=16k,kp=0,0.0961,2
256,n<=32,sr<=5%,kvB<=1k,kp<=1k,0.0159,2
256,n<=32,sr<=5%,kvB<=1k,kp<=2k,0.0149,2
256,n<=32,sr<=5%,kvB<=1k,kp<=4k,0.0149,2
256,n<=32,sr<=5%,kvB<=1k,kp<=512,0.0335,2
256,n<=32,sr<=5%,kvB<=1k,kp<=8k,0.017,2
256,n<=32,sr<=5%,kvB<=1k,kp=0,0.0497,2
256,n<=32,sr<=5%,kvB<=4k,kp<=1k,0.0512,2
256,n<=32,sr<=5%,kvB<=4k,kp<=2k,0.0395,2
256,n<=32,sr<=5%,kvB<=4k,kp<=4k,0.0114,2
256,n<=32,sr<=5%,kvB<=4k,kp<=512,0.0348,2
256,n<=32,sr<=5%,kvB<=4k,kp<=8k,0.015,2
256,n<=32,sr<=5%,kvB<=4k,kp=0,0.0924,2
256,n<=32,sr<=70%,kvB<=16k,kp<=1k,0.0712,2
256,n<=32,sr<=70%,kvB<=16k,kp<=2k,0.054,2
256,n<=32,sr<=70%,kvB<=16k,kp<=4k,0.0437,2
256,n<=32,sr<=70%,kvB<=16k,kp<=512,0.0964,2
256,n<=32,sr<=70%,kvB<=16k,kp<=8k,0.0384,2
256,n<=32,sr<=70%,kvB<=16k,kp=0,0.2414,2
256,n<=32,sr<=70%,kvB<=1k,kp<=1k,0.0922,2
256,n<=32,sr<=70%,kvB<=1k,kp<=2k,0.0832,2
256,n<=32,sr<=70%,kvB<=1k,kp<=4k,0.0561,2
256,n<=32,sr<=70%,kvB<=1k,kp<=512,0.0638,2
256,n<=32,sr<=70%,kvB<=1k,kp<=8k,0.0526,2
256,n<=32,sr<=70%,kvB<=1k,kp=0,0.1011,2
256,n<=32,sr<=70%,kvB<=4k,kp<=1k,0.0594,2
256,n<=32,sr<=70%,kvB<=4k,kp<=2k,0.0614,2
256,n<=32,sr<=70%,kvB<=4k,kp<=4k,0.0424,2
256,n<=32,sr<=70%,kvB<=4k,kp<=512,0.0695,2
256,n<=32,sr<=70%,kvB<=4k,kp<=8k,0.0506,2
256,n<=32,sr<=70%,kvB<=4k,kp=0,0.4876,2
256,n<=32,sr>70%,kvB<=16k,kp<=1k,0.1155,4
256,n<=32,sr>70%,kvB<=16k,kp<=2k,0.095,4
256,n<=32,sr>70%,kvB<=16k,kp<=4k,0.0294,4
256,n<=32,sr>70%,kvB<=16k,kp<=512,0.1726,4
256,n<=32,sr>70%,kvB<=16k,kp<=8k,0.0241,4
256,n<=32,sr>70%,kvB<=16k,kp=0,0.4971,4
256,n<=32,sr>70%,kvB<=1k,kp<=1k,0.1284,4
256,n<=32,sr>70%,kvB<=1k,kp<=2k,0.2756,4
256,n<=32,sr>70%,kvB<=1k,kp<=4k,0.2196,4
256,n<=32,sr>70%,kvB<=1k,kp<=512,0.2771,4
256,n<=32,sr>70%,kvB<=1k,kp<=8k,0.2616,4
256,n<=32,sr>70%,kvB<=1k,kp=0,0.5017,4
256,n<=32,sr>70%,kvB<=4k,kp<=1k,0.0244,4
256,n<=32,sr>70%,kvB<=4k,kp<=2k,0.0427,4
256,n<=32,sr>70%,kvB<=4k,kp<=4k,0.0786,4
256,n<=32,sr>70%,kvB<=4k,kp<=512,0.158,4
256,n<=32,sr>70%,kvB<=4k,kp<=8k,0.0886,4
256,n<=32,sr>70%,kvB<=4k,kp=0,1.6306,4
256,n<=4,sr<=40%,kvB<=16k,kp<=1k,0.2509,2
256,n<=4,sr<=40%,kvB<=16k,kp<=2k,0.2303,2
256,n<=4,sr<=40%,kvB<=16k,kp<=4k,0.2744,2
256,n<=4,sr<=40%,kvB<=16k,kp<=512,0.2935,2
256,n<=4,sr<=40%,kvB<=16k,kp<=8k,0.319,2
256,n<=4,sr<=40%,kvB<=16k,kp=0,0.4261,2
256,n<=4,sr<=40%,kvB<=1k,kp<=1k,0.0789,2
256,n<=4,sr<=40%,kvB<=1k,kp<=2k,0.1233,2
256,n<=4,sr<=40%,kvB<=1k,kp<=4k,0.2859,2
256,n<=4,sr<=40%,kvB<=1k,kp<=512,0.2668,2
256,n<=4,sr<=40%,kvB<=1k,kp<=8k,0.212,2
256,n<=4,sr<=40%,kvB<=1k,kp=0,0.4024,2
256,n<=4,sr<=40%,kvB<=4k,kp<=1k,0.2792,2
256,n<=4,sr<=40%,kvB<=4k,kp<=2k,0.3086,2
256,n<=4,sr<=40%,kvB<=4k,kp<=4k,-0.0495,2
256,n<=4,sr<=40%,kvB<=4k,kp<=512,0.2852,2
256,n<=4,sr<=40%,kvB<=4k,kp<=8k,0.1906,2
256,n<=4,sr<=40%,kvB<=4k,kp=0,0.2896,2
256,n<=4,sr<=70%,kvB<=16k,kp<=1k,0.3159,2
256,n<=4,sr<=70%,kvB<=16k,kp<=2k,0.2542,2
256,n<=4,sr<=70%,kvB<=16k,kp<=4k,0.4041,2
256,n<=4,sr<=70%,kvB<=16k,kp<=512,0.4695,2
256,n<=4,sr<=70%,kvB<=16k,kp<=8k,0.4712,2
256,n<=4,sr<=70%,kvB<=16k,kp=0,0.7742,2
256,n<=4,sr<=70%,kvB<=1k,kp<=1k,0.1964,2
256,n<=4,sr<=70%,kvB<=1k,kp<=2k,-0.1497,2
256,n<=4,sr<=70%,kvB<=1k,kp<=4k,0.2638,2
256,n<=4,sr<=70%,kvB<=1k,kp<=512,0.3726,2
256,n<=4,sr<=70%,kvB<=1k,kp<=8k,0.1675,2
256,n<=4,sr<=70%,kvB<=1k,kp=0,0.3152,2
256,n<=4,sr<=70%,kvB<=4k,kp<=1k,0.3374,2
256,n<=4,sr<=70%,kvB<=4k,kp<=2k,0.3521,2
256,n<=4,sr<=70%,kvB<=4k,kp<=4k,0.3214,2
256,n<=4,sr<=70%,kvB<=4k,kp<=512,0.2336,2
256,n<=4,sr<=70%,kvB<=4k,kp<=8k,-0.5088,2
256,n<=4,sr<=70%,kvB<=4k,kp=0,0.3025,2
256,n<=4,sr>70%,kvB<=16k,kp<=1k,0.1151,2
256,n<=4,sr>70%,kvB<=16k,kp<=2k,-0.0207,2
256,n<=4,sr>70%,kvB<=16k,kp<=4k,0.3266,2
256,n<=4,sr>70%,kvB<=16k,kp<=512,0.512,2
256,n<=4,sr>70%,kvB<=16k,kp<=8k,0.3619,2
256,n<=4,sr>70%,kvB<=16k,kp=0,0.712,2
256,n<=4,sr>70%,kvB<=1k,kp<=1k,0.4339,2
256,n<=4,sr>70%,kvB<=1k,kp<=2k,0.3555,2
256,n<=4,sr>70%,kvB<=1k,kp<=4k,0.1962,2
256,n<=4,sr>70%,kvB<=1k,kp<=512,0.4748,2
256,n<=4,sr>70%,kvB<=1k,kp<=8k,0.3405,2
256,n<=4,sr>70%,kvB<=1k,kp=0,0.3979,2
256,n<=4,sr>70%,kvB<=4k,kp<=1k,0.2696,2
256,n<=4,sr>70%,kvB<=4k,kp<=2k,0.368,2
256,n<=4,sr>70%,kvB<=4k,kp<=4k,0.5764,2
256,n<=4,sr>70%,kvB<=4k,kp<=512,0.1501,2
256,n<=4,sr>70%,kvB<=4k,kp<=8k,0.387,2
256,n<=4,sr>70%,kvB<=4k,kp=0,0.1915,2
256,n<=64,sr<=15%,kvB<=16k,kp<=1k,0.009,4
256,n<=64,sr<=15%,kvB<=16k,kp<=2k,0.0086,4
256,n<=64,sr<=15%,kvB<=16k,kp<=4k,0.0085,4
256,n<=64,sr<=15%,kvB<=16k,kp<=512,0.0088,4
256,n<=64,sr<=15%,kvB<=16k,kp<=8k,0.0087,4
256,n<=64,sr<=15%,kvB<=16k,kp=0,0.0095,4
256,n<=64,sr<=15%,kvB<=1k,kp<=1k,0.0666,4
256,n<=64,sr<=15%,kvB<=1k,kp<=2k,0.0727,4
256,n<=64,sr<=15%,kvB<=1k,kp<=4k,0.0822,4
256,n<=64,sr<=15%,kvB<=1k,kp<=512,0.0635,4
256,n<=64,sr<=15%,kvB<=1k,kp<=8k,0.0683,4
256,n<=64,sr<=15%,kvB<=1k,kp=0,0.0581,4
256,n<=64,sr<=15%,kvB<=4k,kp<=1k,0.012,4
256,n<=64,sr<=15%,kvB<=4k,kp<=2k,0.0095,4
256,n<=64,sr<=15%,kvB<=4k,kp<=4k,0.0048,4
256,n<=64,sr<=15%,kvB<=4k,kp<=512,0.0105,4
256,n<=64,sr<=15%,kvB<=4k,kp<=8k,0.0047,4
256,n<=64,sr<=15%,kvB<=4k,kp=0,0.0095,4
256,n<=64,sr<=40%,kvB<=16k,kp<=1k,0.004,2
256,n<=64,sr<=40%,kvB<=16k,kp<=2k,0.0064,2
256,n<=64,sr<=40%,kvB<=16k,kp<=4k,0.0016,2
256,n<=64,sr<=40%,kvB<=16k,kp<=512,0.003,2
256,n<=64,sr<=40%,kvB<=16k,kp<=8k,0.0027,2
256,n<=64,sr<=40%,kvB<=16k,kp=0,0.0031,2
256,n<=64,sr<=40%,kvB<=1k,kp<=1k,0.0858,2
256,n<=64,sr<=40%,kvB<=1k,kp<=2k,0.0844,2
256,n<=64,sr<=40%,kvB<=1k,kp<=4k,0.0969,2
256,n<=64,sr<=40%,kvB<=1k,kp<=512,0.0663,2
256,n<=64,sr<=40%,kvB<=1k,kp<=8k,0.1391,2
256,n<=64,sr<=40%,kvB<=1k,kp=0,0.0559,2
256,n<=64,sr<=40%,kvB<=4k,kp<=1k,0.003,2
256,n<=64,sr<=40%,kvB<=4k,kp<=2k,-0.0009,2
256,n<=64,sr<=40%,kvB<=4k,kp<=4k,-0.0037,2
256,n<=64,sr<=40%,kvB<=4k,kp<=512,0.0014,2
256,n<=64,sr<=40%,kvB<=4k,kp<=8k,-0.0012,2
256,n<=64,sr<=40%,kvB<=4k,kp=0,-0.0027,2
256,n<=64,sr<=5%,kvB<=16k,kp<=1k,0.0129,6
256,n<=64,sr<=5%,kvB<=16k,kp<=2k,0.0112,6
256,n<=64,sr<=5%,kvB<=16k,kp<=4k,0.0098,6
256,n<=64,sr<=5%,kvB<=16k,kp<=512,0.0115,6
256,n<=64,sr<=5%,kvB<=16k,kp<=8k,0.0096,6
256,n<=64,sr<=5%,kvB<=16k,kp=0,0.0114,6
256,n<=64,sr<=5%,kvB<=1k,kp<=1k,0.0142,6
256,n<=64,sr<=5%,kvB<=1k,kp<=2k,0.0144,6
256,n<=64,sr<=5%,kvB<=1k,kp<=4k,0.032,6
256,n<=64,sr<=5%,kvB<=1k,kp<=512,0.0239,6
256,n<=64,sr<=5%,kvB<=1k,kp<=8k,0.039,6
256,n<=64,sr<=5%,kvB<=1k,kp=0,0.0322,6
256,n<=64,sr<=5%,kvB<=4k,kp<=1k,0.0138,6
256,n<=64,sr<=5%,kvB<=4k,kp<=2k,0.0115,6
256,n<=64,sr<=5%,kvB<=4k,kp<=4k,0.0036,6
256,n<=64,sr<=5%,kvB<=4k,kp<=512,0.013,6
256,n<=64,sr<=5%,kvB<=4k,kp<=8k,0.0064,6
256,n<=64,sr<=5%,kvB<=4k,kp=0,0.0131,6
256,n<=64,sr<=70%,kvB<=16k,kp<=1k,-0.0024,2
256,n<=64,sr<=70%,kvB<=16k,kp<=2k,-0.0009,2
256,n<=64,sr<=70%,kvB<=16k,kp<=4k,0.0016,2
256,n<=64,sr<=70%,kvB<=16k,kp<=512,-0.0025,2
256,n<=64,sr<=70%,kvB<=16k,kp<=8k,-0.0005,2
256,n<=64,sr<=70%,kvB<=16k,kp=0,-0.005,2
256,n<=64,sr<=70%,kvB<=1k,kp<=1k,0.0492,2
256,n<=64,sr<=70%,kvB<=1k,kp<=2k,0.0512,2
256,n<=64,sr<=70%,kvB<=1k,kp<=4k,0.079,2
256,n<=64,sr<=70%,kvB<=1k,kp<=512,0.0519,2
256,n<=64,sr<=70%,kvB<=1k,kp<=8k,0.0652,2
256,n<=64,sr<=70%,kvB<=1k,kp=0,0.0029,2
256,n<=64,sr<=70%,kvB<=4k,kp<=1k,0.003,2
256,n<=64,sr<=70%,kvB<=4k,kp<=2k,-0.0003,2
256,n<=64,sr<=70%,kvB<=4k,kp<=4k,-0.0026,2
256,n<=64,sr<=70%,kvB<=4k,kp<=512,-0.0019,2
256,n<=64,sr<=70%,kvB<=4k,kp<=8k,-0.0019,2
256,n<=64,sr<=70%,kvB<=4k,kp=0,-0.0102,2
256,n<=64,sr>70%,kvB<=16k,kp<=1k,0.0005,4
256,n<=64,sr>70%,kvB<=16k,kp<=2k,-0.0026,4
256,n<=64,sr>70%,kvB<=16k,kp<=4k,-0.0013,4
256,n<=64,sr>70%,kvB<=16k,kp<=512,-0.0068,4
256,n<=64,sr>70%,kvB<=16k,kp<=8k,-0.0117,4
256,n<=64,sr>70%,kvB<=16k,kp=0,-0.0037,4
256,n<=64,sr>70%,kvB<=1k,kp<=1k,0.2629,4
256,n<=64,sr>70%,kvB<=1k,kp<=2k,0.345,4
256,n<=64,sr>70%,kvB<=1k,kp<=4k,0.4249,4
256,n<=64,sr>70%,kvB<=1k,kp<=512,0.2482,4
256,n<=64,sr>70%,kvB<=1k,kp<=8k,0.3569,4
256,n<=64,sr>70%,kvB<=1k,kp=0,0.1311,4
256,n<=64,sr>70%,kvB<=4k,kp<=1k,-0.0062,4
256,n<=64,sr>70%,kvB<=4k,kp<=2k,-0.0123,4
256,n<=64,sr>70%,kvB<=4k,kp<=4k,0.0046,4
256,n<=64,sr>70%,kvB<=4k,kp<=512,-0.0155,4
256,n<=64,sr>70%,kvB<=4k,kp<=8k,0.0589,4
256,n<=64,sr>70%,kvB<=4k,kp=0,-0.0215,4
256,n<=8,sr<=15%,kvB<=16k,kp<=1k,0.1498,2
256,n<=8,sr<=15%,kvB<=16k,kp<=2k,0.1309,2
256,n<=8,sr<=15%,kvB<=16k,kp<=4k,0.1138,2
256,n<=8,sr<=15%,kvB<=16k,kp<=512,0.2174,2
256,n<=8,sr<=15%,kvB<=16k,kp<=8k,0.0993,2
256,n<=8,sr<=15%,kvB<=16k,kp=0,0.2179,2
256,n<=8,sr<=15%,kvB<=1k,kp<=1k,0.0905,2
256,n<=8,sr<=15%,kvB<=1k,kp<=2k,0.0879,2
256,n<=8,sr<=15%,kvB<=1k,kp<=4k,0.1315,2
256,n<=8,sr<=15%,kvB<=1k,kp<=512,0.1708,2
256,n<=8,sr<=15%,kvB<=1k,kp<=8k,0.1929,2
256,n<=8,sr<=15%,kvB<=1k,kp=0,0.252,2
256,n<=8,sr<=15%,kvB<=4k,kp<=1k,0.1802,2
256,n<=8,sr<=15%,kvB<=4k,kp<=2k,0.1241,2
256,n<=8,sr<=15%,kvB<=4k,kp<=4k,-0.0268,2
256,n<=8,sr<=15%,kvB<=4k,kp<=512,0.1718,2
256,n<=8,sr<=15%,kvB<=4k,kp<=8k,-0.0306,2
256,n<=8,sr<=15%,kvB<=4k,kp=0,0.1892,2
256,n<=8,sr<=40%,kvB<=16k,kp<=1k,0.1682,4
256,n<=8,sr<=40%,kvB<=16k,kp<=2k,0.128,4
256,n<=8,sr<=40%,kvB<=16k,kp<=4k,0.1462,4
256,n<=8,sr<=40%,kvB<=16k,kp<=512,0.2532,4
256,n<=8,sr<=40%,kvB<=16k,kp<=8k,0.2101,4
256,n<=8,sr<=40%,kvB<=16k,kp=0,0.3154,4
256,n<=8,sr<=40%,kvB<=1k,kp<=1k,0.0826,4
256,n<=8,sr<=40%,kvB<=1k,kp<=2k,0.0608,4
256,n<=8,sr<=40%,kvB<=1k,kp<=4k,0.095,4
256,n<=8,sr<=40%,kvB<=1k,kp<=512,0.1724,4
256,n<=8,sr<=40%,kvB<=1k,kp<=8k,0.2214,4
256,n<=8,sr<=40%,kvB<=1k,kp=0,0.2362,4
256,n<=8,sr<=40%,kvB<=4k,kp<=1k,0.1816,4
256,n<=8,sr<=40%,kvB<=4k,kp<=2k,0.1878,4
256,n<=8,sr<=40%,kvB<=4k,kp<=4k,-0.0077,4
256,n<=8,sr<=40%,kvB<=4k,kp<=512,0.155,4
256,n<=8,sr<=40%,kvB<=4k,kp<=8k,-0.0134,4
256,n<=8,sr<=40%,kvB<=4k,kp=0,0.1739,4
256,n<=8,sr<=70%,kvB<=16k,kp<=1k,0.2676,2
256,n<=8,sr<=70%,kvB<=16k,kp<=2k,0.1216,2
256,n<=8,sr<=70%,kvB<=16k,kp<=4k,0.0014,2
256,n<=8,sr<=70%,kvB<=16k,kp<=512,0.4715,2
256,n<=8,sr<=70%,kvB<=16k,kp<=8k,0.0928,2
256,n<=8,sr<=70%,kvB<=16k,kp=0,0.3893,2
256,n<=8,sr<=70%,kvB<=1k,kp<=1k,0.0525,2
256,n<=8,sr<=70%,kvB<=1k,kp<=2k,-0.0024,2
256,n<=8,sr<=70%,kvB<=1k,kp<=4k,0.0015,2
256,n<=8,sr<=70%,kvB<=1k,kp<=512,0.1744,2
256,n<=8,sr<=70%,kvB<=1k,kp<=8k,0.1682,2
256,n<=8,sr<=70%,kvB<=1k,kp=0,0.1945,2
256,n<=8,sr<=70%,kvB<=4k,kp<=1k,0.1933,2
256,n<=8,sr<=70%,kvB<=4k,kp<=2k,0.1909,2
256,n<=8,sr<=70%,kvB<=4k,kp<=4k,-0.0177,2
256,n<=8,sr<=70%,kvB<=4k,kp<=512,0.1925,2
256,n<=8,sr<=70%,kvB<=4k,kp<=8k,-0.1398,2
256,n<=8,sr<=70%,kvB<=4k,kp=0,0.2499,2
256,n<=8,sr>70%,kvB<=16k,kp<=1k,0.5512,4
256,n<=8,sr>70%,kvB<=16k,kp<=2k,0.2607,4
256,n<=8,sr>70%,kvB<=16k,kp<=4k,-0.0722,4
256,n<=8,sr>70%,kvB<=16k,kp<=512,0.9885,4
256,n<=8,sr>70%,kvB<=16k,kp<=8k,0.3883,4
256,n<=8,sr>70%,kvB<=16k,kp=0,0.9631,4
256,n<=8,sr>70%,kvB<=1k,kp<=1k,0.304,4
256,n<=8,sr>70%,kvB<=1k,kp<=2k,0.1859,4
256,n<=8,sr>70%,kvB<=1k,kp<=4k,0.3117,4
256,n<=8,sr>70%,kvB<=1k,kp<=512,0.3306,4
256,n<=8,sr>70%,kvB<=1k,kp<=8k,0.3348,4
256,n<=8,sr>70%,kvB<=1k,kp=0,0.3258,4
256,n<=8,sr>70%,kvB<=4k,kp<=1k,0.187,4
256,n<=8,sr>70%,kvB<=4k,kp<=2k,0.3192,4
256,n<=8,sr>70%,kvB<=4k,kp<=4k,0.4784,4
256,n<=8,sr>70%,kvB<=4k,kp<=512,0.1414,4
256,n<=8,sr>70%,kvB<=4k,kp<=8k,0.1922,4
256,n<=8,sr>70%,kvB<=4k,kp=0,0.4742,4
512,n<=128,sr<=15%,kvB<=16k,kp<=1k,0.0001,4
512,n<=128,sr<=15%,kvB<=16k,kp<=2k,-0.0002,4
512,n<=128,sr<=15%,kvB<=16k,kp<=4k,-0.0011,4
512,n<=128,sr<=15%,kvB<=16k,kp<=512,0.0001,4
512,n<=128,sr<=15%,kvB<=16k,kp<=8k,0.0008,4
512,n<=128,sr<=15%,kvB<=16k,kp=0,0.0003,4
512,n<=128,sr<=15%,kvB<=1k,kp<=1k,0.0688,4
512,n<=128,sr<=15%,kvB<=1k,kp<=2k,0.0774,4
512,n<=128,sr<=15%,kvB<=1k,kp<=4k,0.0823,4
512,n<=128,sr<=15%,kvB<=1k,kp<=512,0.0786,4
512,n<=128,sr<=15%,kvB<=1k,kp<=8k,0.0674,4
512,n<=128,sr<=15%,kvB<=1k,kp=0,0.067,4
512,n<=128,sr<=15%,kvB<=4k,kp<=1k,0.006,4
512,n<=128,sr<=15%,kvB<=4k,kp<=2k,0.0077,4
512,n<=128,sr<=15%,kvB<=4k,kp<=4k,0.0134,4
512,n<=128,sr<=15%,kvB<=4k,kp<=512,0.0025,4
512,n<=128,sr<=15%,kvB<=4k,kp<=8k,0.0144,4
512,n<=128,sr<=15%,kvB<=4k,kp=0,0.0031,4
512,n<=128,sr<=40%,kvB<=16k,kp<=1k,-0.0019,2
512,n<=128,sr<=40%,kvB<=16k,kp<=2k,-0.0019,2
512,n<=128,sr<=40%,kvB<=16k,kp<=4k,-0.002,2
512,n<=128,sr<=40%,kvB<=16k,kp<=512,-0.0017,2
512,n<=128,sr<=40%,kvB<=16k,kp<=8k,-0.0059,2
512,n<=128,sr<=40%,kvB<=16k,kp=0,-0.002,2
512,n<=128,sr<=40%,kvB<=1k,kp<=1k,0.1216,2
512,n<=128,sr<=40%,kvB<=1k,kp<=2k,0.1305,2
512,n<=128,sr<=40%,kvB<=1k,kp<=4k,0.1463,2
512,n<=128,sr<=40%,kvB<=1k,kp<=512,0.1167,2
512,n<=128,sr<=40%,kvB<=1k,kp<=8k,0.1518,2
512,n<=128,sr<=40%,kvB<=1k,kp=0,0.1135,2
512,n<=128,sr<=40%,kvB<=4k,kp<=1k,0.0096,2
512,n<=128,sr<=40%,kvB<=4k,kp<=2k,0.0082,2
512,n<=128,sr<=40%,kvB<=4k,kp<=4k,0.0033,2
512,n<=128,sr<=40%,kvB<=4k,kp<=512,0.011,2
512,n<=128,sr<=40%,kvB<=4k,kp<=8k,0.0093,2
512,n<=128,sr<=40%,kvB<=4k,kp=0,0.0103,2
512,n<=128,sr<=5%,kvB<=16k,kp<=1k,0.0019,8
512,n<=128,sr<=5%,kvB<=16k,kp<=2k,0.0019,8
512,n<=128,sr<=5%,kvB<=16k,kp<=4k,0.0013,8
512,n<=128,sr<=5%,kvB<=16k,kp<=512,0.0023,8
512,n<=128,sr<=5%,kvB<=16k,kp<=8k,0.0015,8
512,n<=128,sr<=5%,kvB<=16k,kp=0,0.0018,8
512,n<=128,sr<=5%,kvB<=1k,kp<=1k,0.0124,8
512,n<=128,sr<=5%,kvB<=1k,kp<=2k,0.0182,8
512,n<=128,sr<=5%,kvB<=1k,kp<=4k,0.0176,8
512,n<=128,sr<=5%,kvB<=1k,kp<=512,0.0202,8
512,n<=128,sr<=5%,kvB<=1k,kp<=8k,0.0165,8
512,n<=128,sr<=5%,kvB<=1k,kp=0,0.0188,8
512,n<=128,sr<=5%,kvB<=4k,kp<=1k,0.004,8
512,n<=128,sr<=5%,kvB<=4k,kp<=2k,0.0046,8
512,n<=128,sr<=5%,kvB<=4k,kp<=4k,0.0063,8
512,n<=128,sr<=5%,kvB<=4k,kp<=512,0.0037,8
512,n<=128,sr<=5%,kvB<=4k,kp<=8k,0.0107,8
512,n<=128,sr<=5%,kvB<=4k,kp=0,0.0047,8
512,n<=128,sr<=70%,kvB<=16k,kp<=1k,-0.0036,2
512,n<=128,sr<=70%,kvB<=16k,kp<=2k,-0.003,2
512,n<=128,sr<=70%,kvB<=16k,kp<=4k,-0.0079,2
512,n<=128,sr<=70%,kvB<=16k,kp<=512,-0.0026,2
512,n<=128,sr<=70%,kvB<=16k,kp<=8k,-0.0119,2
512,n<=128,sr<=70%,kvB<=16k,kp=0,-0.0049,2
512,n<=128,sr<=70%,kvB<=1k,kp<=1k,0.1405,2
512,n<=128,sr<=70%,kvB<=1k,kp<=2k,0.1656,2
512,n<=128,sr<=70%,kvB<=1k,kp<=4k,0.071,2
512,n<=128,sr<=70%,kvB<=1k,kp<=512,0.1718,2
512,n<=128,sr<=70%,kvB<=1k,kp<=8k,0.0749,2
512,n<=128,sr<=70%,kvB<=1k,kp=0,0.2102,2
512,n<=128,sr<=70%,kvB<=4k,kp<=1k,0.0057,2
512,n<=128,sr<=70%,kvB<=4k,kp<=2k,0.0024,2
512,n<=128,sr<=70%,kvB<=4k,kp<=4k,0.0139,2
512,n<=128,sr<=70%,kvB<=4k,kp<=512,0.0052,2
512,n<=128,sr<=70%,kvB<=4k,kp<=8k,0.0198,2
512,n<=128,sr<=70%,kvB<=4k,kp=0,0.0048,2
512,n<=128,sr>70%,kvB<=16k,kp<=1k,0.0012,4
512,n<=128,sr>70%,kvB<=16k,kp<=2k,0.0026,4
512,n<=128,sr>70%,kvB<=16k,kp<=4k,-0.0042,4
512,n<=128,sr>70%,kvB<=16k,kp<=512,0.0026,4
512,n<=128,sr>70%,kvB<=16k,kp<=8k,-0.0078,4
512,n<=128,sr>70%,kvB<=16k,kp=0,-0.0026,4
512,n<=128,sr>70%,kvB<=1k,kp<=1k,0.3865,4
512,n<=128,sr>70%,kvB<=1k,kp<=2k,0.4444,4
512,n<=128,sr>70%,kvB<=1k,kp<=4k,0.4238,4
512,n<=128,sr>70%,kvB<=1k,kp<=512,0.3241,4
512,n<=128,sr>70%,kvB<=1k,kp<=8k,0.4123,4
512,n<=128,sr>70%,kvB<=1k,kp=0,0.3261,4
512,n<=128,sr>70%,kvB<=4k,kp<=1k,-0.0135,4
512,n<=128,sr>70%,kvB<=4k,kp<=2k,-0.0078,4
512,n<=128,sr>70%,kvB<=4k,kp<=4k,0.0118,4
512,n<=128,sr>70%,kvB<=4k,kp<=512,-0.0167,4
512,n<=128,sr>70%,kvB<=4k,kp<=8k,0.0352,4
512,n<=128,sr>70%,kvB<=4k,kp=0,-0.0116,4
512,n<=16,sr<=15%,kvB<=16k,kp<=1k,0.0707,4
512,n<=16,sr<=15%,kvB<=16k,kp<=2k,0.0656,4
512,n<=16,sr<=15%,kvB<=16k,kp<=4k,0.0392,4
512,n<=16,sr<=15%,kvB<=16k,kp<=512,0.0697,4
512,n<=16,sr<=15%,kvB<=16k,kp<=8k,0.0517,4
512,n<=16,sr<=15%,kvB<=16k,kp=0,0.1109,4
512,n<=16,sr<=15%,kvB<=1k,kp<=1k,0.0718,4
512,n<=16,sr<=15%,kvB<=1k,kp<=2k,0.0702,4
512,n<=16,sr<=15%,kvB<=1k,kp<=4k,0.0647,4
512,n<=16,sr<=15%,kvB<=1k,kp<=512,0.0809,4
512,n<=16,sr<=15%,kvB<=1k,kp<=8k,0.101,4
512,n<=16,sr<=15%,kvB<=1k,kp=0,0.1329,4
512,n<=16,sr<=15%,kvB<=4k,kp<=1k,0.0684,4
512,n<=16,sr<=15%,kvB<=4k,kp<=2k,0.0597,4
512,n<=16,sr<=15%,kvB<=4k,kp<=4k,0.0147,4
512,n<=16,sr<=15%,kvB<=4k,kp<=512,0.0676,4
512,n<=16,sr<=15%,kvB<=4k,kp<=8k,0.0235,4
512,n<=16,sr<=15%,kvB<=4k,kp=0,0.0844,4
512,n<=16,sr<=40%,kvB<=16k,kp<=1k,0.0628,4
512,n<=16,sr<=40%,kvB<=16k,kp<=2k,0.0534,4
512,n<=16,sr<=40%,kvB<=16k,kp<=4k,0.0099,4
512,n<=16,sr<=40%,kvB<=16k,kp<=512,0.0694,4
512,n<=16,sr<=40%,kvB<=16k,kp<=8k,0.0589,4
512,n<=16,sr<=40%,kvB<=16k,kp=0,0.1532,4
512,n<=16,sr<=40%,kvB<=1k,kp<=1k,0.0792,4
512,n<=16,sr<=40%,kvB<=1k,kp<=2k,0.0799,4
512,n<=16,sr<=40%,kvB<=1k,kp<=4k,0.0733,4
512,n<=16,sr<=40%,kvB<=1k,kp<=512,0.0954,4
512,n<=16,sr<=40%,kvB<=1k,kp<=8k,0.1116,4
512,n<=16,sr<=40%,kvB<=1k,kp=0,0.1319,4
512,n<=16,sr<=40%,kvB<=4k,kp<=1k,0.0659,4
512,n<=16,sr<=40%,kvB<=4k,kp<=2k,0.0618,4
512,n<=16,sr<=40%,kvB<=4k,kp<=4k,-0.0012,4
512,n<=16,sr<=40%,kvB<=4k,kp<=512,0.0617,4
512,n<=16,sr<=40%,kvB<=4k,kp<=8k,0.0093,4
512,n<=16,sr<=40%,kvB<=4k,kp=0,0.0535,4
512,n<=16,sr<=70%,kvB<=16k,kp<=1k,0.0832,2
512,n<=16,sr<=70%,kvB<=16k,kp<=2k,0.053,2
512,n<=16,sr<=70%,kvB<=16k,kp<=4k,-0.0153,2
512,n<=16,sr<=70%,kvB<=16k,kp<=512,0.1031,2
512,n<=16,sr<=70%,kvB<=16k,kp<=8k,0.0233,2
512,n<=16,sr<=70%,kvB<=16k,kp=0,0.3012,2
512,n<=16,sr<=70%,kvB<=1k,kp<=1k,0.0462,2
512,n<=16,sr<=70%,kvB<=1k,kp<=2k,0.0418,2
512,n<=16,sr<=70%,kvB<=1k,kp<=4k,0.058,2
512,n<=16,sr<=70%,kvB<=1k,kp<=512,0.0922,2
512,n<=16,sr<=70%,kvB<=1k,kp<=8k,0.0924,2
512,n<=16,sr<=70%,kvB<=1k,kp=0,0.1124,2
512,n<=16,sr<=70%,kvB<=4k,kp<=1k,0.0743,2
512,n<=16,sr<=70%,kvB<=4k,kp<=2k,0.0969,2
512,n<=16,sr<=70%,kvB<=4k,kp<=4k,0.0204,2
512,n<=16,sr<=70%,kvB<=4k,kp<=512,-0.0065,2
512,n<=16,sr<=70%,kvB<=4k,kp<=8k,0.0525,2
512,n<=16,sr<=70%,kvB<=4k,kp=0,0.1391,2
512,n<=16,sr>70%,kvB<=16k,kp<=1k,0.1655,4
512,n<=16,sr>70%,kvB<=16k,kp<=2k,0.0843,4
512,n<=16,sr>70%,kvB<=16k,kp<=4k,-0.0001,4
512,n<=16,sr>70%,kvB<=16k,kp<=512,0.2646,4
512,n<=16,sr>70%,kvB<=16k,kp<=8k,0.1296,4
512,n<=16,sr>70%,kvB<=16k,kp=0,0.7671,4
512,n<=16,sr>70%,kvB<=1k,kp<=1k,0.2172,4
512,n<=16,sr>70%,kvB<=1k,kp<=2k,0.2015,4
512,n<=16,sr>70%,kvB<=1k,kp<=4k,0.2596,4
512,n<=16,sr>70%,kvB<=1k,kp<=512,0.2521,4
512,n<=16,sr>70%,kvB<=1k,kp<=8k,0.2339,4
512,n<=16,sr>70%,kvB<=1k,kp=0,0.2511,4
512,n<=16,sr>70%,kvB<=4k,kp<=1k,-0.1611,4
512,n<=16,sr>70%,kvB<=4k,kp<=2k,0.0458,4
512,n<=16,sr>70%,kvB<=4k,kp<=4k,0.0691,4
512,n<=16,sr>70%,kvB<=4k,kp<=512,0.0022,4
512,n<=16,sr>70%,kvB<=4k,kp<=8k,0.0039,4
512,n<=16,sr>70%,kvB<=4k,kp=0,0.2925,4
512,n<=2,sr<=70%,kvB<=16k,kp<=1k,0.2796,2
512,n<=2,sr<=70%,kvB<=16k,kp<=2k,0.4629,2
512,n<=2,sr<=70%,kvB<=16k,kp<=4k,0.5866,2
512,n<=2,sr<=70%,kvB<=16k,kp<=512,0.2273,2
512,n<=2,sr<=70%,kvB<=16k,kp<=8k,0.6189,2
512,n<=2,sr<=70%,kvB<=16k,kp=0,0.2758,2
512,n<=2,sr<=70%,kvB<=1k,kp<=1k,0.2661,2
512,n<=2,sr<=70%,kvB<=1k,kp<=2k,0.4669,2
512,n<=2,sr<=70%,kvB<=1k,kp<=4k,0.167,2
512,n<=2,sr<=70%,kvB<=1k,kp<=512,0.1618,2
512,n<=2,sr<=70%,kvB<=1k,kp<=8k,0.1555,2
512,n<=2,sr<=70%,kvB<=1k,kp=0,0.4161,2
512,n<=2,sr<=70%,kvB<=4k,kp<=1k,0.4793,2
512,n<=2,sr<=70%,kvB<=4k,kp<=2k,0.6246,2
512,n<=2,sr<=70%,kvB<=4k,kp<=4k,-0.0972,2
512,n<=2,sr<=70%,kvB<=4k,kp<=512,0.4872,2
512,n<=2,sr<=70%,kvB<=4k,kp<=8k,0.3375,2
512,n<=2,sr<=70%,kvB<=4k,kp=0,0.4032,2
512,n<=32,sr<=15%,kvB<=16k,kp<=1k,0.0266,6
512,n<=32,sr<=15%,kvB<=16k,kp<=2k,0.0245,6
512,n<=32,sr<=15%,kvB<=16k,kp<=4k,0.0239,6
512,n<=32,sr<=15%,kvB<=16k,kp<=512,0.0283,6
512,n<=32,sr<=15%,kvB<=16k,kp<=8k,0.0247,6
512,n<=32,sr<=15%,kvB<=16k,kp=0,0.0831,6
512,n<=32,sr<=15%,kvB<=1k,kp<=1k,0.0617,6
512,n<=32,sr<=15%,kvB<=1k,kp<=2k,0.0681,6
512,n<=32,sr<=15%,kvB<=1k,kp<=4k,0.0709,6
512,n<=32,sr<=15%,kvB<=1k,kp<=512,0.0668,6
512,n<=32,sr<=15%,kvB<=1k,kp<=8k,0.0656,6
512,n<=32,sr<=15%,kvB<=1k,kp=0,0.0804,6
512,n<=32,sr<=15%,kvB<=4k,kp<=1k,0.0286,6
512,n<=32,sr<=15%,kvB<=4k,kp<=2k,0.0279,6
512,n<=32,sr<=15%,kvB<=4k,kp<=4k,0.013,6
512,n<=32,sr<=15%,kvB<=4k,kp<=512,0.0291,6
512,n<=32,sr<=15%,kvB<=4k,kp<=8k,0.0093,6
512,n<=32,sr<=15%,kvB<=4k,kp=0,0.0282,6
512,n<=32,sr<=40%,kvB<=16k,kp<=1k,0.0223,2
512,n<=32,sr<=40%,kvB<=16k,kp<=2k,0.0216,2
512,n<=32,sr<=40%,kvB<=16k,kp<=4k,0.0204,2
512,n<=32,sr<=40%,kvB<=16k,kp<=512,0.0237,2
512,n<=32,sr<=40%,kvB<=16k,kp<=8k,0.0417,2
512,n<=32,sr<=40%,kvB<=16k,kp=0,0.1428,2
512,n<=32,sr<=40%,kvB<=1k,kp<=1k,0.0923,2
512,n<=32,sr<=40%,kvB<=1k,kp<=2k,0.1139,2
512,n<=32,sr<=40%,kvB<=1k,kp<=4k,0.1192,2
512,n<=32,sr<=40%,kvB<=1k,kp<=512,0.1073,2
512,n<=32,sr<=40%,kvB<=1k,kp<=8k,0.1227,2
512,n<=32,sr<=40%,kvB<=1k,kp=0,0.1029,2
512,n<=32,sr<=40%,kvB<=4k,kp<=1k,0.0247,2
512,n<=32,sr<=40%,kvB<=4k,kp<=2k,0.0231,2
512,n<=32,sr<=40%,kvB<=4k,kp<=4k,0.01,2
512,n<=32,sr<=40%,kvB<=4k,kp<=512,0.0163,2
512,n<=32,sr<=40%,kvB<=4k,kp<=8k,0.0138,2
512,n<=32,sr<=40%,kvB<=4k,kp=0,0.0206,2
512,n<=32,sr<=5%,kvB<=16k,kp<=1k,0.0307,2
512,n<=32,sr<=5%,kvB<=16k,kp<=2k,0.0296,2
512,n<=32,sr<=5%,kvB<=16k,kp<=4k,0.0266,2
512,n<=32,sr<=5%,kvB<=16k,kp<=512,0.0326,2
512,n<=32,sr<=5%,kvB<=16k,kp<=8k,0.0226,2
512,n<=32,sr<=5%,kvB<=16k,kp=0,0.0616,2
512,n<=32,sr<=5%,kvB<=1k,kp<=1k,0.0158,2
512,n<=32,sr<=5%,kvB<=1k,kp<=2k,0.0166,2
512,n<=32,sr<=5%,kvB<=1k,kp<=4k,0.0175,2
512,n<=32,sr<=5%,kvB<=1k,kp<=512,0.0206,2
512,n<=32,sr<=5%,kvB<=1k,kp<=8k,0.0165,2
512,n<=32,sr<=5%,kvB<=1k,kp=0,0.0381,2
512,n<=32,sr<=5%,kvB<=4k,kp<=1k,0.0385,2
512,n<=32,sr<=5%,kvB<=4k,kp<=2k,0.0347,2
512,n<=32,sr<=5%,kvB<=4k,kp<=4k,0.022,2
512,n<=32,sr<=5%,kvB<=4k,kp<=512,0.0349,2
512,n<=32,sr<=5%,kvB<=4k,kp<=8k,0.0229,2
512,n<=32,sr<=5%,kvB<=4k,kp=0,0.0343,2
512,n<=32,sr<=70%,kvB<=16k,kp<=1k,0.0112,2
512,n<=32,sr<=70%,kvB<=16k,kp<=2k,0.0134,2
512,n<=32,sr<=70%,kvB<=16k,kp<=4k,0.0156,2
512,n<=32,sr<=70%,kvB<=16k,kp<=512,0.0141,2
512,n<=32,sr<=70%,kvB<=16k,kp<=8k,0.0111,2
512,n<=32,sr<=70%,kvB<=16k,kp=0,0.2246,2
512,n<=32,sr<=70%,kvB<=1k,kp<=1k,0.0401,2
512,n<=32,sr<=70%,kvB<=1k,kp<=2k,0.0525,2
512,n<=32,sr<=70%,kvB<=1k,kp<=4k,0.057,2
512,n<=32,sr<=70%,kvB<=1k,kp<=512,0.0773,2
512,n<=32,sr<=70%,kvB<=1k,kp<=8k,0.0642,2
512,n<=32,sr<=70%,kvB<=1k,kp=0,0.0848,2
512,n<=32,sr<=70%,kvB<=4k,kp<=1k,0.0108,2
512,n<=32,sr<=70%,kvB<=4k,kp<=2k,0.032,2
512,n<=32,sr<=70%,kvB<=4k,kp<=4k,0.008,2
512,n<=32,sr<=70%,kvB<=4k,kp<=512,0.0197,2
512,n<=32,sr<=70%,kvB<=4k,kp<=8k,0.0062,2
512,n<=32,sr<=70%,kvB<=4k,kp=0,0.0834,2
512,n<=32,sr>70%,kvB<=16k,kp<=1k,0.0457,4
512,n<=32,sr>70%,kvB<=16k,kp<=2k,0.0446,4
512,n<=32,sr>70%,kvB<=16k,kp<=4k,0.0271,4
512,n<=32,sr>70%,kvB<=16k,kp<=512,0.036,4
512,n<=32,sr>70%,kvB<=16k,kp<=8k,0.0447,4
512,n<=32,sr>70%,kvB<=16k,kp=0,0.5675,4
512,n<=32,sr>70%,kvB<=1k,kp<=1k,0.1805,4
512,n<=32,sr>70%,kvB<=1k,kp<=2k,0.2554,4
512,n<=32,sr>70%,kvB<=1k,kp<=4k,0.2853,4
512,n<=32,sr>70%,kvB<=1k,kp<=512,0.1875,4
512,n<=32,sr>70%,kvB<=1k,kp<=8k,0.3063,4
512,n<=32,sr>70%,kvB<=1k,kp=0,0.1903,4
512,n<=32,sr>70%,kvB<=4k,kp<=1k,0.0038,4
512,n<=32,sr>70%,kvB<=4k,kp<=2k,0.0369,4
512,n<=32,sr>70%,kvB<=4k,kp<=4k,0.0513,4
512,n<=32,sr>70%,kvB<=4k,kp<=512,0.0262,4
512,n<=32,sr>70%,kvB<=4k,kp<=8k,0.0166,4
512,n<=32,sr>70%,kvB<=4k,kp=0,0.4284,4
512,n<=4,sr<=40%,kvB<=16k,kp<=1k,0.2691,2
512,n<=4,sr<=40%,kvB<=16k,kp<=2k,0.3061,2
512,n<=4,sr<=40%,kvB<=16k,kp<=4k,0.3672,2
512,n<=4,sr<=40%,kvB<=16k,kp<=512,0.2683,2
512,n<=4,sr<=40%,kvB<=16k,kp<=8k,0.3017,2
512,n<=4,sr<=40%,kvB<=16k,kp=0,0.3156,2
512,n<=4,sr<=40%,kvB<=1k,kp<=1k,0.1075,2
512,n<=4,sr<=40%,kvB<=1k,kp<=2k,0.1708,2
512,n<=4,sr<=40%,kvB<=1k,kp<=4k,0.3005,2
512,n<=4,sr<=40%,kvB<=1k,kp<=512,0.156,2
512,n<=4,sr<=40%,kvB<=1k,kp<=8k,0.2023,2
512,n<=4,sr<=40%,kvB<=1k,kp=0,0.3588,2
512,n<=4,sr<=40%,kvB<=4k,kp<=1k,0.276,2
512,n<=4,sr<=40%,kvB<=4k,kp<=2k,0.2574,2
512,n<=4,sr<=40%,kvB<=4k,kp<=4k,-0.0465,2
512,n<=4,sr<=40%,kvB<=4k,kp<=512,0.3086,2
512,n<=4,sr<=40%,kvB<=4k,kp<=8k,0.0877,2
512,n<=4,sr<=40%,kvB<=4k,kp=0,0.3009,2
512,n<=4,sr<=70%,kvB<=16k,kp<=1k,0.2461,2
512,n<=4,sr<=70%,kvB<=16k,kp<=2k,0.3455,2
512,n<=4,sr<=70%,kvB<=16k,kp<=4k,0.3657,2
512,n<=4,sr<=70%,kvB<=16k,kp<=512,0.2464,2
512,n<=4,sr<=70%,kvB<=16k,kp<=8k,0.4271,2
512,n<=4,sr<=70%,kvB<=16k,kp=0,0.4703,2
512,n<=4,sr<=70%,kvB<=1k,kp<=1k,0.0632,2
512,n<=4,sr<=70%,kvB<=1k,kp<=2k,-0.0006,2
512,n<=4,sr<=70%,kvB<=1k,kp<=4k,0.2097,2
512,n<=4,sr<=70%,kvB<=1k,kp<=512,0.1957,2
512,n<=4,sr<=70%,kvB<=1k,kp<=8k,0.1441,2
512,n<=4,sr<=70%,kvB<=1k,kp=0,0.3034,2
512,n<=4,sr<=70%,kvB<=4k,kp<=1k,0.2992,2
512,n<=4,sr<=70%,kvB<=4k,kp<=2k,0.347,2
512,n<=4,sr<=70%,kvB<=4k,kp<=4k,0.1731,2
512,n<=4,sr<=70%,kvB<=4k,kp<=512,0.2963,2
512,n<=4,sr<=70%,kvB<=4k,kp<=8k,0.1969,2
512,n<=4,sr<=70%,kvB<=4k,kp=0,0.2629,2
512,n<=4,sr>70%,kvB<=16k,kp<=1k,0.1096,2
512,n<=4,sr>70%,kvB<=16k,kp<=2k,0.2267,2
512,n<=4,sr>70%,kvB<=16k,kp<=4k,0.2718,2
512,n<=4,sr>70%,kvB<=16k,kp<=512,0.0845,2
512,n<=4,sr>70%,kvB<=16k,kp<=8k,0.4243,2
512,n<=4,sr>70%,kvB<=16k,kp=0,0.4969,2
512,n<=4,sr>70%,kvB<=1k,kp<=1k,0.1302,2
512,n<=4,sr>70%,kvB<=1k,kp<=2k,0.0907,2
512,n<=4,sr>70%,kvB<=1k,kp<=4k,0.3255,2
512,n<=4,sr>70%,kvB<=1k,kp<=512,0.3729,2
512,n<=4,sr>70%,kvB<=1k,kp<=8k,0.3797,2
512,n<=4,sr>70%,kvB<=1k,kp=0,0.4374,2
512,n<=4,sr>70%,kvB<=4k,kp<=1k,0.2785,2
512,n<=4,sr>70%,kvB<=4k,kp<=2k,0.297,2
512,n<=4,sr>70%,kvB<=4k,kp<=4k,0.1916,2
512,n<=4,sr>70%,kvB<=4k,kp<=512,0.3207,2
512,n<=4,sr>70%,kvB<=4k,kp<=8k,0.3519,2
512,n<=4,sr>70%,kvB<=4k,kp=0,0.1093,2
512,n<=64,sr<=15%,kvB<=16k,kp<=1k,0.0095,4
512,n<=64,sr<=15%,kvB<=16k,kp<=2k,0.0089,4
512,n<=64,sr<=15%,kvB<=16k,kp<=4k,0.0071,4
512,n<=64,sr<=15%,kvB<=16k,kp<=512,0.0095,4
512,n<=64,sr<=15%,kvB<=16k,kp<=8k,0.008,4
512,n<=64,sr<=15%,kvB<=16k,kp=0,0.0099,4
512,n<=64,sr<=15%,kvB<=1k,kp<=1k,0.0708,4
512,n<=64,sr<=15%,kvB<=1k,kp<=2k,0.0802,4
512,n<=64,sr<=15%,kvB<=1k,kp<=4k,0.1094,4
512,n<=64,sr<=15%,kvB<=1k,kp<=512,0.0746,4
512,n<=64,sr<=15%,kvB<=1k,kp<=8k,0.1158,4
512,n<=64,sr<=15%,kvB<=1k,kp=0,0.0579,4
512,n<=64,sr<=15%,kvB<=4k,kp<=1k,0.0136,4
512,n<=64,sr<=15%,kvB<=4k,kp<=2k,0.0141,4
512,n<=64,sr<=15%,kvB<=4k,kp<=4k,0.0092,4
512,n<=64,sr<=15%,kvB<=4k,kp<=512,0.0089,4
512,n<=64,sr<=15%,kvB<=4k,kp<=8k,0.0126,4
512,n<=64,sr<=15%,kvB<=4k,kp=0,0.007,4
512,n<=64,sr<=40%,kvB<=16k,kp<=1k,0.0061,2
512,n<=64,sr<=40%,kvB<=16k,kp<=2k,0.0067,2
512,n<=64,sr<=40%,kvB<=16k,kp<=4k,0.0017,2
512,n<=64,sr<=40%,kvB<=16k,kp<=512,0.0063,2
512,n<=64,sr<=40%,kvB<=16k,kp<=8k,-0.0006,2
512,n<=64,sr<=40%,kvB<=16k,kp=0,0.0047,2
512,n<=64,sr<=40%,kvB<=1k,kp<=1k,0.1125,2
512,n<=64,sr<=40%,kvB<=1k,kp<=2k,0.1295,2
512,n<=64,sr<=40%,kvB<=1k,kp<=4k,0.1494,2
512,n<=64,sr<=40%,kvB<=1k,kp<=512,0.1027,2
512,n<=64,sr<=40%,kvB<=1k,kp<=8k,0.1539,2
512,n<=64,sr<=40%,kvB<=1k,kp=0,0.0977,2
512,n<=64,sr<=40%,kvB<=4k,kp<=1k,-0.0053,2
512,n<=64,sr<=40%,kvB<=4k,kp<=2k,-0.0023,2
512,n<=64,sr<=40%,kvB<=4k,kp<=4k,-0.004,2
512,n<=64,sr<=40%,kvB<=4k,kp<=512,-0.0124,2
512,n<=64,sr<=40%,kvB<=4k,kp<=8k,-0.0063,2
512,n<=64,sr<=40%,kvB<=4k,kp=0,-0.0099,2
512,n<=64,sr<=5%,kvB<=16k,kp<=1k,0.0124,6
512,n<=64,sr<=5%,kvB<=16k,kp<=2k,0.0122,6
512,n<=64,sr<=5%,kvB<=16k,kp<=4k,0.0097,6
512,n<=64,sr<=5%,kvB<=16k,kp<=512,0.0121,6
512,n<=64,sr<=5%,kvB<=16k,kp<=8k,0.0106,6
512,n<=64,sr<=5%,kvB<=16k,kp=0,0.0126,6
512,n<=64,sr<=5%,kvB<=1k,kp<=1k,0.0348,6
512,n<=64,sr<=5%,kvB<=1k,kp<=2k,0.0334,6
512,n<=64,sr<=5%,kvB<=1k,kp<=4k,0.0272,6
512,n<=64,sr<=5%,kvB<=1k,kp<=512,0.0331,6
512,n<=64,sr<=5%,kvB<=1k,kp<=8k,0.0648,6
512,n<=64,sr<=5%,kvB<=1k,kp=0,0.0228,6
512,n<=64,sr<=5%,kvB<=4k,kp<=1k,0.0148,6
512,n<=64,sr<=5%,kvB<=4k,kp<=2k,0.0142,6
512,n<=64,sr<=5%,kvB<=4k,kp<=4k,0.01,6
512,n<=64,sr<=5%,kvB<=4k,kp<=512,0.0118,6
512,n<=64,sr<=5%,kvB<=4k,kp<=8k,0.0103,6
512,n<=64,sr<=5%,kvB<=4k,kp=0,0.0131,6
512,n<=64,sr<=70%,kvB<=16k,kp<=1k,0.0006,2
512,n<=64,sr<=70%,kvB<=16k,kp<=2k,0.0034,2
512,n<=64,sr<=70%,kvB<=16k,kp<=4k,0.0053,2
512,n<=64,sr<=70%,kvB<=16k,kp<=512,0.0014,2
512,n<=64,sr<=70%,kvB<=16k,kp<=8k,-0.0068,2
512,n<=64,sr<=70%,kvB<=16k,kp=0,0.0023,2
512,n<=64,sr<=70%,kvB<=1k,kp<=1k,0.0949,2
512,n<=64,sr<=70%,kvB<=1k,kp<=2k,0.107,2
512,n<=64,sr<=70%,kvB<=1k,kp<=4k,0.1364,2
512,n<=64,sr<=70%,kvB<=1k,kp<=512,0.081,2
512,n<=64,sr<=70%,kvB<=1k,kp<=8k,0.1849,2
512,n<=64,sr<=70%,kvB<=1k,kp=0,0.0555,2
512,n<=64,sr<=70%,kvB<=4k,kp<=1k,-0.0115,2
512,n<=64,sr<=70%,kvB<=4k,kp<=2k,-0.0085,2
512,n<=64,sr<=70%,kvB<=4k,kp<=4k,0.0059,2
512,n<=64,sr<=70%,kvB<=4k,kp<=512,-0.022,2
512,n<=64,sr<=70%,kvB<=4k,kp<=8k,0.0254,2
512,n<=64,sr<=70%,kvB<=4k,kp=0,-0.0125,2
512,n<=64,sr>70%,kvB<=16k,kp<=1k,0.0064,4
512,n<=64,sr>70%,kvB<=16k,kp<=2k,0.0089,4
512,n<=64,sr>70%,kvB<=16k,kp<=4k,0.0112,4
512,n<=64,sr>70%,kvB<=16k,kp<=512,0.0032,4
512,n<=64,sr>70%,kvB<=16k,kp<=8k,0.0271,4
512,n<=64,sr>70%,kvB<=16k,kp=0,-0.0064,4
512,n<=64,sr>70%,kvB<=1k,kp<=1k,0.3616,4
512,n<=64,sr>70%,kvB<=1k,kp<=2k,0.4748,4
512,n<=64,sr>70%,kvB<=1k,kp<=4k,0.4374,4
512,n<=64,sr>70%,kvB<=1k,kp<=512,0.3038,4
512,n<=64,sr>70%,kvB<=1k,kp<=8k,0.3831,4
512,n<=64,sr>70%,kvB<=1k,kp=0,0.3062,4
512,n<=64,sr>70%,kvB<=4k,kp<=1k,-0.0065,4
512,n<=64,sr>70%,kvB<=4k,kp<=2k,0.0213,4
512,n<=64,sr>70%,kvB<=4k,kp<=4k,0.0284,4
512,n<=64,sr>70%,kvB<=4k,kp<=512,-0.021,4
512,n<=64,sr>70%,kvB<=4k,kp<=8k,0.0638,4
512,n<=64,sr>70%,kvB<=4k,kp=0,-0.0092,4
512,n<=8,sr<=15%,kvB<=16k,kp<=1k,0.15,2
512,n<=8,sr<=15%,kvB<=16k,kp<=2k,0.132,2
512,n<=8,sr<=15%,kvB<=16k,kp<=4k,0.1567,2
512,n<=8,sr<=15%,kvB<=16k,kp<=512,0.1523,2
512,n<=8,sr<=15%,kvB<=16k,kp<=8k,0.1157,2
512,n<=8,sr<=15%,kvB<=16k,kp=0,0.1969,2
512,n<=8,sr<=15%,kvB<=1k,kp<=1k,0.1088,2
512,n<=8,sr<=15%,kvB<=1k,kp<=2k,0.1012,2
512,n<=8,sr<=15%,kvB<=1k,kp<=4k,0.1175,2
512,n<=8,sr<=15%,kvB<=1k,kp<=512,0.1114,2
512,n<=8,sr<=15%,kvB<=1k,kp<=8k,0.1358,2
512,n<=8,sr<=15%,kvB<=1k,kp=0,0.2277,2
512,n<=8,sr<=15%,kvB<=4k,kp<=1k,0.1607,2
512,n<=8,sr<=15%,kvB<=4k,kp<=2k,0.1146,2
512,n<=8,sr<=15%,kvB<=4k,kp<=4k,-0.0277,2
512,n<=8,sr<=15%,kvB<=4k,kp<=512,0.169,2
512,n<=8,sr<=15%,kvB<=4k,kp<=8k,0.0478,2
512,n<=8,sr<=15%,kvB<=4k,kp=0,0.1683,2
512,n<=8,sr<=40%,kvB<=16k,kp<=1k,0.1372,4
512,n<=8,sr<=40%,kvB<=16k,kp<=2k,0.152,4
512,n<=8,sr<=40%,kvB<=16k,kp<=4k,0.1525,4
512,n<=8,sr<=40%,kvB<=16k,kp<=512,0.1613,4
512,n<=8,sr<=40%,kvB<=16k,kp<=8k,0.2009,4
512,n<=8,sr<=40%,kvB<=16k,kp=0,0.2352,4
512,n<=8,sr<=40%,kvB<=1k,kp<=1k,0.0898,4
512,n<=8,sr<=40%,kvB<=1k,kp<=2k,0.0533,4
512,n<=8,sr<=40%,kvB<=1k,kp<=4k,0.1107,4
512,n<=8,sr<=40%,kvB<=1k,kp<=512,0.1209,4
512,n<=8,sr<=40%,kvB<=1k,kp<=8k,0.1473,4
512,n<=8,sr<=40%,kvB<=1k,kp=0,0.214,4
512,n<=8,sr<=40%,kvB<=4k,kp<=1k,0.1574,4
512,n<=8,sr<=40%,kvB<=4k,kp<=2k,0.1702,4
512,n<=8,sr<=40%,kvB<=4k,kp<=4k,-0.0225,4
512,n<=8,sr<=40%,kvB<=4k,kp<=512,0.1514,4
512,n<=8,sr<=40%,kvB<=4k,kp<=8k,-0.0107,4
512,n<=8,sr<=40%,kvB<=4k,kp=0,0.1492,4
512,n<=8,sr<=70%,kvB<=16k,kp<=1k,0.1678,2
512,n<=8,sr<=70%,kvB<=16k,kp<=2k,0.1261,2
512,n<=8,sr<=70%,kvB<=16k,kp<=4k,-0.0114,2
512,n<=8,sr<=70%,kvB<=16k,kp<=512,0.2396,2
512,n<=8,sr<=70%,kvB<=16k,kp<=8k,0.1112,2
512,n<=8,sr<=70%,kvB<=16k,kp=0,0.4131,2
512,n<=8,sr<=70%,kvB<=1k,kp<=1k,0.065,2
512,n<=8,sr<=70%,kvB<=1k,kp<=2k,-0.0032,2
512,n<=8,sr<=70%,kvB<=1k,kp<=4k,0.0851,2
512,n<=8,sr<=70%,kvB<=1k,kp<=512,0.1388,2
512,n<=8,sr<=70%,kvB<=1k,kp<=8k,0.1011,2
512,n<=8,sr<=70%,kvB<=1k,kp=0,0.1917,2
512,n<=8,sr<=70%,kvB<=4k,kp<=1k,0.1779,2
512,n<=8,sr<=70%,kvB<=4k,kp<=2k,0.1898,2
512,n<=8,sr<=70%,kvB<=4k,kp<=4k,-0.0465,2
512,n<=8,sr<=70%,kvB<=4k,kp<=512,0.141,2
512,n<=8,sr<=70%,kvB<=4k,kp<=8k,-0.0668,2
512,n<=8,sr<=70%,kvB<=4k,kp=0,0.1098,2
512,n<=8,sr>70%,kvB<=16k,kp<=1k,0.2418,4
512,n<=8,sr>70%,kvB<=16k,kp<=2k,0.1079,4
512,n<=8,sr>70%,kvB<=16k,kp<=4k,-0.008,4
512,n<=8,sr>70%,kvB<=16k,kp<=512,0.5082,4
512,n<=8,sr>70%,kvB<=16k,kp<=8k,0.2306,4
512,n<=8,sr>70%,kvB<=16k,kp=0,0.9769,4
512,n<=8,sr>70%,kvB<=1k,kp<=1k,0.273,4
512,n<=8,sr>70%,kvB<=1k,kp<=2k,0.2038,4
512,n<=8,sr>70%,kvB<=1k,kp<=4k,0.23,4
512,n<=8,sr>70%,kvB<=1k,kp<=512,0.3251,4
512,n<=8,sr>70%,kvB<=1k,kp<=8k,0.3143,4
512,n<=8,sr>70%,kvB<=1k,kp=0,0.3395,4
512,n<=8,sr>70%,kvB<=4k,kp<=1k,0.1329,4
512,n<=8,sr>70%,kvB<=4k,kp<=2k,0.2151,4
512,n<=8,sr>70%,kvB<=4k,kp<=4k,0.4217,4
512,n<=8,sr>70%,kvB<=4k,kp<=512,0.2369,4
512,n<=8,sr>70%,kvB<=4k,kp<=8k,0.1136,4
512,n<=8,sr>70%,kvB<=4k,kp=0,0.1425,4
1024,n<=128,sr<=15%,kvB<=16k,kp<=1k,-0.002,4
1024,n<=128,sr<=15%,kvB<=16k,kp<=2k,-0.0024,4
1024,n<=128,sr<=15%,kvB<=16k,kp<=4k,-0.0022,4
1024,n<=128,sr<=15%,kvB<=16k,kp<=512,-0.0019,4
1024,n<=128,sr<=15%,kvB<=16k,kp<=8k,0.0003,4
1024,n<=128,sr<=15%,kvB<=16k,kp=0,-0.0,4
1024,n<=128,sr<=15%,kvB<=1k,kp<=1k,0.0857,4
1024,n<=128,sr<=15%,kvB<=1k,kp<=2k,0.0954,4
1024,n<=128,sr<=15%,kvB<=1k,kp<=4k,0.1204,4
1024,n<=128,sr<=15%,kvB<=1k,kp<=512,0.0414,4
1024,n<=128,sr<=15%,kvB<=1k,kp<=8k,0.1306,4
1024,n<=128,sr<=15%,kvB<=1k,kp=0,0.0552,4
1024,n<=128,sr<=15%,kvB<=4k,kp<=1k,0.0102,4
1024,n<=128,sr<=15%,kvB<=4k,kp<=2k,0.0127,4
1024,n<=128,sr<=15%,kvB<=4k,kp<=4k,0.0167,4
1024,n<=128,sr<=15%,kvB<=4k,kp<=512,0.0111,4
1024,n<=128,sr<=15%,kvB<=4k,kp<=8k,0.0124,4
1024,n<=128,sr<=15%,kvB<=4k,kp=0,0.0128,4
1024,n<=128,sr<=40%,kvB<=16k,kp<=1k,-0.0006,2
1024,n<=128,sr<=40%,kvB<=16k,kp<=2k,-0.0025,2
1024,n<=128,sr<=40%,kvB<=16k,kp<=4k,0.0006,2
1024,n<=128,sr<=40%,kvB<=16k,kp<=512,-0.0022,2
1024,n<=128,sr<=40%,kvB<=16k,kp<=8k,-0.0133,2
1024,n<=128,sr<=40%,kvB<=16k,kp=0,-0.0013,2
1024,n<=128,sr<=40%,kvB<=1k,kp<=1k,0.1566,2
1024,n<=128,sr<=40%,kvB<=1k,kp<=2k,0.1575,2
1024,n<=128,sr<=40%,kvB<=1k,kp<=4k,0.1156,2
1024,n<=128,sr<=40%,kvB<=1k,kp<=512,0.1352,2
1024,n<=128,sr<=40%,kvB<=1k,kp<=8k,0.1642,2
1024,n<=128,sr<=40%,kvB<=1k,kp=0,0.0897,2
1024,n<=128,sr<=40%,kvB<=4k,kp<=1k,0.0046,2
1024,n<=128,sr<=40%,kvB<=4k,kp<=2k,-0.0014,2
1024,n<=128,sr<=40%,kvB<=4k,kp<=4k,-0.0021,2
1024,n<=128,sr<=40%,kvB<=4k,kp<=512,0.0095,2
1024,n<=128,sr<=40%,kvB<=4k,kp<=8k,0.0019,2
1024,n<=128,sr<=40%,kvB<=4k,kp=0,0.0133,2
1024,n<=128,sr<=5%,kvB<=16k,kp<=1k,0.0018,8
1024,n<=128,sr<=5%,kvB<=16k,kp<=2k,0.0011,8
1024,n<=128,sr<=5%,kvB<=16k,kp<=4k,-0.0009,8
1024,n<=128,sr<=5%,kvB<=16k,kp<=512,0.0016,8
1024,n<=128,sr<=5%,kvB<=16k,kp<=8k,0.004,8
1024,n<=128,sr<=5%,kvB<=16k,kp=0,0.0025,8
1024,n<=128,sr<=5%,kvB<=1k,kp<=1k,0.0241,8
1024,n<=128,sr<=5%,kvB<=1k,kp<=2k,0.0321,8
1024,n<=128,sr<=5%,kvB<=1k,kp<=4k,0.0683,8
1024,n<=128,sr<=5%,kvB<=1k,kp<=512,0.0278,8
1024,n<=128,sr<=5%,kvB<=1k,kp<=8k,0.0573,8
1024,n<=128,sr<=5%,kvB<=1k,kp=0,0.0339,8
1024,n<=128,sr<=5%,kvB<=4k,kp<=1k,0.0058,8
1024,n<=128,sr<=5%,kvB<=4k,kp<=2k,0.0037,8
1024,n<=128,sr<=5%,kvB<=4k,kp<=4k,0.0055,8
1024,n<=128,sr<=5%,kvB<=4k,kp<=512,0.0063,8
1024,n<=128,sr<=5%,kvB<=4k,kp<=8k,-0.0079,8
1024,n<=128,sr<=5%,kvB<=4k,kp=0,0.0049,8
1024,n<=128,sr<=70%,kvB<=16k,kp<=1k,-0.0003,2
1024,n<=128,sr<=70%,kvB<=16k,kp<=2k,-0.0017,2
1024,n<=128,sr<=70%,kvB<=16k,kp<=4k,-0.0059,2
1024,n<=128,sr<=70%,kvB<=16k,kp<=512,-0.001,2
1024,n<=128,sr<=70%,kvB<=16k,kp<=8k,-0.0136,2
1024,n<=128,sr<=70%,kvB<=16k,kp=0,-0.0016,2
1024,n<=128,sr<=70%,kvB<=1k,kp<=1k,0.0591,2
1024,n<=128,sr<=70%,kvB<=1k,kp<=2k,0.1263,2
1024,n<=128,sr<=70%,kvB<=1k,kp<=4k,0.1838,2
1024,n<=128,sr<=70%,kvB<=1k,kp<=512,0.1348,2
1024,n<=128,sr<=70%,kvB<=1k,kp<=8k,0.2163,2
1024,n<=128,sr<=70%,kvB<=1k,kp=0,0.0937,2
1024,n<=128,sr<=70%,kvB<=4k,kp<=1k,0.0153,2
1024,n<=128,sr<=70%,kvB<=4k,kp<=2k,-0.0055,2
1024,n<=128,sr<=70%,kvB<=4k,kp<=4k,-0.007,2
1024,n<=128,sr<=70%,kvB<=4k,kp<=512,0.0394,2
1024,n<=128,sr<=70%,kvB<=4k,kp<=8k,0.0449,2
1024,n<=128,sr<=70%,kvB<=4k,kp=0,0.0357,2
1024,n<=128,sr>70%,kvB<=16k,kp<=1k,0.007,4
1024,n<=128,sr>70%,kvB<=16k,kp<=2k,0.0059,4
1024,n<=128,sr>70%,kvB<=16k,kp<=4k,0.016,4
1024,n<=128,sr>70%,kvB<=16k,kp<=512,0.0037,4
1024,n<=128,sr>70%,kvB<=16k,kp<=8k,-0.0001,4
1024,n<=128,sr>70%,kvB<=16k,kp=0,0.0021,4
1024,n<=128,sr>70%,kvB<=1k,kp<=1k,0.4112,4
1024,n<=128,sr>70%,kvB<=1k,kp<=2k,0.3991,4
1024,n<=128,sr>70%,kvB<=1k,kp<=4k,0.3234,4
1024,n<=128,sr>70%,kvB<=1k,kp<=512,0.3866,4
1024,n<=128,sr>70%,kvB<=1k,kp<=8k,0.2458,4
1024,n<=128,sr>70%,kvB<=1k,kp=0,0.4898,4
1024,n<=128,sr>70%,kvB<=4k,kp<=1k,-0.0302,4
1024,n<=128,sr>70%,kvB<=4k,kp<=2k,-0.001,4
1024,n<=128,sr>70%,kvB<=4k,kp<=4k,0.0225,4
1024,n<=128,sr>70%,kvB<=4k,kp<=512,-0.0291,4
1024,n<=128,sr>70%,kvB<=4k,kp<=8k,-0.0299,4
1024,n<=128,sr>70%,kvB<=4k,kp=0,-0.0126,4
1024,n<=16,sr<=15%,kvB<=16k,kp<=1k,0.0579,4
1024,n<=16,sr<=15%,kvB<=16k,kp<=2k,0.0633,4
1024,n<=16,sr<=15%,kvB<=16k,kp<=4k,0.0792,4
1024,n<=16,sr<=15%,kvB<=16k,kp<=512,0.0636,4
1024,n<=16,sr<=15%,kvB<=16k,kp<=8k,0.0403,4
1024,n<=16,sr<=15%,kvB<=16k,kp=0,0.0662,4
1024,n<=16,sr<=15%,kvB<=1k,kp<=1k,0.0739,4
1024,n<=16,sr<=15%,kvB<=1k,kp<=2k,0.0769,4
1024,n<=16,sr<=15%,kvB<=1k,kp<=4k,0.1088,4
1024,n<=16,sr<=15%,kvB<=1k,kp<=512,0.065,4
1024,n<=16,sr<=15%,kvB<=1k,kp<=8k,-0.1399,4
1024,n<=16,sr<=15%,kvB<=1k,kp=0,0.0917,4
1024,n<=16,sr<=15%,kvB<=4k,kp<=1k,0.0807,4
1024,n<=16,sr<=15%,kvB<=4k,kp<=2k,0.0525,4
1024,n<=16,sr<=15%,kvB<=4k,kp<=4k,0.0092,4
1024,n<=16,sr<=15%,kvB<=4k,kp<=512,0.0774,4
1024,n<=16,sr<=15%,kvB<=4k,kp<=8k,0.0412,4
1024,n<=16,sr<=15%,kvB<=4k,kp=0,0.0735,4
1024,n<=16,sr<=40%,kvB<=16k,kp<=1k,0.0645,4
1024,n<=16,sr<=40%,kvB<=16k,kp<=2k,0.0559,4
1024,n<=16,sr<=40%,kvB<=16k,kp<=4k,0.0669,4
1024,n<=16,sr<=40%,kvB<=16k,kp<=512,0.0584,4
1024,n<=16,sr<=40%,kvB<=16k,kp<=8k,0.0922,4
1024,n<=16,sr<=40%,kvB<=16k,kp=0,0.0621,4
1024,n<=16,sr<=40%,kvB<=1k,kp<=1k,0.0746,4
1024,n<=16,sr<=40%,kvB<=1k,kp<=2k,0.0891,4
1024,n<=16,sr<=40%,kvB<=1k,kp<=4k,0.1696,4
1024,n<=16,sr<=40%,kvB<=1k,kp<=512,0.0672,4
1024,n<=16,sr<=40%,kvB<=1k,kp<=8k,0.2021,4
1024,n<=16,sr<=40%,kvB<=1k,kp=0,0.0942,4
1024,n<=16,sr<=40%,kvB<=4k,kp<=1k,0.0986,4
1024,n<=16,sr<=40%,kvB<=4k,kp<=2k,0.092,4
1024,n<=16,sr<=40%,kvB<=4k,kp<=4k,0.0791,4
1024,n<=16,sr<=40%,kvB<=4k,kp<=512,0.0677,4
1024,n<=16,sr<=40%,kvB<=4k,kp<=8k,-0.1218,4
1024,n<=16,sr<=40%,kvB<=4k,kp=0,0.0621,4
1024,n<=16,sr<=70%,kvB<=16k,kp<=1k,0.0418,2
1024,n<=16,sr<=70%,kvB<=16k,kp<=2k,0.0674,2
1024,n<=16,sr<=70%,kvB<=16k,kp<=4k,0.0159,2
1024,n<=16,sr<=70%,kvB<=16k,kp<=512,0.0605,2
1024,n<=16,sr<=70%,kvB<=16k,kp<=8k,0.1121,2
1024,n<=16,sr<=70%,kvB<=16k,kp=0,0.0741,2
1024,n<=16,sr<=70%,kvB<=1k,kp<=1k,0.0589,2
1024,n<=16,sr<=70%,kvB<=1k,kp<=2k,0.0265,2
1024,n<=16,sr<=70%,kvB<=1k,kp<=4k,-0.0164,2
1024,n<=16,sr<=70%,kvB<=1k,kp<=512,0.0514,2
1024,n<=16,sr<=70%,kvB<=1k,kp<=8k,0.1249,2
1024,n<=16,sr<=70%,kvB<=1k,kp=0,0.0878,2
1024,n<=16,sr<=70%,kvB<=4k,kp<=1k,0.0576,2
1024,n<=16,sr<=70%,kvB<=4k,kp<=2k,0.0245,2
1024,n<=16,sr<=70%,kvB<=4k,kp<=4k,-0.0367,2
1024,n<=16,sr<=70%,kvB<=4k,kp<=512,0.0464,2
1024,n<=16,sr<=70%,kvB<=4k,kp<=8k,0.0786,2
1024,n<=16,sr<=70%,kvB<=4k,kp=0,0.0418,2
1024,n<=16,sr>70%,kvB<=16k,kp<=1k,0.0743,4
1024,n<=16,sr>70%,kvB<=16k,kp<=2k,-0.0217,4
1024,n<=16,sr>70%,kvB<=16k,kp<=4k,0.1143,4
1024,n<=16,sr>70%,kvB<=16k,kp<=512,0.1181,4
1024,n<=16,sr>70%,kvB<=16k,kp<=8k,-0.018,4
1024,n<=16,sr>70%,kvB<=16k,kp=0,0.1657,4
1024,n<=16,sr>70%,kvB<=1k,kp<=1k,0.2058,4
1024,n<=16,sr>70%,kvB<=1k,kp<=2k,0.5207,4
1024,n<=16,sr>70%,kvB<=1k,kp<=4k,0.1289,4
1024,n<=16,sr>70%,kvB<=1k,kp<=512,0.1832,4
1024,n<=16,sr>70%,kvB<=1k,kp<=8k,0.6053,3
1024,n<=16,sr>70%,kvB<=1k,kp=0,0.2643,4
1024,n<=16,sr>70%,kvB<=4k,kp<=1k,0.0753,4
1024,n<=16,sr>70%,kvB<=4k,kp<=2k,0.0408,4
1024,n<=16,sr>70%,kvB<=4k,kp<=4k,0.0286,4
1024,n<=16,sr>70%,kvB<=4k,kp<=512,-0.0066,4
1024,n<=16,sr>70%,kvB<=4k,kp<=8k,0.0656,4
1024,n<=16,sr>70%,kvB<=4k,kp=0,0.0259,4
1024,n<=2,sr<=70%,kvB<=16k,kp<=1k,0.4599,2
1024,n<=2,sr<=70%,kvB<=16k,kp<=2k,0.4851,2
1024,n<=2,sr<=70%,kvB<=16k,kp<=4k,0.5091,2
1024,n<=2,sr<=70%,kvB<=16k,kp<=512,0.4685,2
1024,n<=2,sr<=70%,kvB<=16k,kp<=8k,0.8806,2
1024,n<=2,sr<=70%,kvB<=16k,kp=0,0.3242,2
1024,n<=2,sr<=70%,kvB<=1k,kp<=1k,0.0526,2
1024,n<=2,sr<=70%,kvB<=1k,kp<=2k,0.2633,2
1024,n<=2,sr<=70%,kvB<=1k,kp<=4k,0.2058,2
1024,n<=2,sr<=70%,kvB<=1k,kp<=512,-0.0018,2
1024,n<=2,sr<=70%,kvB<=1k,kp<=8k,-0.0726,2
1024,n<=2,sr<=70%,kvB<=1k,kp=0,0.1032,2
1024,n<=2,sr<=70%,kvB<=4k,kp<=1k,0.4152,2
1024,n<=2,sr<=70%,kvB<=4k,kp<=2k,0.4164,2
1024,n<=2,sr<=70%,kvB<=4k,kp<=4k,0.2863,2
1024,n<=2,sr<=70%,kvB<=4k,kp<=512,0.4634,2
1024,n<=2,sr<=70%,kvB<=4k,kp<=8k,0.7365,2
1024,n<=2,sr<=70%,kvB<=4k,kp=0,0.4728,2
1024,n<=32,sr<=15%,kvB<=16k,kp<=1k,0.028,6
1024,n<=32,sr<=15%,kvB<=16k,kp<=2k,0.0214,6
1024,n<=32,sr<=15%,kvB<=16k,kp<=4k,0.0297,6
1024,n<=32,sr<=15%,kvB<=16k,kp<=512,0.0279,6
1024,n<=32,sr<=15%,kvB<=16k,kp<=8k,0.0348,6
1024,n<=32,sr<=15%,kvB<=16k,kp=0,0.026,6
1024,n<=32,sr<=15%,kvB<=1k,kp<=1k,0.0776,6
1024,n<=32,sr<=15%,kvB<=1k,kp<=2k,0.0658,6
1024,n<=32,sr<=15%,kvB<=1k,kp<=4k,0.0797,6
1024,n<=32,sr<=15%,kvB<=1k,kp<=512,0.061,6
1024,n<=32,sr<=15%,kvB<=1k,kp<=8k,-0.0203,6
1024,n<=32,sr<=15%,kvB<=1k,kp=0,0.0801,6
1024,n<=32,sr<=15%,kvB<=4k,kp<=1k,0.0383,6
1024,n<=32,sr<=15%,kvB<=4k,kp<=2k,0.033,6
1024,n<=32,sr<=15%,kvB<=4k,kp<=4k,-0.0018,6
1024,n<=32,sr<=15%,kvB<=4k,kp<=512,0.0415,6
1024,n<=32,sr<=15%,kvB<=4k,kp<=8k,-0.0117,6
1024,n<=32,sr<=15%,kvB<=4k,kp=0,0.0293,6
1024,n<=32,sr<=40%,kvB<=16k,kp<=1k,0.0315,2
1024,n<=32,sr<=40%,kvB<=16k,kp<=2k,0.0325,2
1024,n<=32,sr<=40%,kvB<=16k,kp<=4k,0.0362,2
1024,n<=32,sr<=40%,kvB<=16k,kp<=512,0.0329,2
1024,n<=32,sr<=40%,kvB<=16k,kp<=8k,0.013,2
1024,n<=32,sr<=40%,kvB<=16k,kp=0,0.0236,2
1024,n<=32,sr<=40%,kvB<=1k,kp<=1k,0.1328,2
1024,n<=32,sr<=40%,kvB<=1k,kp<=2k,0.1439,2
1024,n<=32,sr<=40%,kvB<=1k,kp<=4k,0.0748,2
1024,n<=32,sr<=40%,kvB<=1k,kp<=512,0.1013,2
1024,n<=32,sr<=40%,kvB<=1k,kp<=8k,0.0771,2
1024,n<=32,sr<=40%,kvB<=1k,kp=0,0.1162,2
1024,n<=32,sr<=40%,kvB<=4k,kp<=1k,0.0644,2
1024,n<=32,sr<=40%,kvB<=4k,kp<=2k,0.0059,2
1024,n<=32,sr<=40%,kvB<=4k,kp<=4k,0.022,2
1024,n<=32,sr<=40%,kvB<=4k,kp<=512,0.0432,2
1024,n<=32,sr<=40%,kvB<=4k,kp<=8k,0.0285,2
1024,n<=32,sr<=40%,kvB<=4k,kp=0,0.0205,2
1024,n<=32,sr<=5%,kvB<=16k,kp<=1k,0.0272,2
1024,n<=32,sr<=5%,kvB<=16k,kp<=2k,0.0309,2
1024,n<=32,sr<=5%,kvB<=16k,kp<=4k,0.0272,2
1024,n<=32,sr<=5%,kvB<=16k,kp<=512,0.0304,2
1024,n<=32,sr<=5%,kvB<=16k,kp<=8k,0.0342,2
1024,n<=32,sr<=5%,kvB<=16k,kp=0,0.0326,2
1024,n<=32,sr<=5%,kvB<=1k,kp<=1k,0.027,2
1024,n<=32,sr<=5%,kvB<=1k,kp<=2k,0.0109,2
1024,n<=32,sr<=5%,kvB<=1k,kp<=4k,-0.0546,2
1024,n<=32,sr<=5%,kvB<=1k,kp<=512,0.0477,2
1024,n<=32,sr<=5%,kvB<=1k,kp<=8k,0.1042,2
1024,n<=32,sr<=5%,kvB<=1k,kp=0,0.0235,2
1024,n<=32,sr<=5%,kvB<=4k,kp<=1k,0.0427,2
1024,n<=32,sr<=5%,kvB<=4k,kp<=2k,0.0227,2
1024,n<=32,sr<=5%,kvB<=4k,kp<=4k,-0.0063,2
1024,n<=32,sr<=5%,kvB<=4k,kp<=512,0.0428,2
1024,n<=32,sr<=5%,kvB<=4k,kp<=8k,0.0237,2
1024,n<=32,sr<=5%,kvB<=4k,kp=0,0.0375,2
1024,n<=32,sr<=70%,kvB<=16k,kp<=1k,0.0263,2
1024,n<=32,sr<=70%,kvB<=16k,kp<=2k,0.019,2
1024,n<=32,sr<=70%,kvB<=16k,kp<=4k,0.0214,2
1024,n<=32,sr<=70%,kvB<=16k,kp<=512,0.0281,2
1024,n<=32,sr<=70%,kvB<=16k,kp<=8k,0.0168,2
1024,n<=32,sr<=70%,kvB<=16k,kp=0,0.0174,2
1024,n<=32,sr<=70%,kvB<=1k,kp<=1k,0.0903,2
1024,n<=32,sr<=70%,kvB<=1k,kp<=2k,0.1314,2
1024,n<=32,sr<=70%,kvB<=1k,kp<=4k,0.0363,2
1024,n<=32,sr<=70%,kvB<=1k,kp<=512,0.0251,2
1024,n<=32,sr<=70%,kvB<=1k,kp<=8k,-0.1283,2
1024,n<=32,sr<=70%,kvB<=1k,kp=0,0.0643,2
1024,n<=32,sr<=70%,kvB<=4k,kp<=1k,0.057,2
1024,n<=32,sr<=70%,kvB<=4k,kp<=2k,0.007,2
1024,n<=32,sr<=70%,kvB<=4k,kp<=4k,0.0239,2
1024,n<=32,sr<=70%,kvB<=4k,kp<=512,0.0148,2
1024,n<=32,sr<=70%,kvB<=4k,kp<=8k,-0.0248,2
1024,n<=32,sr<=70%,kvB<=4k,kp=0,0.0153,2
1024,n<=32,sr>70%,kvB<=16k,kp<=1k,0.0856,4
1024,n<=32,sr>70%,kvB<=16k,kp<=2k,0.0801,4
1024,n<=32,sr>70%,kvB<=16k,kp<=4k,-0.0023,4
1024,n<=32,sr>70%,kvB<=16k,kp<=512,0.0765,4
1024,n<=32,sr>70%,kvB<=16k,kp<=8k,0.0687,4
1024,n<=32,sr>70%,kvB<=16k,kp=0,0.0545,4
1024,n<=32,sr>70%,kvB<=1k,kp<=1k,0.2189,4
1024,n<=32,sr>70%,kvB<=1k,kp<=2k,0.2331,4
1024,n<=32,sr>70%,kvB<=1k,kp<=4k,0.4261,4
1024,n<=32,sr>70%,kvB<=1k,kp<=512,0.248,4
1024,n<=32,sr>70%,kvB<=1k,kp<=8k,0.2569,4
1024,n<=32,sr>70%,kvB<=1k,kp=0,0.2747,4
1024,n<=32,sr>70%,kvB<=4k,kp<=1k,0.124,4
1024,n<=32,sr>70%,kvB<=4k,kp<=2k,0.0579,4
1024,n<=32,sr>70%,kvB<=4k,kp<=4k,0.1236,4
1024,n<=32,sr>70%,kvB<=4k,kp<=512,0.0558,4
1024,n<=32,sr>70%,kvB<=4k,kp<=8k,-0.166,4
1024,n<=32,sr>70%,kvB<=4k,kp=0,0.0616,4
1024,n<=4,sr<=40%,kvB<=16k,kp<=1k,0.2793,2
1024,n<=4,sr<=40%,kvB<=16k,kp<=2k,0.2693,2
1024,n<=4,sr<=40%,kvB<=16k,kp<=4k,0.3009,2
1024,n<=4,sr<=40%,kvB<=16k,kp<=512,0.2646,2
1024,n<=4,sr<=40%,kvB<=16k,kp<=8k,0.2456,2
1024,n<=4,sr<=40%,kvB<=16k,kp=0,0.2747,2
1024,n<=4,sr<=40%,kvB<=1k,kp<=1k,0.1782,2
1024,n<=4,sr<=40%,kvB<=1k,kp<=2k,0.2104,2
1024,n<=4,sr<=40%,kvB<=1k,kp<=4k,0.0706,2
1024,n<=4,sr<=40%,kvB<=1k,kp<=512,0.1945,2
1024,n<=4,sr<=40%,kvB<=1k,kp<=8k,0.4463,2
1024,n<=4,sr<=40%,kvB<=1k,kp=0,0.1648,2
1024,n<=4,sr<=40%,kvB<=4k,kp<=1k,0.2838,2
1024,n<=4,sr<=40%,kvB<=4k,kp<=2k,0.1969,2
1024,n<=4,sr<=40%,kvB<=4k,kp<=4k,0.0727,2
1024,n<=4,sr<=40%,kvB<=4k,kp<=512,0.2808,2
1024,n<=4,sr<=40%,kvB<=4k,kp<=8k,0.0411,2
1024,n<=4,sr<=40%,kvB<=4k,kp=0,0.3134,2
1024,n<=4,sr<=70%,kvB<=16k,kp<=1k,0.2641,2
1024,n<=4,sr<=70%,kvB<=16k,kp<=2k,0.2269,2
1024,n<=4,sr<=70%,kvB<=16k,kp<=4k,0.385,2
1024,n<=4,sr<=70%,kvB<=16k,kp<=512,0.2401,2
1024,n<=4,sr<=70%,kvB<=16k,kp<=8k,0.5466,2
1024,n<=4,sr<=70%,kvB<=16k,kp=0,0.2265,2
1024,n<=4,sr<=70%,kvB<=1k,kp<=1k,0.0094,2
1024,n<=4,sr<=70%,kvB<=1k,kp<=2k,-0.1245,2
1024,n<=4,sr<=70%,kvB<=1k,kp<=4k,1.0065,2
1024,n<=4,sr<=70%,kvB<=1k,kp<=512,0.0007,2
1024,n<=4,sr<=70%,kvB<=1k,kp<=8k,0.2971,2
1024,n<=4,sr<=70%,kvB<=1k,kp=0,0.1804,2
1024,n<=4,sr<=70%,kvB<=4k,kp<=1k,0.3149,2
1024,n<=4,sr<=70%,kvB<=4k,kp<=2k,0.2128,2
1024,n<=4,sr<=70%,kvB<=4k,kp<=4k,0.1842,2
1024,n<=4,sr<=70%,kvB<=4k,kp<=512,0.2893,2
1024,n<=4,sr<=70%,kvB<=4k,kp<=8k,-0.4087,2
1024,n<=4,sr<=70%,kvB<=4k,kp=0,0.3325,2
1024,n<=4,sr>70%,kvB<=16k,kp<=1k,0.1542,2
1024,n<=4,sr>70%,kvB<=16k,kp<=2k,0.2256,2
1024,n<=4,sr>70%,kvB<=16k,kp<=4k,0.3133,2
1024,n<=4,sr>70%,kvB<=16k,kp<=512,0.0413,2
1024,n<=4,sr>70%,kvB<=16k,kp<=8k,0.606,2
1024,n<=4,sr>70%,kvB<=16k,kp=0,0.0466,2
1024,n<=4,sr>70%,kvB<=1k,kp<=1k,0.2804,2
1024,n<=4,sr>70%,kvB<=1k,kp<=2k,-0.0668,2
1024,n<=4,sr>70%,kvB<=1k,kp<=4k,2.3438,1
1024,n<=4,sr>70%,kvB<=1k,kp<=512,0.2211,2
1024,n<=4,sr>70%,kvB<=1k,kp<=8k,0.3268,2
1024,n<=4,sr>70%,kvB<=1k,kp=0,0.4535,2
1024,n<=4,sr>70%,kvB<=4k,kp<=1k,0.2808,2
1024,n<=4,sr>70%,kvB<=4k,kp<=2k,0.231,2
1024,n<=4,sr>70%,kvB<=4k,kp<=4k,0.2361,2
1024,n<=4,sr>70%,kvB<=4k,kp<=512,0.2856,2
1024,n<=4,sr>70%,kvB<=4k,kp<=8k,0.3177,1
1024,n<=4,sr>70%,kvB<=4k,kp=0,0.2695,2
1024,n<=64,sr<=15%,kvB<=16k,kp<=1k,0.0032,4
1024,n<=64,sr<=15%,kvB<=16k,kp<=2k,0.0033,4
1024,n<=64,sr<=15%,kvB<=16k,kp<=4k,0.0065,4
1024,n<=64,sr<=15%,kvB<=16k,kp<=512,0.0029,4
1024,n<=64,sr<=15%,kvB<=16k,kp<=8k,-0.0005,4
1024,n<=64,sr<=15%,kvB<=16k,kp=0,0.0059,4
1024,n<=64,sr<=15%,kvB<=1k,kp<=1k,0.086,4
1024,n<=64,sr<=15%,kvB<=1k,kp<=2k,0.1119,4
1024,n<=64,sr<=15%,kvB<=1k,kp<=4k,0.1284,4
1024,n<=64,sr<=15%,kvB<=1k,kp<=512,0.0752,4
1024,n<=64,sr<=15%,kvB<=1k,kp<=8k,0.1621,4
1024,n<=64,sr<=15%,kvB<=1k,kp=0,0.0851,4
1024,n<=64,sr<=15%,kvB<=4k,kp<=1k,0.0118,4
1024,n<=64,sr<=15%,kvB<=4k,kp<=2k,0.0093,4
1024,n<=64,sr<=15%,kvB<=4k,kp<=4k,0.0119,4
1024,n<=64,sr<=15%,kvB<=4k,kp<=512,0.0131,4
1024,n<=64,sr<=15%,kvB<=4k,kp<=8k,0.0412,4
1024,n<=64,sr<=15%,kvB<=4k,kp=0,0.0111,4
1024,n<=64,sr<=40%,kvB<=16k,kp<=1k,-0.0001,2
1024,n<=64,sr<=40%,kvB<=16k,kp<=2k,-0.0005,2
1024,n<=64,sr<=40%,kvB<=16k,kp<=4k,-0.0088,2
1024,n<=64,sr<=40%,kvB<=16k,kp<=512,-0.0015,2
1024,n<=64,sr<=40%,kvB<=16k,kp<=8k,0.0052,2
1024,n<=64,sr<=40%,kvB<=16k,kp=0,0.0028,2
1024,n<=64,sr<=40%,kvB<=1k,kp<=1k,0.1132,2
1024,n<=64,sr<=40%,kvB<=1k,kp<=2k,0.1567,2
1024,n<=64,sr<=40%,kvB<=1k,kp<=4k,0.0934,2
1024,n<=64,sr<=40%,kvB<=1k,kp<=512,0.1268,2
1024,n<=64,sr<=40%,kvB<=1k,kp<=8k,0.1471,2
1024,n<=64,sr<=40%,kvB<=1k,kp=0,0.1189,2
1024,n<=64,sr<=40%,kvB<=4k,kp<=1k,-0.0033,2
1024,n<=64,sr<=40%,kvB<=4k,kp<=2k,0.0205,2
1024,n<=64,sr<=40%,kvB<=4k,kp<=4k,0.0237,2
1024,n<=64,sr<=40%,kvB<=4k,kp<=512,-0.012,2
1024,n<=64,sr<=40%,kvB<=4k,kp<=8k,-0.0132,2
1024,n<=64,sr<=40%,kvB<=4k,kp=0,-0.0194,2
1024,n<=64,sr<=5%,kvB<=16k,kp<=1k,0.009,6
1024,n<=64,sr<=5%,kvB<=16k,kp<=2k,0.009,6
1024,n<=64,sr<=5%,kvB<=16k,kp<=4k,0.0102,6
1024,n<=64,sr<=5%,kvB<=16k,kp<=512,0.0108,6
1024,n<=64,sr<=5%,kvB<=16k,kp<=8k,0.008,6
1024,n<=64,sr<=5%,kvB<=16k,kp=0,0.0106,6
1024,n<=64,sr<=5%,kvB<=1k,kp<=1k,0.0375,6
1024,n<=64,sr<=5%,kvB<=1k,kp<=2k,0.1055,6
1024,n<=64,sr<=5%,kvB<=1k,kp<=4k,0.0781,6
1024,n<=64,sr<=5%,kvB<=1k,kp<=512,0.036,6
1024,n<=64,sr<=5%,kvB<=1k,kp<=8k,0.0407,6
1024,n<=64,sr<=5%,kvB<=1k,kp=0,0.0228,6
1024,n<=64,sr<=5%,kvB<=4k,kp<=1k,0.0236,6
1024,n<=64,sr<=5%,kvB<=4k,kp<=2k,0.009,6
1024,n<=64,sr<=5%,kvB<=4k,kp<=4k,0.0135,6
1024,n<=64,sr<=5%,kvB<=4k,kp<=512,0.0172,6
1024,n<=64,sr<=5%,kvB<=4k,kp<=8k,0.0088,6
1024,n<=64,sr<=5%,kvB<=4k,kp=0,0.0181,6
1024,n<=64,sr<=70%,kvB<=16k,kp<=1k,-0.0082,2
1024,n<=64,sr<=70%,kvB<=16k,kp<=2k,-0.0043,2
1024,n<=64,sr<=70%,kvB<=16k,kp<=4k,0.0078,2
1024,n<=64,sr<=70%,kvB<=16k,kp<=512,-0.005,2
1024,n<=64,sr<=70%,kvB<=16k,kp<=8k,-0.0059,2
1024,n<=64,sr<=70%,kvB<=16k,kp=0,-0.0011,2
1024,n<=64,sr<=70%,kvB<=1k,kp<=1k,0.0451,2
1024,n<=64,sr<=70%,kvB<=1k,kp<=2k,0.2249,2
1024,n<=64,sr<=70%,kvB<=1k,kp<=4k,0.122,2
1024,n<=64,sr<=70%,kvB<=1k,kp<=512,0.0825,2
1024,n<=64,sr<=70%,kvB<=1k,kp<=8k,0.4409,2
1024,n<=64,sr<=70%,kvB<=1k,kp=0,0.0947,2
1024,n<=64,sr<=70%,kvB<=4k,kp<=1k,-0.0307,2
1024,n<=64,sr<=70%,kvB<=4k,kp<=2k,-0.0166,2
1024,n<=64,sr<=70%,kvB<=4k,kp<=4k,-0.0063,2
1024,n<=64,sr<=70%,kvB<=4k,kp<=512,-0.0533,2
1024,n<=64,sr<=70%,kvB<=4k,kp<=8k,-0.0766,2
1024,n<=64,sr<=70%,kvB<=4k,kp=0,-0.0541,2
1024,n<=64,sr>70%,kvB<=16k,kp<=1k,0.0086,4
1024,n<=64,sr>70%,kvB<=16k,kp<=2k,0.0267,4
1024,n<=64,sr>70%,kvB<=16k,kp<=4k,0.0413,4
1024,n<=64,sr>70%,kvB<=16k,kp<=512,0.0048,4
1024,n<=64,sr>70%,kvB<=16k,kp<=8k,-0.0273,4
1024,n<=64,sr>70%,kvB<=16k,kp=0,0.0016,4
1024,n<=64,sr>70%,kvB<=1k,kp<=1k,0.3642,4
1024,n<=64,sr>70%,kvB<=1k,kp<=2k,0.3204,4
1024,n<=64,sr>70%,kvB<=1k,kp<=4k,0.1177,3
1024,n<=64,sr>70%,kvB<=1k,kp<=512,0.3713,4
1024,n<=64,sr>70%,kvB<=1k,kp<=8k,0.3036,3
1024,n<=64,sr>70%,kvB<=1k,kp=0,0.3537,4
1024,n<=64,sr>70%,kvB<=4k,kp<=1k,-0.057,4
1024,n<=64,sr>70%,kvB<=4k,kp<=2k,-0.0048,4
1024,n<=64,sr>70%,kvB<=4k,kp<=4k,0.0393,4
1024,n<=64,sr>70%,kvB<=4k,kp<=512,-0.0513,4
1024,n<=64,sr>70%,kvB<=4k,kp<=8k,0.1386,4
1024,n<=64,sr>70%,kvB<=4k,kp=0,-0.0783,4
1024,n<=8,sr<=15%,kvB<=16k,kp<=1k,0.1385,2
1024,n<=8,sr<=15%,kvB<=16k,kp<=2k,0.1536,2
1024,n<=8,sr<=15%,kvB<=16k,kp<=4k,0.1222,2
1024,n<=8,sr<=15%,kvB<=16k,kp<=512,0.1285,2
1024,n<=8,sr<=15%,kvB<=16k,kp<=8k,0.0651,2
1024,n<=8,sr<=15%,kvB<=16k,kp=0,0.1355,2
1024,n<=8,sr<=15%,kvB<=1k,kp<=1k,0.1332,2
1024,n<=8,sr<=15%,kvB<=1k,kp<=2k,0.0646,2
1024,n<=8,sr<=15%,kvB<=1k,kp<=4k,0.1632,2
1024,n<=8,sr<=15%,kvB<=1k,kp<=512,0.1168,2
1024,n<=8,sr<=15%,kvB<=1k,kp<=8k,0.2932,2
1024,n<=8,sr<=15%,kvB<=1k,kp=0,0.113,2
1024,n<=8,sr<=15%,kvB<=4k,kp<=1k,0.1451,2
1024,n<=8,sr<=15%,kvB<=4k,kp<=2k,0.0638,2
1024,n<=8,sr<=15%,kvB<=4k,kp<=4k,0.0221,2
1024,n<=8,sr<=15%,kvB<=4k,kp<=512,0.151,2
1024,n<=8,sr<=15%,kvB<=4k,kp<=8k,0.0496,2
1024,n<=8,sr<=15%,kvB<=4k,kp=0,0.1618,2
1024,n<=8,sr<=40%,kvB<=16k,kp<=1k,0.1281,4
1024,n<=8,sr<=40%,kvB<=16k,kp<=2k,0.1249,4
1024,n<=8,sr<=40%,kvB<=16k,kp<=4k,0.1553,4
1024,n<=8,sr<=40%,kvB<=16k,kp<=512,0.1227,4
1024,n<=8,sr<=40%,kvB<=16k,kp<=8k,0.1964,4
1024,n<=8,sr<=40%,kvB<=16k,kp=0,0.1249,4
1024,n<=8,sr<=40%,kvB<=1k,kp<=1k,0.0531,4
1024,n<=8,sr<=40%,kvB<=1k,kp<=2k,-0.1546,4
1024,n<=8,sr<=40%,kvB<=1k,kp<=4k,0.1826,4
1024,n<=8,sr<=40%,kvB<=1k,kp<=512,0.0548,4
1024,n<=8,sr<=40%,kvB<=1k,kp<=8k,0.2457,3
1024,n<=8,sr<=40%,kvB<=1k,kp=0,0.1346,4
1024,n<=8,sr<=40%,kvB<=4k,kp<=1k,0.136,4
1024,n<=8,sr<=40%,kvB<=4k,kp<=2k,0.1206,4
1024,n<=8,sr<=40%,kvB<=4k,kp<=4k,0.0723,4
1024,n<=8,sr<=40%,kvB<=4k,kp<=512,0.137,4
1024,n<=8,sr<=40%,kvB<=4k,kp<=8k,-0.0528,4
1024,n<=8,sr<=40%,kvB<=4k,kp=0,0.141,4
1024,n<=8,sr<=70%,kvB<=16k,kp<=1k,0.1065,2
1024,n<=8,sr<=70%,kvB<=16k,kp<=2k,0.1166,2
1024,n<=8,sr<=70%,kvB<=16k,kp<=4k,0.1988,2
1024,n<=8,sr<=70%,kvB<=16k,kp<=512,0.102,2
1024,n<=8,sr<=70%,kvB<=16k,kp<=8k,0.0609,2
1024,n<=8,sr<=70%,kvB<=16k,kp=0,0.1109,2
1024,n<=8,sr<=70%,kvB<=1k,kp<=1k,0.0559,2
1024,n<=8,sr<=70%,kvB<=1k,kp<=2k,0.1993,2
1024,n<=8,sr<=70%,kvB<=1k,kp<=4k,0.0509,2
1024,n<=8,sr<=70%,kvB<=1k,kp<=512,0.0923,2
1024,n<=8,sr<=70%,kvB<=1k,kp<=8k,0.3083,2
1024,n<=8,sr<=70%,kvB<=1k,kp=0,0.1116,2
1024,n<=8,sr<=70%,kvB<=4k,kp<=1k,0.1423,2
1024,n<=8,sr<=70%,kvB<=4k,kp<=2k,0.0583,2
1024,n<=8,sr<=70%,kvB<=4k,kp<=4k,0.1387,2
1024,n<=8,sr<=70%,kvB<=4k,kp<=512,0.1736,2
1024,n<=8,sr<=70%,kvB<=4k,kp<=8k,0.3137,2
1024,n<=8,sr<=70%,kvB<=4k,kp=0,0.0981,2
1024,n<=8,sr>70%,kvB<=16k,kp<=1k,0.0945,4
1024,n<=8,sr>70%,kvB<=16k,kp<=2k,0.1237,4
1024,n<=8,sr>70%,kvB<=16k,kp<=4k,0.0874,4
1024,n<=8,sr>70%,kvB<=16k,kp<=512,0.1237,4
1024,n<=8,sr>70%,kvB<=16k,kp<=8k,0.3686,4
1024,n<=8,sr>70%,kvB<=16k,kp=0,0.2248,4
1024,n<=8,sr>70%,kvB<=1k,kp<=1k,0.3768,4
1024,n<=8,sr>70%,kvB<=1k,kp<=2k,0.1403,4
1024,n<=8,sr>70%,kvB<=1k,kp<=4k,0.2371,3
1024,n<=8,sr>70%,kvB<=1k,kp<=512,0.2055,4
1024,n<=8,sr>70%,kvB<=1k,kp<=8k,-0.6456,2
1024,n<=8,sr>70%,kvB<=1k,kp=0,0.2993,4
1024,n<=8,sr>70%,kvB<=4k,kp<=1k,0.2033,4
1024,n<=8,sr>70%,kvB<=4k,kp<=2k,-0.1688,4
1024,n<=8,sr>70%,kvB<=4k,kp<=4k,0.0466,4
1024,n<=8,sr>70%,kvB<=4k,kp<=512,0.0824,4
1024,n<=8,sr>70%,kvB<=4k,kp<=8k,0.0147,4
1024,n<=8,sr>70%,kvB<=4k,kp=0,0.0761,4
2048,n<=128,sr<=15%,kvB<=16k,kp<=1k,-0.007,4
2048,n<=128,sr<=15%,kvB<=16k,kp<=2k,-0.0039,4
2048,n<=128,sr<=15%,kvB<=16k,kp<=4k,-0.0017,4
2048,n<=128,sr<=15%,kvB<=16k,kp<=512,-0.0079,4
2048,n<=128,sr<=15%,kvB<=16k,kp<=8k,-0.0027,4
2048,n<=128,sr<=15%,kvB<=16k,kp=0,-0.0085,4
2048,n<=128,sr<=15%,kvB<=1k,kp<=1k,0.0877,4
2048,n<=128,sr<=15%,kvB<=1k,kp<=2k,0.0713,4
2048,n<=128,sr<=15%,kvB<=1k,kp<=4k,0.0556,4
2048,n<=128,sr<=15%,kvB<=1k,kp<=512,0.0866,4
2048,n<=128,sr<=15%,kvB<=1k,kp<=8k,-0.0143,4
2048,n<=128,sr<=15%,kvB<=1k,kp=0,0.1032,4
2048,n<=128,sr<=15%,kvB<=4k,kp<=1k,0.0158,4
2048,n<=128,sr<=15%,kvB<=4k,kp<=2k,-0.0098,4
2048,n<=128,sr<=15%,kvB<=4k,kp<=4k,-0.0036,4
2048,n<=128,sr<=15%,kvB<=4k,kp<=512,0.0221,4
2048,n<=128,sr<=15%,kvB<=4k,kp<=8k,0.0058,4
2048,n<=128,sr<=15%,kvB<=4k,kp=0,0.0098,4
2048,n<=128,sr<=40%,kvB<=16k,kp<=1k,0.001,2
2048,n<=128,sr<=40%,kvB<=16k,kp<=2k,-0.0004,2
2048,n<=128,sr<=40%,kvB<=16k,kp<=4k,-0.0024,2
2048,n<=128,sr<=40%,kvB<=16k,kp<=512,0.0021,2
2048,n<=128,sr<=40%,kvB<=16k,kp<=8k,0.003,2
2048,n<=128,sr<=40%,kvB<=16k,kp=0,-0.003,2
2048,n<=128,sr<=40%,kvB<=1k,kp<=1k,0.0849,2
2048,n<=128,sr<=40%,kvB<=1k,kp<=2k,0.1184,2
2048,n<=128,sr<=40%,kvB<=1k,kp<=4k,0.1087,2
2048,n<=128,sr<=40%,kvB<=1k,kp<=512,0.1864,2
2048,n<=128,sr<=40%,kvB<=1k,kp<=8k,0.0262,2
2048,n<=128,sr<=40%,kvB<=1k,kp=0,0.0756,2
2048,n<=128,sr<=40%,kvB<=4k,kp<=1k,0.0022,2
2048,n<=128,sr<=40%,kvB<=4k,kp<=2k,-0.0574,2
2048,n<=128,sr<=40%,kvB<=4k,kp<=4k,-0.0304,2
2048,n<=128,sr<=40%,kvB<=4k,kp<=512,0.0029,2
2048,n<=128,sr<=40%,kvB<=4k,kp<=8k,0.0193,2
2048,n<=128,sr<=40%,kvB<=4k,kp=0,0.0242,2
2048,n<=128,sr<=5%,kvB<=16k,kp<=1k,0.0007,8
2048,n<=128,sr<=5%,kvB<=16k,kp<=2k,0.0034,8
2048,n<=128,sr<=5%,kvB<=16k,kp<=4k,0.0019,8
2048,n<=128,sr<=5%,kvB<=16k,kp<=512,0.0009,8
2048,n<=128,sr<=5%,kvB<=16k,kp<=8k,0.0018,8
2048,n<=128,sr<=5%,kvB<=16k,kp=0,0.0013,8
2048,n<=128,sr<=5%,kvB<=1k,kp<=1k,-0.0206,8
2048,n<=128,sr<=5%,kvB<=1k,kp<=2k,0.0521,8
2048,n<=128,sr<=5%,kvB<=1k,kp<=4k,0.0358,8
2048,n<=128,sr<=5%,kvB<=1k,kp<=512,0.0314,8
2048,n<=128,sr<=5%,kvB<=1k,kp<=8k,0.0131,8
2048,n<=128,sr<=5%,kvB<=1k,kp=0,0.0239,8
2048,n<=128,sr<=5%,kvB<=4k,kp<=1k,0.0059,8
2048,n<=128,sr<=5%,kvB<=4k,kp<=2k,0.0089,8
2048,n<=128,sr<=5%,kvB<=4k,kp<=4k,0.0049,8
2048,n<=128,sr<=5%,kvB<=4k,kp<=512,0.005,8
2048,n<=128,sr<=5%,kvB<=4k,kp<=8k,0.0272,8
2048,n<=128,sr<=5%,kvB<=4k,kp=0,0.0113,8
2048,n<=128,sr<=70%,kvB<=16k,kp<=1k,-0.0017,2
2048,n<=128,sr<=70%,kvB<=16k,kp<=2k,0.0056,2
2048,n<=128,sr<=70%,kvB<=16k,kp<=4k,0.0051,2
2048,n<=128,sr<=70%,kvB<=16k,kp<=512,0.0013,2
2048,n<=128,sr<=70%,kvB<=16k,kp<=8k,-0.0171,2
2048,n<=128,sr<=70%,kvB<=16k,kp=0,-0.002,2
2048,n<=128,sr<=70%,kvB<=1k,kp<=1k,0.3313,2
2048,n<=128,sr<=70%,kvB<=1k,kp<=2k,-0.1242,2
2048,n<=128,sr<=70%,kvB<=1k,kp<=4k,0.0806,2
2048,n<=128,sr<=70%,kvB<=1k,kp<=512,0.1771,2
2048,n<=128,sr<=70%,kvB<=1k,kp<=8k,0.1,2
2048,n<=128,sr<=70%,kvB<=1k,kp=0,0.0778,2
2048,n<=128,sr<=70%,kvB<=4k,kp<=1k,0.0475,2
2048,n<=128,sr<=70%,kvB<=4k,kp<=2k,0.004,2
2048,n<=128,sr<=70%,kvB<=4k,kp<=4k,-0.0035,2
2048,n<=128,sr<=70%,kvB<=4k,kp<=512,0.059,2
2048,n<=128,sr<=70%,kvB<=4k,kp<=8k,-0.0461,2
2048,n<=128,sr<=70%,kvB<=4k,kp=0,0.0656,2
2048,n<=128,sr>70%,kvB<=16k,kp<=1k,-0.034,4
2048,n<=128,sr>70%,kvB<=16k,kp<=2k,-0.0337,4
2048,n<=128,sr>70%,kvB<=16k,kp<=4k,-0.0152,4
2048,n<=128,sr>70%,kvB<=16k,kp<=512,-0.0343,4
2048,n<=128,sr>70%,kvB<=16k,kp<=8k,-0.0377,4
2048,n<=128,sr>70%,kvB<=16k,kp=0,-0.0274,4
2048,n<=128,sr>70%,kvB<=1k,kp<=1k,0.1728,4
2048,n<=128,sr>70%,kvB<=1k,kp<=2k,0.4151,4
2048,n<=128,sr>70%,kvB<=1k,kp<=4k,0.3675,4
2048,n<=128,sr>70%,kvB<=1k,kp<=512,0.3999,4
2048,n<=128,sr>70%,kvB<=1k,kp<=8k,-0.0678,4
2048,n<=128,sr>70%,kvB<=1k,kp=0,0.2884,4
2048,n<=128,sr>70%,kvB<=4k,kp<=1k,0.0111,4
2048,n<=128,sr>70%,kvB<=4k,kp<=2k,0.0068,4
2048,n<=128,sr>70%,kvB<=4k,kp<=4k,0.0881,4
2048,n<=128,sr>70%,kvB<=4k,kp<=512,0.0275,4
2048,n<=128,sr>70%,kvB<=4k,kp<=8k,-0.0631,4
2048,n<=128,sr>70%,kvB<=4k,kp=0,-0.0054,4
2048,n<=16,sr<=15%,kvB<=16k,kp<=1k,0.0745,4
2048,n<=16,sr<=15%,kvB<=16k,kp<=2k,0.0655,4
2048,n<=16,sr<=15%,kvB<=16k,kp<=4k,0.0758,4
2048,n<=16,sr<=15%,kvB<=16k,kp<=512,0.063,4
2048,n<=16,sr<=15%,kvB<=16k,kp<=8k,0.0757,4
2048,n<=16,sr<=15%,kvB<=16k,kp=0,0.0702,4
2048,n<=16,sr<=15%,kvB<=1k,kp<=1k,0.1176,4
2048,n<=16,sr<=15%,kvB<=1k,kp<=2k,0.2412,3
2048,n<=16,sr<=15%,kvB<=1k,kp<=4k,0.3882,3
2048,n<=16,sr<=15%,kvB<=1k,kp<=512,0.1028,4
2048,n<=16,sr<=15%,kvB<=1k,kp<=8k,0.1162,2
2048,n<=16,sr<=15%,kvB<=1k,kp=0,0.1004,4
2048,n<=16,sr<=15%,kvB<=4k,kp<=1k,0.0187,4
2048,n<=16,sr<=15%,kvB<=4k,kp<=2k,-0.0476,4
2048,n<=16,sr<=15%,kvB<=4k,kp<=4k,0.108,4
2048,n<=16,sr<=15%,kvB<=4k,kp<=512,0.0825,4
2048,n<=16,sr<=15%,kvB<=4k,kp<=8k,0.1411,4
2048,n<=16,sr<=15%,kvB<=4k,kp=0,0.0826,4
2048,n<=16,sr<=40%,kvB<=16k,kp<=1k,0.052,4
2048,n<=16,sr<=40%,kvB<=16k,kp<=2k,0.0897,4
2048,n<=16,sr<=40%,kvB<=16k,kp<=4k,0.0373,4
2048,n<=16,sr<=40%,kvB<=16k,kp<=512,0.0731,4
2048,n<=16,sr<=40%,kvB<=16k,kp<=8k,0.0925,4
2048,n<=16,sr<=40%,kvB<=16k,kp=0,0.0553,4
2048,n<=16,sr<=40%,kvB<=1k,kp<=1k,0.0762,4
2048,n<=16,sr<=40%,kvB<=1k,kp<=2k,-0.0498,4
2048,n<=16,sr<=40%,kvB<=1k,kp<=4k,0.3879,3
2048,n<=16,sr<=40%,kvB<=1k,kp<=512,0.0094,4
2048,n<=16,sr<=40%,kvB<=1k,kp<=8k,0.6684,2
2048,n<=16,sr<=40%,kvB<=1k,kp=0,0.0748,4
2048,n<=16,sr<=40%,kvB<=4k,kp<=1k,0.0412,4
2048,n<=16,sr<=40%,kvB<=4k,kp<=2k,0.0328,4
2048,n<=16,sr<=40%,kvB<=4k,kp<=4k,0.0633,4
2048,n<=16,sr<=40%,kvB<=4k,kp<=512,0.101,4
2048,n<=16,sr<=40%,kvB<=4k,kp<=8k,0.1145,4
2048,n<=16,sr<=40%,kvB<=4k,kp=0,0.0739,4
2048,n<=16,sr<=70%,kvB<=16k,kp<=1k,0.0658,2
2048,n<=16,sr<=70%,kvB<=16k,kp<=2k,0.0932,2
2048,n<=16,sr<=70%,kvB<=16k,kp<=4k,0.0594,2
2048,n<=16,sr<=70%,kvB<=16k,kp<=512,0.0229,2
2048,n<=16,sr<=70%,kvB<=16k,kp<=8k,0.0494,2
2048,n<=16,sr<=70%,kvB<=16k,kp=0,0.0528,2
2048,n<=16,sr<=70%,kvB<=1k,kp<=1k,0.1875,2
2048,n<=16,sr<=70%,kvB<=1k,kp<=2k,0.1426,2
2048,n<=16,sr<=70%,kvB<=1k,kp<=4k,0.737,2
2048,n<=16,sr<=70%,kvB<=1k,kp<=512,0.0842,2
2048,n<=16,sr<=70%,kvB<=1k,kp<=8k,1.1148,1
2048,n<=16,sr<=70%,kvB<=1k,kp=0,-0.4675,2
2048,n<=16,sr<=70%,kvB<=4k,kp<=1k,0.0394,2
2048,n<=16,sr<=70%,kvB<=4k,kp<=2k,-0.1975,2
2048,n<=16,sr<=70%,kvB<=4k,kp<=4k,-0.0923,2
2048,n<=16,sr<=70%,kvB<=4k,kp<=512,0.1753,2
2048,n<=16,sr<=70%,kvB<=4k,kp<=8k,0.0526,2
2048,n<=16,sr<=70%,kvB<=4k,kp=0,0.1358,2
2048,n<=16,sr>70%,kvB<=16k,kp<=1k,0.0942,4
2048,n<=16,sr>70%,kvB<=16k,kp<=2k,-0.016,4
2048,n<=16,sr>70%,kvB<=16k,kp<=4k,0.0868,4
2048,n<=16,sr>70%,kvB<=16k,kp<=512,0.0358,4
2048,n<=16,sr>70%,kvB<=16k,kp<=8k,0.2157,4
2048,n<=16,sr>70%,kvB<=16k,kp=0,0.0852,4
2048,n<=16,sr>70%,kvB<=1k,kp<=1k,0.5336,4
2048,n<=16,sr>70%,kvB<=1k,kp<=2k,0.6146,4
2048,n<=16,sr>70%,kvB<=1k,kp<=4k,-0.3349,4
2048,n<=16,sr>70%,kvB<=1k,kp<=512,-0.0778,3
2048,n<=16,sr>70%,kvB<=1k,kp<=8k,1.0358,3
2048,n<=16,sr>70%,kvB<=1k,kp=0,0.2233,4
2048,n<=16,sr>70%,kvB<=4k,kp<=1k,0.3044,4
2048,n<=16,sr>70%,kvB<=4k,kp<=2k,-0.1932,3
2048,n<=16,sr>70%,kvB<=4k,kp<=4k,0.5801,3
2048,n<=16,sr>70%,kvB<=4k,kp<=512,-0.1393,4
2048,n<=16,sr>70%,kvB<=4k,kp<=8k,-0.1699,4
2048,n<=16,sr>70%,kvB<=4k,kp=0,-0.0675,4
2048,n<=2,sr<=70%,kvB<=16k,kp<=1k,0.4853,2
2048,n<=2,sr<=70%,kvB<=16k,kp<=2k,0.404,2
2048,n<=2,sr<=70%,kvB<=16k,kp<=4k,0.4067,2
2048,n<=2,sr<=70%,kvB<=16k,kp<=512,0.4932,2
2048,n<=2,sr<=70%,kvB<=16k,kp<=8k,0.3641,1
2048,n<=2,sr<=70%,kvB<=16k,kp=0,0.4083,2
2048,n<=2,sr<=70%,kvB<=1k,kp<=1k,1.5338,2
2048,n<=2,sr<=70%,kvB<=1k,kp<=512,0.9419,2
2048,n<=2,sr<=70%,kvB<=1k,kp<=8k,-4.8567,1
2048,n<=2,sr<=70%,kvB<=1k,kp=0,1.1138,2
2048,n<=2,sr<=70%,kvB<=4k,kp<=1k,0.462,2
2048,n<=2,sr<=70%,kvB<=4k,kp<=2k,0.386,2
2048,n<=2,sr<=70%,kvB<=4k,kp<=512,0.3563,2
2048,n<=2,sr<=70%,kvB<=4k,kp<=8k,0.4774,2
2048,n<=2,sr<=70%,kvB<=4k,kp=0,0.4816,2
2048,n<=32,sr<=15%,kvB<=16k,kp<=1k,0.0239,6
2048,n<=32,sr<=15%,kvB<=16k,kp<=2k,0.0159,6
2048,n<=32,sr<=15%,kvB<=16k,kp<=4k,0.0316,6
2048,n<=32,sr<=15%,kvB<=16k,kp<=512,0.0309,6
2048,n<=32,sr<=15%,kvB<=16k,kp<=8k,0.0261,6
2048,n<=32,sr<=15%,kvB<=16k,kp=0,0.0203,6
2048,n<=32,sr<=15%,kvB<=1k,kp<=1k,0.0155,6
2048,n<=32,sr<=15%,kvB<=1k,kp<=2k,0.1468,6
2048,n<=32,sr<=15%,kvB<=1k,kp<=4k,0.054,6
2048,n<=32,sr<=15%,kvB<=1k,kp<=512,0.0778,6
2048,n<=32,sr<=15%,kvB<=1k,kp<=8k,0.1132,6
2048,n<=32,sr<=15%,kvB<=1k,kp=0,0.0881,6
2048,n<=32,sr<=15%,kvB<=4k,kp<=1k,0.0352,6
2048,n<=32,sr<=15%,kvB<=4k,kp<=2k,0.0261,6
2048,n<=32,sr<=15%,kvB<=4k,kp<=4k,0.0308,6
2048,n<=32,sr<=15%,kvB<=4k,kp<=512,0.0313,6
2048,n<=32,sr<=15%,kvB<=4k,kp<=8k,0.0014,6
2048,n<=32,sr<=15%,kvB<=4k,kp=0,0.0494,6
2048,n<=32,sr<=40%,kvB<=16k,kp<=1k,0.0293,2
2048,n<=32,sr<=40%,kvB<=16k,kp<=2k,0.0191,2
2048,n<=32,sr<=40%,kvB<=16k,kp<=4k,0.037,2
2048,n<=32,sr<=40%,kvB<=16k,kp<=512,0.032,2
2048,n<=32,sr<=40%,kvB<=16k,kp<=8k,-0.0078,2
2048,n<=32,sr<=40%,kvB<=16k,kp=0,0.0296,2
2048,n<=32,sr<=40%,kvB<=1k,kp<=1k,0.1858,2
2048,n<=32,sr<=40%,kvB<=1k,kp<=2k,0.0477,2
2048,n<=32,sr<=40%,kvB<=1k,kp<=4k,0.0655,2
2048,n<=32,sr<=40%,kvB<=1k,kp<=512,0.1355,2
2048,n<=32,sr<=40%,kvB<=1k,kp<=8k,0.2908,2
2048,n<=32,sr<=40%,kvB<=1k,kp=0,0.0727,2
2048,n<=32,sr<=40%,kvB<=4k,kp<=1k,-0.0164,2
2048,n<=32,sr<=40%,kvB<=4k,kp<=2k,0.0734,2
2048,n<=32,sr<=40%,kvB<=4k,kp<=4k,-0.0043,2
2048,n<=32,sr<=40%,kvB<=4k,kp<=512,0.0311,2
2048,n<=32,sr<=40%,kvB<=4k,kp<=8k,0.0062,2
2048,n<=32,sr<=40%,kvB<=4k,kp=0,0.0527,2
2048,n<=32,sr<=5%,kvB<=16k,kp<=1k,0.0372,2
2048,n<=32,sr<=5%,kvB<=16k,kp<=2k,0.0264,2
2048,n<=32,sr<=5%,kvB<=16k,kp<=4k,0.0349,2
2048,n<=32,sr<=5%,kvB<=16k,kp<=512,0.0382,2
2048,n<=32,sr<=5%,kvB<=16k,kp<=8k,0.0241,2
2048,n<=32,sr<=5%,kvB<=16k,kp=0,0.0235,2
2048,n<=32,sr<=5%,kvB<=1k,kp<=1k,0.1527,2
2048,n<=32,sr<=5%,kvB<=1k,kp<=2k,-0.0099,2
2048,n<=32,sr<=5%,kvB<=1k,kp<=4k,-0.007,2
2048,n<=32,sr<=5%,kvB<=1k,kp<=512,0.1026,2
2048,n<=32,sr<=5%,kvB<=1k,kp<=8k,0.2784,2
2048,n<=32,sr<=5%,kvB<=1k,kp=0,0.0457,2
2048,n<=32,sr<=5%,kvB<=4k,kp<=1k,0.0356,2
2048,n<=32,sr<=5%,kvB<=4k,kp<=2k,0.0581,2
2048,n<=32,sr<=5%,kvB<=4k,kp<=4k,-0.0378,2
2048,n<=32,sr<=5%,kvB<=4k,kp<=512,0.0543,2
2048,n<=32,sr<=5%,kvB<=4k,kp<=8k,0.0815,2
2048,n<=32,sr<=5%,kvB<=4k,kp=0,0.0486,2
2048,n<=32,sr<=70%,kvB<=16k,kp<=1k,0.0099,2
2048,n<=32,sr<=70%,kvB<=16k,kp<=2k,0.0143,2
2048,n<=32,sr<=70%,kvB<=16k,kp<=4k,0.0247,2
2048,n<=32,sr<=70%,kvB<=16k,kp<=512,0.0165,2
2048,n<=32,sr<=70%,kvB<=16k,kp<=8k,0.0222,2
2048,n<=32,sr<=70%,kvB<=16k,kp=0,0.0063,2
2048,n<=32,sr<=70%,kvB<=1k,kp<=1k,-0.0147,2
2048,n<=32,sr<=70%,kvB<=1k,kp<=2k,0.3262,2
2048,n<=32,sr<=70%,kvB<=1k,kp<=4k,0.4493,2
2048,n<=32,sr<=70%,kvB<=1k,kp<=512,0.2666,2
2048,n<=32,sr<=70%,kvB<=1k,kp<=8k,-0.2156,2
2048,n<=32,sr<=70%,kvB<=1k,kp=0,0.088,2
2048,n<=32,sr<=70%,kvB<=4k,kp<=1k,-0.0723,2
2048,n<=32,sr<=70%,kvB<=4k,kp<=2k,0.1697,2
2048,n<=32,sr<=70%,kvB<=4k,kp<=4k,0.048,2
2048,n<=32,sr<=70%,kvB<=4k,kp<=512,-0.0518,2
2048,n<=32,sr<=70%,kvB<=4k,kp<=8k,0.0078,2
2048,n<=32,sr<=70%,kvB<=4k,kp=0,0.0229,2
2048,n<=32,sr>70%,kvB<=16k,kp<=1k,0.053,4
2048,n<=32,sr>70%,kvB<=16k,kp<=2k,-0.0425,4
2048,n<=32,sr>70%,kvB<=16k,kp<=4k,0.0772,4
2048,n<=32,sr>70%,kvB<=16k,kp<=512,0.0591,4
2048,n<=32,sr>70%,kvB<=16k,kp<=8k,0.0617,4
2048,n<=32,sr>70%,kvB<=16k,kp=0,0.0727,4
2048,n<=32,sr>70%,kvB<=1k,kp<=1k,0.5479,4
2048,n<=32,sr>70%,kvB<=1k,kp<=2k,0.2909,3
2048,n<=32,sr>70%,kvB<=1k,kp<=4k,0.8625,2
2048,n<=32,sr>70%,kvB<=1k,kp<=512,-0.0049,4
2048,n<=32,sr>70%,kvB<=1k,kp<=8k,0.6689,4
2048,n<=32,sr>70%,kvB<=1k,kp=0,0.304,4
2048,n<=32,sr>70%,kvB<=4k,kp<=1k,0.0302,4
2048,n<=32,sr>70%,kvB<=4k,kp<=2k,0.2351,4
2048,n<=32,sr>70%,kvB<=4k,kp<=4k,-0.2898,4
2048,n<=32,sr>70%,kvB<=4k,kp<=512,0.0861,4
2048,n<=32,sr>70%,kvB<=4k,kp<=8k,0.1037,4
2048,n<=32,sr>70%,kvB<=4k,kp=0,0.0494,4
2048,n<=4,sr<=40%,kvB<=16k,kp<=1k,0.3657,2
2048,n<=4,sr<=40%,kvB<=16k,kp<=2k,0.2504,2
2048,n<=4,sr<=40%,kvB<=16k,kp<=4k,0.364,2
2048,n<=4,sr<=40%,kvB<=16k,kp<=512,0.248,2
2048,n<=4,sr<=40%,kvB<=16k,kp<=8k,0.2627,2
2048,n<=4,sr<=40%,kvB<=16k,kp=0,0.2898,2
2048,n<=4,sr<=40%,kvB<=1k,kp<=1k,0.0062,2
2048,n<=4,sr<=40%,kvB<=1k,kp<=2k,0.2929,2
2048,n<=4,sr<=40%,kvB<=1k,kp<=4k,1.1142,2
2048,n<=4,sr<=40%,kvB<=1k,kp<=512,0.4676,2
2048,n<=4,sr<=40%,kvB<=1k,kp<=8k,-2.8791,1
2048,n<=4,sr<=40%,kvB<=1k,kp=0,-0.161,2
2048,n<=4,sr<=40%,kvB<=4k,kp<=1k,0.2471,2
2048,n<=4,sr<=40%,kvB<=4k,kp<=2k,-0.027,2
2048,n<=4,sr<=40%,kvB<=4k,kp<=4k,-1.7609,2
2048,n<=4,sr<=40%,kvB<=4k,kp<=512,0.1302,2
2048,n<=4,sr<=40%,kvB<=4k,kp<=8k,0.48,2
2048,n<=4,sr<=40%,kvB<=4k,kp=0,0.3465,2
2048,n<=4,sr<=70%,kvB<=16k,kp<=1k,0.3877,2
2048,n<=4,sr<=70%,kvB<=16k,kp<=2k,0.3516,2
2048,n<=4,sr<=70%,kvB<=16k,kp<=4k,0.049,2
2048,n<=4,sr<=70%,kvB<=16k,kp<=512,0.325,2
2048,n<=4,sr<=70%,kvB<=16k,kp<=8k,0.4785,1
2048,n<=4,sr<=70%,kvB<=16k,kp=0,0.2333,2
2048,n<=4,sr<=70%,kvB<=1k,kp<=1k,1.4288,1
2048,n<=4,sr<=70%,kvB<=1k,kp<=2k,-0.2324,2
2048,n<=4,sr<=70%,kvB<=1k,kp<=4k,-0.6414,1
2048,n<=4,sr<=70%,kvB<=1k,kp<=512,0.0122,2
2048,n<=4,sr<=70%,kvB<=1k,kp<=8k,1.2147,1
2048,n<=4,sr<=70%,kvB<=1k,kp=0,-1.6325,1
2048,n<=4,sr<=70%,kvB<=4k,kp<=1k,0.4023,2
2048,n<=4,sr<=70%,kvB<=4k,kp<=2k,-0.3017,2
2048,n<=4,sr<=70%,kvB<=4k,kp<=4k,0.6726,2
2048,n<=4,sr<=70%,kvB<=4k,kp<=512,0.149,2
2048,n<=4,sr<=70%,kvB<=4k,kp<=8k,0.5243,2
2048,n<=4,sr<=70%,kvB<=4k,kp=0,0.1705,2
2048,n<=4,sr>70%,kvB<=16k,kp<=1k,0.3535,2
2048,n<=4,sr>70%,kvB<=16k,kp<=2k,0.4904,2
2048,n<=4,sr>70%,kvB<=16k,kp<=4k,0.3708,2
2048,n<=4,sr>70%,kvB<=16k,kp<=512,0.351,2
2048,n<=4,sr>70%,kvB<=16k,kp<=8k,-0.3264,2
2048,n<=4,sr>70%,kvB<=16k,kp=0,0.1918,2
2048,n<=4,sr>70%,kvB<=1k,kp<=1k,0.529,1
2048,n<=4,sr>70%,kvB<=1k,kp<=2k,7.6414,1
2048,n<=4,sr>70%,kvB<=1k,kp<=512,-4.1128,1
2048,n<=4,sr>70%,kvB<=1k,kp<=8k,0.936,1
2048,n<=4,sr>70%,kvB<=1k,kp=0,0.6723,1
2048,n<=4,sr>70%,kvB<=4k,kp<=1k,0.1773,2
2048,n<=4,sr>70%,kvB<=4k,kp<=2k,0.054,2
2048,n<=4,sr>70%,kvB<=4k,kp<=4k,1.0124,2
2048,n<=4,sr>70%,kvB<=4k,kp<=512,1.0059,2
2048,n<=4,sr>70%,kvB<=4k,kp<=8k,0.9696,1
2048,n<=4,sr>70%,kvB<=4k,kp=0,0.6434,2
2048,n<=64,sr<=15%,kvB<=16k,kp<=1k,-0.0033,4
2048,n<=64,sr<=15%,kvB<=16k,kp<=2k,-0.0008,4
2048,n<=64,sr<=15%,kvB<=16k,kp<=4k,0.0066,4
2048,n<=64,sr<=15%,kvB<=16k,kp<=512,-0.0047,4
2048,n<=64,sr<=15%,kvB<=16k,kp<=8k,0.0112,4
2048,n<=64,sr<=15%,kvB<=16k,kp=0,-0.0035,4
2048,n<=64,sr<=15%,kvB<=1k,kp<=1k,0.0736,4
2048,n<=64,sr<=15%,kvB<=1k,kp<=2k,0.028,4
2048,n<=64,sr<=15%,kvB<=1k,kp<=4k,0.1455,4
2048,n<=64,sr<=15%,kvB<=1k,kp<=512,0.1504,4
2048,n<=64,sr<=15%,kvB<=1k,kp<=8k,0.1284,4
2048,n<=64,sr<=15%,kvB<=1k,kp=0,0.0612,4
2048,n<=64,sr<=15%,kvB<=4k,kp<=1k,0.0246,4
2048,n<=64,sr<=15%,kvB<=4k,kp<=2k,-0.0007,4
2048,n<=64,sr<=15%,kvB<=4k,kp<=4k,0.0045,4
2048,n<=64,sr<=15%,kvB<=4k,kp<=512,-0.0038,4
2048,n<=64,sr<=15%,kvB<=4k,kp<=8k,0.0026,4
2048,n<=64,sr<=15%,kvB<=4k,kp=0,0.0212,4
2048,n<=64,sr<=40%,kvB<=16k,kp<=1k,-0.0224,2
2048,n<=64,sr<=40%,kvB<=16k,kp<=2k,-0.0154,2
2048,n<=64,sr<=40%,kvB<=16k,kp<=4k,-0.0041,2
2048,n<=64,sr<=40%,kvB<=16k,kp<=512,-0.021,2
2048,n<=64,sr<=40%,kvB<=16k,kp<=8k,0.0018,2
2048,n<=64,sr<=40%,kvB<=16k,kp=0,-0.0172,2
2048,n<=64,sr<=40%,kvB<=1k,kp<=1k,-0.0079,2
2048,n<=64,sr<=40%,kvB<=1k,kp<=2k,0.251,2
2048,n<=64,sr<=40%,kvB<=1k,kp<=4k,0.1772,2
2048,n<=64,sr<=40%,kvB<=1k,kp<=512,0.1334,2
2048,n<=64,sr<=40%,kvB<=1k,kp<=8k,-0.3326,2
2048,n<=64,sr<=40%,kvB<=1k,kp=0,0.1588,2
2048,n<=64,sr<=40%,kvB<=4k,kp<=1k,0.0384,2
2048,n<=64,sr<=40%,kvB<=4k,kp<=2k,-0.016,2
2048,n<=64,sr<=40%,kvB<=4k,kp<=4k,-0.0595,2
2048,n<=64,sr<=40%,kvB<=4k,kp<=512,-0.0188,2
2048,n<=64,sr<=40%,kvB<=4k,kp<=8k,-0.0446,2
2048,n<=64,sr<=40%,kvB<=4k,kp=0,0.0006,2
2048,n<=64,sr<=5%,kvB<=16k,kp<=1k,0.0124,6
2048,n<=64,sr<=5%,kvB<=16k,kp<=2k,0.0122,6
2048,n<=64,sr<=5%,kvB<=16k,kp<=4k,0.0112,6
2048,n<=64,sr<=5%,kvB<=16k,kp<=512,0.0095,6
2048,n<=64,sr<=5%,kvB<=16k,kp<=8k,0.0116,6
2048,n<=64,sr<=5%,kvB<=16k,kp=0,0.0075,6
2048,n<=64,sr<=5%,kvB<=1k,kp<=1k,0.0557,6
2048,n<=64,sr<=5%,kvB<=1k,kp<=2k,0.0595,6
2048,n<=64,sr<=5%,kvB<=1k,kp<=4k,0.002,6
2048,n<=64,sr<=5%,kvB<=1k,kp<=512,0.1084,6
2048,n<=64,sr<=5%,kvB<=1k,kp<=8k,0.0559,6
2048,n<=64,sr<=5%,kvB<=1k,kp=0,0.0667,6
2048,n<=64,sr<=5%,kvB<=4k,kp<=1k,-0.0072,6
2048,n<=64,sr<=5%,kvB<=4k,kp<=2k,-0.0133,6
2048,n<=64,sr<=5%,kvB<=4k,kp<=4k,0.0201,6
2048,n<=64,sr<=5%,kvB<=4k,kp<=512,0.0144,6
2048,n<=64,sr<=5%,kvB<=4k,kp<=8k,-0.0117,6
2048,n<=64,sr<=5%,kvB<=4k,kp=0,0.0218,6
2048,n<=64,sr<=70%,kvB<=16k,kp<=1k,-0.0479,2
2048,n<=64,sr<=70%,kvB<=16k,kp<=2k,-0.0336,2
2048,n<=64,sr<=70%,kvB<=16k,kp<=4k,-0.0415,2
2048,n<=64,sr<=70%,kvB<=16k,kp<=512,-0.0462,2
2048,n<=64,sr<=70%,kvB<=16k,kp<=8k,-0.0173,2
2048,n<=64,sr<=70%,kvB<=16k,kp=0,-0.0345,2
2048,n<=64,sr<=70%,kvB<=1k,kp<=1k,-0.0017,2
2048,n<=64,sr<=70%,kvB<=1k,kp<=2k,0.1267,2
2048,n<=64,sr<=70%,kvB<=1k,kp<=4k,-0.0437,2
2048,n<=64,sr<=70%,kvB<=1k,kp<=512,-0.0559,2
2048,n<=64,sr<=70%,kvB<=1k,kp<=8k,0.3731,2
2048,n<=64,sr<=70%,kvB<=1k,kp=0,0.119,2
2048,n<=64,sr<=70%,kvB<=4k,kp<=1k,-0.0256,2
2048,n<=64,sr<=70%,kvB<=4k,kp<=2k,-0.0197,2
2048,n<=64,sr<=70%,kvB<=4k,kp<=4k,0.0246,2
2048,n<=64,sr<=70%,kvB<=4k,kp<=512,0.007,2
2048,n<=64,sr<=70%,kvB<=4k,kp<=8k,-0.1087,2
2048,n<=64,sr<=70%,kvB<=4k,kp=0,-0.0797,2
2048,n<=64,sr>70%,kvB<=16k,kp<=1k,-0.1039,4
2048,n<=64,sr>70%,kvB<=16k,kp<=2k,-0.0484,4
2048,n<=64,sr>70%,kvB<=16k,kp<=4k,-0.1365,4
2048,n<=64,sr>70%,kvB<=16k,kp<=512,-0.0915,4
2048,n<=64,sr>70%,kvB<=16k,kp<=8k,0.0042,4
2048,n<=64,sr>70%,kvB<=16k,kp=0,-0.0734,4
2048,n<=64,sr>70%,kvB<=1k,kp<=1k,0.0817,3
2048,n<=64,sr>70%,kvB<=1k,kp<=2k,0.2606,4
2048,n<=64,sr>70%,kvB<=1k,kp<=4k,0.473,4
2048,n<=64,sr>70%,kvB<=1k,kp<=512,0.4544,4
2048,n<=64,sr>70%,kvB<=1k,kp<=8k,0.4542,3
2048,n<=64,sr>70%,kvB<=1k,kp=0,0.2995,4
2048,n<=64,sr>70%,kvB<=4k,kp<=1k,0.0616,4
2048,n<=64,sr>70%,kvB<=4k,kp<=2k,0.1318,4
2048,n<=64,sr>70%,kvB<=4k,kp<=4k,-0.0223,4
2048,n<=64,sr>70%,kvB<=4k,kp<=512,0.0018,4
2048,n<=64,sr>70%,kvB<=4k,kp<=8k,-0.0155,4
2048,n<=64,sr>70%,kvB<=4k,kp=0,0.0525,4
2048,n<=8,sr<=15%,kvB<=16k,kp<=1k,0.159,2
2048,n<=8,sr<=15%,kvB<=16k,kp<=2k,0.1703,2
2048,n<=8,sr<=15%,kvB<=16k,kp<=4k,0.1124,2
2048,n<=8,sr<=15%,kvB<=16k,kp<=512,0.1239,2
2048,n<=8,sr<=15%,kvB<=16k,kp<=8k,0.1587,2
2048,n<=8,sr<=15%,kvB<=16k,kp=0,0.1444,2
2048,n<=8,sr<=15%,kvB<=1k,kp<=1k,0.278,2
2048,n<=8,sr<=15%,kvB<=1k,kp<=2k,0.1365,2
2048,n<=8,sr<=15%,kvB<=1k,kp<=4k,0.1223,2
2048,n<=8,sr<=15%,kvB<=1k,kp<=512,0.4128,2
2048,n<=8,sr<=15%,kvB<=1k,kp<=8k,8.4491,1
2048,n<=8,sr<=15%,kvB<=1k,kp=0,0.1112,2
2048,n<=8,sr<=15%,kvB<=4k,kp<=1k,0.0728,2
2048,n<=8,sr<=15%,kvB<=4k,kp<=2k,0.0661,2
2048,n<=8,sr<=15%,kvB<=4k,kp<=4k,0.1392,2
2048,n<=8,sr<=15%,kvB<=4k,kp<=512,0.0916,2
2048,n<=8,sr<=15%,kvB<=4k,kp<=8k,-0.075,2
2048,n<=8,sr<=15%,kvB<=4k,kp=0,0.1006,2
2048,n<=8,sr<=40%,kvB<=16k,kp<=1k,0.1782,4
2048,n<=8,sr<=40%,kvB<=16k,kp<=2k,0.1605,4
2048,n<=8,sr<=40%,kvB<=16k,kp<=4k,0.1874,4
2048,n<=8,sr<=40%,kvB<=16k,kp<=512,0.1559,4
2048,n<=8,sr<=40%,kvB<=16k,kp<=8k,0.0664,4
2048,n<=8,sr<=40%,kvB<=16k,kp=0,0.1302,4
2048,n<=8,sr<=40%,kvB<=1k,kp<=1k,0.222,3
2048,n<=8,sr<=40%,kvB<=1k,kp<=2k,0.152,4
2048,n<=8,sr<=40%,kvB<=1k,kp<=4k,0.1452,4
2048,n<=8,sr<=40%,kvB<=1k,kp<=512,-0.1638,4
2048,n<=8,sr<=40%,kvB<=1k,kp<=8k,0.3222,4
2048,n<=8,sr<=40%,kvB<=1k,kp=0,0.0649,4
2048,n<=8,sr<=40%,kvB<=4k,kp<=1k,0.0468,4
2048,n<=8,sr<=40%,kvB<=4k,kp<=2k,-0.0261,4
2048,n<=8,sr<=40%,kvB<=4k,kp<=4k,-0.2451,4
2048,n<=8,sr<=40%,kvB<=4k,kp<=512,0.1492,4
2048,n<=8,sr<=40%,kvB<=4k,kp<=8k,-0.1266,4
2048,n<=8,sr<=40%,kvB<=4k,kp=0,0.1173,4
2048,n<=8,sr<=70%,kvB<=16k,kp<=1k,0.1504,2
2048,n<=8,sr<=70%,kvB<=16k,kp<=2k,0.1723,2
2048,n<=8,sr<=70%,kvB<=16k,kp<=4k,0.1462,2
2048,n<=8,sr<=70%,kvB<=16k,kp<=512,0.1632,2
2048,n<=8,sr<=70%,kvB<=16k,kp<=8k,0.2278,2
2048,n<=8,sr<=70%,kvB<=16k,kp=0,0.153,2
2048,n<=8,sr<=70%,kvB<=1k,kp<=1k,0.2194,1
2048,n<=8,sr<=70%,kvB<=1k,kp<=2k,0.5484,2
2048,n<=8,sr<=70%,kvB<=1k,kp<=4k,-0.1802,1
2048,n<=8,sr<=70%,kvB<=1k,kp<=512,0.046,2
2048,n<=8,sr<=70%,kvB<=1k,kp<=8k,0.7213,1
2048,n<=8,sr<=70%,kvB<=1k,kp=0,0.2707,2
2048,n<=8,sr<=70%,kvB<=4k,kp<=1k,-0.0217,2
2048,n<=8,sr<=70%,kvB<=4k,kp<=2k,-0.0642,2
2048,n<=8,sr<=70%,kvB<=4k,kp<=4k,0.0855,2
2048,n<=8,sr<=70%,kvB<=4k,kp<=512,0.1909,2
2048,n<=8,sr<=70%,kvB<=4k,kp<=8k,-0.2225,2
2048,n<=8,sr<=70%,kvB<=4k,kp=0,0.2612,2
2048,n<=8,sr>70%,kvB<=16k,kp<=1k,0.1685,4
2048,n<=8,sr>70%,kvB<=16k,kp<=2k,-0.1256,4
2048,n<=8,sr>70%,kvB<=16k,kp<=4k,0.091,3
2048,n<=8,sr>70%,kvB<=16k,kp<=512,0.0348,4
2048,n<=8,sr>70%,kvB<=16k,kp<=8k,0.123,3
2048,n<=8,sr>70%,kvB<=16k,kp=0,0.0645,4
2048,n<=8,sr>70%,kvB<=1k,kp<=1k,1.0692,2
2048,n<=8,sr>70%,kvB<=1k,kp<=2k,0.3952,4
2048,n<=8,sr>70%,kvB<=1k,kp<=4k,1.755,3
2048,n<=8,sr>70%,kvB<=1k,kp<=512,0.1728,4
2048,n<=8,sr>70%,kvB<=1k,kp<=8k,2.1672,2
2048,n<=8,sr>70%,kvB<=1k,kp=0,0.498,4
2048,n<=8,sr>70%,kvB<=4k,kp<=1k,0.4215,4
2048,n<=8,sr>70%,kvB<=4k,kp<=2k,0.3305,2
2048,n<=8,sr>70%,kvB<=4k,kp<=4k,1.1643,3
2048,n<=8,sr>70%,kvB<=4k,kp<=512,0.3374,3
2048,n<=8,sr>70%,kvB<=4k,kp<=8k,-1.0895,1
2048,n<=8,sr>70%,kvB<=4k,kp=0,-0.0362,4
